InvoiceNo,StockCode,Description,Quantity,InvoiceDate,UnitPrice,CustomerID,Country,IsCancellationInvoice,IsReturnAdjustment,IsCancelled,Revenue,GrossSales,ReturnValue,OrderID,Year,Month,DayOfWeek,Weekday,Hour,IsProduct
100000,P109,Desk Organizer,1,2011-07-31 13:00:00,11.99,12487,Spain,False,False,False,11.99,11.99,0.0,100000,2011,2011-07,Sunday,6,13,True
100000,P101,Ceramic Mug,3,2011-07-31 13:00:00,7.15,12487,Spain,False,False,False,21.450000000000003,21.450000000000003,0.0,100000,2011,2011-07,Sunday,6,13,True
100001,P106,Glass Jar,1,2011-09-16 15:00:00,5.04,12631,Australia,False,False,False,5.04,5.04,0.0,100001,2011,2011-09,Friday,4,15,True
100001,P109,Desk Organizer,3,2011-09-16 15:00:00,10.87,12631,Spain,False,False,False,32.61,32.61,0.0,100001,2011,2011-09,Friday,4,15,True
100002,P102,Notebook,4,2011-05-14 18:00:00,4.07,12672,Australia,False,False,False,16.28,16.28,0.0,100002,2011,2011-05,Saturday,5,18,True
100002,P107,Photo Frame,2,2011-05-14 18:00:00,8.14,12672,Spain,False,False,False,16.28,16.28,0.0,100002,2011,2011-05,Saturday,5,18,True
100002,P108,Tea Set,5,2011-05-14 18:00:00,16.78,12672,Netherlands,False,False,False,83.9,83.9,0.0,100002,2011,2011-05,Saturday,5,18,True
100003,P109,Desk Organizer,4,2011-05-26 14:00:00,12.11,12053,Netherlands,False,False,False,48.44,48.44,0.0,100003,2011,2011-05,Thursday,3,14,True
100003,P104,Candle Set,3,2011-05-26 14:00:00,10.6,12053,Netherlands,False,False,False,31.799999999999997,31.799999999999997,0.0,100003,2011,2011-05,Thursday,3,14,True
100003,P101,Ceramic Mug,95,2011-05-26 14:00:00,7.9,12053,Spain,False,False,False,750.5,750.5,0.0,100003,2011,2011-05,Thursday,3,14,True
100004,P104,Candle Set,1,2011-08-03 11:00:00,10.31,12422,India,False,False,False,10.31,10.31,0.0,100004,2011,2011-08,Wednesday,2,11,True
100004,P110,Gift Wrap,2,2011-08-03 11:00:00,2.49,12422,India,False,False,False,4.98,4.98,0.0,100004,2011,2011-08,Wednesday,2,11,True
100004,P106,Glass Jar,6,2011-08-03 11:00:00,5.55,12422,France,False,False,False,33.3,33.3,0.0,100004,2011,2011-08,Wednesday,2,11,True
100004,P105,Tote Bag,6,2011-08-03 11:00:00,7.24,12422,India,False,False,False,43.44,43.44,0.0,100004,2011,2011-08,Wednesday,2,11,True
100005,P103,Wall Clock,2,2011-02-25 18:00:00,13.33,12013,Netherlands,False,False,False,26.66,26.66,0.0,100005,2011,2011-02,Friday,4,18,True
100005,P110,Gift Wrap,2,2011-02-25 18:00:00,2.26,12013,Germany,False,False,False,4.52,4.52,0.0,100005,2011,2011-02,Friday,4,18,True
100006,P108,Tea Set,4,2010-12-09 17:00:00,18.21,12021,France,False,False,False,72.84,72.84,0.0,100006,2010,2010-12,Thursday,3,17,True
100006,P105,Tote Bag,3,2010-12-09 17:00:00,6.87,12021,Netherlands,False,False,False,20.61,20.61,0.0,100006,2010,2010-12,Thursday,3,17,True
100006,P106,Glass Jar,1,2010-12-09 17:00:00,6.27,12021,Germany,False,False,False,6.27,6.27,0.0,100006,2010,2010-12,Thursday,3,17,True
100007,P102,Notebook,2,2011-06-02 16:00:00,3.85,12614,Spain,False,False,False,7.7,7.7,0.0,100007,2011,2011-06,Thursday,3,16,True
100007,P109,Desk Organizer,1,2011-06-02 16:00:00,11.15,12614,United Kingdom,False,False,False,11.15,11.15,0.0,100007,2011,2011-06,Thursday,3,16,True
100008,P101,Ceramic Mug,2,2011-08-24 11:00:00,7.61,12047,India,False,False,False,15.22,15.22,0.0,100008,2011,2011-08,Wednesday,2,11,True
100008,P109,Desk Organizer,2,2011-08-24 11:00:00,11.04,12047,Netherlands,False,False,False,22.08,22.08,0.0,100008,2011,2011-08,Wednesday,2,11,True
100008,P105,Tote Bag,3,2011-08-24 11:00:00,6.39,12047,Netherlands,False,False,False,19.169999999999998,19.169999999999998,0.0,100008,2011,2011-08,Wednesday,2,11,True
100008,P111,Serving Bowl,9,2011-08-24 11:00:00,13.67,12047,United Kingdom,False,False,False,123.03,123.03,0.0,100008,2011,2011-08,Wednesday,2,11,True
100009,P103,Wall Clock,2,2011-12-02 14:00:00,12.76,12629,France,False,False,False,25.52,25.52,0.0,100009,2011,2011-12,Friday,4,14,True
100009,P107,Photo Frame,6,2011-12-02 14:00:00,8.39,12629,Spain,False,False,False,50.34,50.34,0.0,100009,2011,2011-12,Friday,4,14,True
100010,P108,Tea Set,2,2011-01-29 14:00:00,16.3,12641,Germany,False,False,False,32.6,32.6,0.0,100010,2011,2011-01,Saturday,5,14,True
100010,P104,Candle Set,3,2011-01-29 14:00:00,10.28,12641,Spain,False,False,False,30.839999999999996,30.839999999999996,0.0,100010,2011,2011-01,Saturday,5,14,True
100010,P103,Wall Clock,1,2011-01-29 14:00:00,12.13,12641,United Kingdom,False,False,False,12.13,12.13,0.0,100010,2011,2011-01,Saturday,5,14,True
100011,P101,Ceramic Mug,1,2011-08-01 19:00:00,7.97,12443,India,False,False,False,7.97,7.97,0.0,100011,2011,2011-08,Monday,0,19,True
100011,P106,Glass Jar,6,2011-08-01 19:00:00,6.26,12443,Netherlands,False,False,False,37.56,37.56,0.0,100011,2011,2011-08,Monday,0,19,True
100011,P102,Notebook,2,2011-08-01 19:00:00,4.31,12443,Germany,False,False,False,8.62,8.62,0.0,100011,2011,2011-08,Monday,0,19,True
100011,P110,Gift Wrap,4,2011-08-01 19:00:00,2.42,12443,Australia,False,False,False,9.68,9.68,0.0,100011,2011,2011-08,Monday,0,19,True
100012,P109,Desk Organizer,8,2011-12-03 09:00:00,11.72,12598,France,False,False,False,93.76,93.76,0.0,100012,2011,2011-12,Saturday,5,9,True
100012,P108,Tea Set,7,2011-12-03 09:00:00,19.56,12598,Germany,False,False,False,136.92,136.92,0.0,100012,2011,2011-12,Saturday,5,9,True
100012,P102,Notebook,1,2011-12-03 09:00:00,3.54,12598,United Kingdom,False,False,False,3.54,3.54,0.0,100012,2011,2011-12,Saturday,5,9,True
100013,P101,Ceramic Mug,9,2011-10-27 09:00:00,7.88,12541,Germany,False,False,False,70.92,70.92,0.0,100013,2011,2011-10,Thursday,3,9,True
100013,P104,Candle Set,3,2011-10-27 09:00:00,8.94,12541,Australia,False,False,False,26.82,26.82,0.0,100013,2011,2011-10,Thursday,3,9,True
100013,P107,Photo Frame,9,2011-10-27 09:00:00,8.77,12541,Australia,False,False,False,78.92999999999999,78.92999999999999,0.0,100013,2011,2011-10,Thursday,3,9,True
100014,P105,Tote Bag,6,2011-01-15 19:00:00,6.06,12235,Spain,False,False,False,36.36,36.36,0.0,100014,2011,2011-01,Saturday,5,19,True
100014,P106,Glass Jar,2,2011-01-15 19:00:00,5.62,12235,France,False,False,False,11.24,11.24,0.0,100014,2011,2011-01,Saturday,5,19,True
100014,P107,Photo Frame,9,2011-01-15 19:00:00,9.28,12235,Netherlands,False,False,False,83.52,83.52,0.0,100014,2011,2011-01,Saturday,5,19,True
100015,P107,Photo Frame,1,2011-07-09 14:00:00,8.24,12005,India,False,False,False,8.24,8.24,0.0,100015,2011,2011-07,Saturday,5,14,True
100016,P106,Glass Jar,8,2011-11-23 10:00:00,6.05,12320,India,False,False,False,48.4,48.4,0.0,100016,2011,2011-11,Wednesday,2,10,True
100016,P108,Tea Set,1,2011-11-23 10:00:00,18.93,12320,Australia,False,False,False,18.93,18.93,0.0,100016,2011,2011-11,Wednesday,2,10,True
100016,P105,Tote Bag,17,2011-11-23 10:00:00,6.46,12320,Australia,False,False,False,109.82,109.82,0.0,100016,2011,2011-11,Wednesday,2,10,True
100016,P104,Candle Set,7,2011-11-23 10:00:00,11.06,12320,United Kingdom,False,False,False,77.42,77.42,0.0,100016,2011,2011-11,Wednesday,2,10,True
100017,P111,Serving Bowl,13,2011-05-17 11:00:00,13.29,12058,Spain,False,False,False,172.76999999999998,172.76999999999998,0.0,100017,2011,2011-05,Tuesday,1,11,True
100018,P109,Desk Organizer,1,2011-04-12 09:00:00,12.43,12318,Netherlands,False,False,False,12.43,12.43,0.0,100018,2011,2011-04,Tuesday,1,9,True
100019,P105,Tote Bag,2,2011-01-31 14:00:00,6.13,12066,India,False,False,False,12.26,12.26,0.0,100019,2011,2011-01,Monday,0,14,True
100020,P108,Tea Set,3,2011-05-08 15:00:00,20.03,12012,France,False,False,False,60.09,60.09,0.0,100020,2011,2011-05,Sunday,6,15,True
100020,P106,Glass Jar,3,2011-05-08 15:00:00,5.74,12012,India,False,False,False,17.22,17.22,0.0,100020,2011,2011-05,Sunday,6,15,True
100020,P104,Candle Set,4,2011-05-08 15:00:00,9.83,12012,Australia,False,False,False,39.32,39.32,0.0,100020,2011,2011-05,Sunday,6,15,True
100021,P111,Serving Bowl,4,2011-06-12 09:00:00,15.96,12023,Spain,False,False,False,63.84,63.84,0.0,100021,2011,2011-06,Sunday,6,9,True
100021,P109,Desk Organizer,4,2011-06-12 09:00:00,12.04,12023,Spain,False,False,False,48.16,48.16,0.0,100021,2011,2011-06,Sunday,6,9,True
100021,P100,Gift Box,2,2011-06-12 09:00:00,5.01,12023,India,False,False,False,10.02,10.02,0.0,100021,2011,2011-06,Sunday,6,9,True
100021,P104,Candle Set,1,2011-06-12 09:00:00,10.49,12023,United Kingdom,False,False,False,10.49,10.49,0.0,100021,2011,2011-06,Sunday,6,9,True
100022,P101,Ceramic Mug,1,2011-03-09 13:00:00,7.07,12032,United Kingdom,False,False,False,7.07,7.07,0.0,100022,2011,2011-03,Wednesday,2,13,True
100022,P105,Tote Bag,3,2011-03-09 13:00:00,6.33,12032,Spain,False,False,False,18.990000000000002,18.990000000000002,0.0,100022,2011,2011-03,Wednesday,2,13,True
100023,P103,Wall Clock,12,2011-11-17 18:00:00,13.76,12621,France,False,False,False,165.12,165.12,0.0,100023,2011,2011-11,Thursday,3,18,True
100023,P108,Tea Set,2,2011-11-17 18:00:00,17.5,12621,United Kingdom,False,False,False,35.0,35.0,0.0,100023,2011,2011-11,Thursday,3,18,True
100024,P111,Serving Bowl,5,2011-08-29 15:00:00,13.36,12047,Netherlands,False,False,False,66.8,66.8,0.0,100024,2011,2011-08,Monday,0,15,True
100024,P109,Desk Organizer,1,2011-08-29 15:00:00,12.54,12047,United Kingdom,False,False,False,12.54,12.54,0.0,100024,2011,2011-08,Monday,0,15,True
100024,P105,Tote Bag,10,2011-08-29 15:00:00,7.14,12047,Spain,False,False,False,71.39999999999999,71.39999999999999,0.0,100024,2011,2011-08,Monday,0,15,True
100025,P105,Tote Bag,2,2011-01-03 11:00:00,6.78,12649,France,False,False,False,13.56,13.56,0.0,100025,2011,2011-01,Monday,0,11,True
100025,P101,Ceramic Mug,4,2011-01-03 11:00:00,7.92,12649,France,False,False,False,31.68,31.68,0.0,100025,2011,2011-01,Monday,0,11,True
100025,P100,Gift Box,11,2011-01-03 11:00:00,5.1,12649,Spain,False,False,False,56.099999999999994,56.099999999999994,0.0,100025,2011,2011-01,Monday,0,11,True
100026,P105,Tote Bag,6,2011-01-14 16:00:00,6.94,12027,Netherlands,False,False,False,41.64,41.64,0.0,100026,2011,2011-01,Friday,4,16,True
100027,P102,Notebook,2,2011-08-31 18:00:00,4.31,12078,France,False,False,False,8.62,8.62,0.0,100027,2011,2011-08,Wednesday,2,18,True
100027,P106,Glass Jar,3,2011-08-31 18:00:00,5.71,12078,France,False,False,False,17.13,17.13,0.0,100027,2011,2011-08,Wednesday,2,18,True
100027,P111,Serving Bowl,1,2011-08-31 18:00:00,14.79,12078,India,False,False,False,14.79,14.79,0.0,100027,2011,2011-08,Wednesday,2,18,True
100027,P109,Desk Organizer,8,2011-08-31 18:00:00,12.52,12078,Germany,False,False,False,100.16,100.16,0.0,100027,2011,2011-08,Wednesday,2,18,True
100028,P111,Serving Bowl,3,2011-03-11 18:00:00,16.04,12027,France,False,False,False,48.12,48.12,0.0,100028,2011,2011-03,Friday,4,18,True
100028,P101,Ceramic Mug,1,2011-03-11 18:00:00,7.02,12027,Germany,False,False,False,7.02,7.02,0.0,100028,2011,2011-03,Friday,4,18,True
100028,P105,Tote Bag,4,2011-03-11 18:00:00,6.03,12027,Germany,False,False,False,24.12,24.12,0.0,100028,2011,2011-03,Friday,4,18,True
100028,P110,Gift Wrap,3,2011-03-11 18:00:00,2.66,12027,Australia,False,False,False,7.98,7.98,0.0,100028,2011,2011-03,Friday,4,18,True
100029,P107,Photo Frame,3,2011-08-04 19:00:00,9.22,12025,Australia,False,False,False,27.660000000000004,27.660000000000004,0.0,100029,2011,2011-08,Thursday,3,19,True
100030,P110,Gift Wrap,6,2010-12-11 13:00:00,2.55,12056,Spain,False,False,False,15.299999999999999,15.299999999999999,0.0,100030,2010,2010-12,Saturday,5,13,True
100031,P100,Gift Box,1,2010-12-03 08:00:00,4.32,12008,Germany,False,False,False,4.32,4.32,0.0,100031,2010,2010-12,Friday,4,8,True
100032,P108,Tea Set,3,2011-10-11 16:00:00,18.47,12013,Spain,False,False,False,55.41,55.41,0.0,100032,2011,2011-10,Tuesday,1,16,True
100032,P109,Desk Organizer,9,2011-10-11 16:00:00,12.24,12013,France,False,False,False,110.16,110.16,0.0,100032,2011,2011-10,Tuesday,1,16,True
100032,P101,Ceramic Mug,1,2011-10-11 16:00:00,6.97,12013,United Kingdom,False,False,False,6.97,6.97,0.0,100032,2011,2011-10,Tuesday,1,16,True
100032,P111,Serving Bowl,6,2011-10-11 16:00:00,15.27,12013,France,False,False,False,91.62,91.62,0.0,100032,2011,2011-10,Tuesday,1,16,True
100033,P102,Notebook,1,2010-12-21 08:00:00,3.51,12339,Australia,False,False,False,3.51,3.51,0.0,100033,2010,2010-12,Tuesday,1,8,True
100034,P109,Desk Organizer,4,2011-04-19 19:00:00,12.5,12043,France,False,False,False,50.0,50.0,0.0,100034,2011,2011-04,Tuesday,1,19,True
100034,P105,Tote Bag,1,2011-04-19 19:00:00,6.91,12043,Germany,False,False,False,6.91,6.91,0.0,100034,2011,2011-04,Tuesday,1,19,True
100034,P104,Candle Set,7,2011-04-19 19:00:00,10.17,12043,Netherlands,False,False,False,71.19,71.19,0.0,100034,2011,2011-04,Tuesday,1,19,True
100035,P111,Serving Bowl,3,2011-04-29 09:00:00,14.6,12205,India,False,False,False,43.8,43.8,0.0,100035,2011,2011-04,Friday,4,9,True
100036,P110,Gift Wrap,1,2011-04-28 15:00:00,2.41,12334,France,False,False,False,2.41,2.41,0.0,100036,2011,2011-04,Thursday,3,15,True
100036,P101,Ceramic Mug,7,2011-04-28 15:00:00,7.5,12334,France,False,False,False,52.5,52.5,0.0,100036,2011,2011-04,Thursday,3,15,True
100036,P104,Candle Set,2,2011-04-28 15:00:00,10.52,12334,Netherlands,False,False,False,21.04,21.04,0.0,100036,2011,2011-04,Thursday,3,15,True
100036,P103,Wall Clock,2,2011-04-28 15:00:00,12.6,12334,Germany,False,False,False,25.2,25.2,0.0,100036,2011,2011-04,Thursday,3,15,True
100037,P110,Gift Wrap,3,2011-06-13 12:00:00,2.64,12348,United Kingdom,False,False,False,7.92,7.92,0.0,100037,2011,2011-06,Monday,0,12,True
100037,P108,Tea Set,1,2011-06-13 12:00:00,16.72,12348,Germany,False,False,False,16.72,16.72,0.0,100037,2011,2011-06,Monday,0,12,True
100037,P104,Candle Set,5,2011-06-13 12:00:00,9.05,12348,India,False,False,False,45.25,45.25,0.0,100037,2011,2011-06,Monday,0,12,True
100037,P106,Glass Jar,4,2011-06-13 12:00:00,5.38,12348,United Kingdom,False,False,False,21.52,21.52,0.0,100037,2011,2011-06,Monday,0,12,True
100038,P109,Desk Organizer,9,2011-10-31 08:00:00,11.55,12458,Netherlands,False,False,False,103.95,103.95,0.0,100038,2011,2011-10,Monday,0,8,True
100038,P108,Tea Set,1,2011-10-31 08:00:00,20.68,12458,India,False,False,False,20.68,20.68,0.0,100038,2011,2011-10,Monday,0,8,True
100039,P106,Glass Jar,3,2011-05-07 11:00:00,5.67,12485,France,False,False,False,17.009999999999998,17.009999999999998,0.0,100039,2011,2011-05,Saturday,5,11,True
100039,P109,Desk Organizer,1,2011-05-07 11:00:00,12.62,12485,United Kingdom,False,False,False,12.62,12.62,0.0,100039,2011,2011-05,Saturday,5,11,True
100039,P107,Photo Frame,1,2011-05-07 11:00:00,9.41,12485,Netherlands,False,False,False,9.41,9.41,0.0,100039,2011,2011-05,Saturday,5,11,True
100039,P101,Ceramic Mug,9,2011-05-07 11:00:00,6.62,12485,India,False,False,False,59.58,59.58,0.0,100039,2011,2011-05,Saturday,5,11,True
100040,P111,Serving Bowl,1,2010-12-16 13:00:00,13.21,12470,Netherlands,False,False,False,13.21,13.21,0.0,100040,2010,2010-12,Thursday,3,13,True
100040,P105,Tote Bag,5,2010-12-16 13:00:00,6.8,12470,United Kingdom,False,False,False,34.0,34.0,0.0,100040,2010,2010-12,Thursday,3,13,True
100041,P102,Notebook,3,2010-12-06 09:00:00,4.06,12223,Spain,False,False,False,12.18,12.18,0.0,100041,2010,2010-12,Monday,0,9,True
100041,P110,Gift Wrap,3,2010-12-06 09:00:00,2.48,12223,Spain,False,False,False,7.4399999999999995,7.4399999999999995,0.0,100041,2010,2010-12,Monday,0,9,True
100042,P105,Tote Bag,15,2011-11-10 18:00:00,7.33,12079,Germany,False,False,False,109.95,109.95,0.0,100042,2011,2011-11,Thursday,3,18,True
100042,P106,Glass Jar,1,2011-11-10 18:00:00,5.64,12079,Netherlands,False,False,False,5.64,5.64,0.0,100042,2011,2011-11,Thursday,3,18,True
100043,P104,Candle Set,4,2011-06-10 09:00:00,9.35,12259,India,False,False,False,37.4,37.4,0.0,100043,2011,2011-06,Friday,4,9,True
100044,P107,Photo Frame,5,2011-04-05 11:00:00,8.61,12045,Australia,False,False,False,43.05,43.05,0.0,100044,2011,2011-04,Tuesday,1,11,True
100045,P108,Tea Set,3,2011-05-03 11:00:00,18.99,12001,Australia,False,False,False,56.97,56.97,0.0,100045,2011,2011-05,Tuesday,1,11,True
100046,P107,Photo Frame,5,2011-05-26 15:00:00,8.28,12475,Australia,False,False,False,41.4,41.4,0.0,100046,2011,2011-05,Thursday,3,15,True
100046,P104,Candle Set,1,2011-05-26 15:00:00,11.31,12475,India,False,False,False,11.31,11.31,0.0,100046,2011,2011-05,Thursday,3,15,True
100046,P111,Serving Bowl,4,2011-05-26 15:00:00,15.77,12475,Australia,False,False,False,63.08,63.08,0.0,100046,2011,2011-05,Thursday,3,15,True
100046,P103,Wall Clock,2,2011-05-26 15:00:00,11.38,12475,France,False,False,False,22.76,22.76,0.0,100046,2011,2011-05,Thursday,3,15,True
100047,P103,Wall Clock,8,2011-09-14 18:00:00,13.76,12220,Spain,False,False,False,110.08,110.08,0.0,100047,2011,2011-09,Wednesday,2,18,True
100047,P111,Serving Bowl,4,2011-09-14 18:00:00,13.18,12220,India,False,False,False,52.72,52.72,0.0,100047,2011,2011-09,Wednesday,2,18,True
100047,P104,Candle Set,4,2011-09-14 18:00:00,10.58,12220,Germany,False,False,False,42.32,42.32,0.0,100047,2011,2011-09,Wednesday,2,18,True
100047,P107,Photo Frame,1,2011-09-14 18:00:00,9.15,12220,Spain,False,False,False,9.15,9.15,0.0,100047,2011,2011-09,Wednesday,2,18,True
100048,P110,Gift Wrap,9,2011-08-31 12:00:00,2.16,12512,United Kingdom,False,False,False,19.44,19.44,0.0,100048,2011,2011-08,Wednesday,2,12,True
100049,P100,Gift Box,9,2011-03-08 16:00:00,5.01,12243,France,False,False,False,45.089999999999996,45.089999999999996,0.0,100049,2011,2011-03,Tuesday,1,16,True
100049,P108,Tea Set,22,2011-03-08 16:00:00,18.86,12243,Germany,False,False,False,414.91999999999996,414.91999999999996,0.0,100049,2011,2011-03,Tuesday,1,16,True
100049,P104,Candle Set,2,2011-03-08 16:00:00,11.1,12243,Australia,False,False,False,22.2,22.2,0.0,100049,2011,2011-03,Tuesday,1,16,True
100050,P108,Tea Set,15,2011-02-08 16:00:00,18.04,12019,Spain,False,False,False,270.59999999999997,270.59999999999997,0.0,100050,2011,2011-02,Tuesday,1,16,True
100050,P104,Candle Set,2,2011-02-08 16:00:00,11.38,12019,Spain,False,False,False,22.76,22.76,0.0,100050,2011,2011-02,Tuesday,1,16,True
100051,P110,Gift Wrap,2,2011-08-17 08:00:00,2.2,12319,France,False,False,False,4.4,4.4,0.0,100051,2011,2011-08,Wednesday,2,8,True
100051,P105,Tote Bag,5,2011-08-17 08:00:00,6.59,12319,Australia,False,False,False,32.95,32.95,0.0,100051,2011,2011-08,Wednesday,2,8,True
100052,P109,Desk Organizer,1,2011-07-23 13:00:00,12.37,12082,Spain,False,False,False,12.37,12.37,0.0,100052,2011,2011-07,Saturday,5,13,True
100052,P111,Serving Bowl,1,2011-07-23 13:00:00,16.35,12082,Germany,False,False,False,16.35,16.35,0.0,100052,2011,2011-07,Saturday,5,13,True
100053,P100,Gift Box,6,2011-06-14 10:00:00,5.03,12457,United Kingdom,False,False,False,30.18,30.18,0.0,100053,2011,2011-06,Tuesday,1,10,True
100053,P107,Photo Frame,4,2011-06-14 10:00:00,9.0,12457,Netherlands,False,False,False,36.0,36.0,0.0,100053,2011,2011-06,Tuesday,1,10,True
100053,P106,Glass Jar,6,2011-06-14 10:00:00,6.32,12457,Spain,False,False,False,37.92,37.92,0.0,100053,2011,2011-06,Tuesday,1,10,True
100054,P111,Serving Bowl,6,2011-03-05 17:00:00,15.42,12394,Germany,False,False,False,92.52,92.52,0.0,100054,2011,2011-03,Saturday,5,17,True
100054,P109,Desk Organizer,4,2011-03-05 17:00:00,10.0,12394,Australia,False,False,False,40.0,40.0,0.0,100054,2011,2011-03,Saturday,5,17,True
100054,P102,Notebook,1,2011-03-05 17:00:00,3.46,12394,India,False,False,False,3.46,3.46,0.0,100054,2011,2011-03,Saturday,5,17,True
100055,P102,Notebook,2,2011-03-02 19:00:00,3.79,12015,Germany,False,False,False,7.58,7.58,0.0,100055,2011,2011-03,Wednesday,2,19,True
100055,P106,Glass Jar,7,2011-03-02 19:00:00,5.23,12015,Australia,False,False,False,36.61,36.61,0.0,100055,2011,2011-03,Wednesday,2,19,True
100056,P100,Gift Box,18,2011-03-22 10:00:00,4.62,12130,United Kingdom,False,False,False,83.16,83.16,0.0,100056,2011,2011-03,Tuesday,1,10,True
100056,P101,Ceramic Mug,1,2011-03-22 10:00:00,7.89,12130,France,False,False,False,7.89,7.89,0.0,100056,2011,2011-03,Tuesday,1,10,True
100057,P103,Wall Clock,1,2011-06-15 11:00:00,13.39,12550,Germany,False,False,False,13.39,13.39,0.0,100057,2011,2011-06,Wednesday,2,11,True
100058,P100,Gift Box,5,2011-02-23 10:00:00,5.08,12077,United Kingdom,False,False,False,25.4,25.4,0.0,100058,2011,2011-02,Wednesday,2,10,True
100058,P104,Candle Set,3,2011-02-23 10:00:00,8.99,12077,United Kingdom,False,False,False,26.97,26.97,0.0,100058,2011,2011-02,Wednesday,2,10,True
100058,P105,Tote Bag,1,2011-02-23 10:00:00,6.77,12077,India,False,False,False,6.77,6.77,0.0,100058,2011,2011-02,Wednesday,2,10,True
100058,P111,Serving Bowl,1,2011-02-23 10:00:00,13.07,12077,United Kingdom,False,False,False,13.07,13.07,0.0,100058,2011,2011-02,Wednesday,2,10,True
100059,P110,Gift Wrap,1,2011-10-12 13:00:00,2.71,12341,Spain,False,False,False,2.71,2.71,0.0,100059,2011,2011-10,Wednesday,2,13,True
100060,P100,Gift Box,5,2011-11-24 15:00:00,4.29,12187,France,False,False,False,21.45,21.45,0.0,100060,2011,2011-11,Thursday,3,15,True
100060,P103,Wall Clock,5,2011-11-24 15:00:00,11.34,12187,Germany,False,False,False,56.7,56.7,0.0,100060,2011,2011-11,Thursday,3,15,True
100060,P108,Tea Set,1,2011-11-24 15:00:00,16.94,12187,Netherlands,False,False,False,16.94,16.94,0.0,100060,2011,2011-11,Thursday,3,15,True
100060,P111,Serving Bowl,11,2011-11-24 15:00:00,14.2,12187,Spain,False,False,False,156.2,156.2,0.0,100060,2011,2011-11,Thursday,3,15,True
100061,P101,Ceramic Mug,3,2011-01-24 15:00:00,6.79,12596,Spain,False,False,False,20.37,20.37,0.0,100061,2011,2011-01,Monday,0,15,True
100062,P111,Serving Bowl,12,2011-06-06 11:00:00,13.51,12692,India,False,False,False,162.12,162.12,0.0,100062,2011,2011-06,Monday,0,11,True
100063,P105,Tote Bag,2,2011-01-03 18:00:00,6.82,12603,India,False,False,False,13.64,13.64,0.0,100063,2011,2011-01,Monday,0,18,True
100063,P101,Ceramic Mug,4,2011-01-03 18:00:00,6.51,12603,Germany,False,False,False,26.04,26.04,0.0,100063,2011,2011-01,Monday,0,18,True
100064,P111,Serving Bowl,4,2011-01-27 10:00:00,15.68,12319,Spain,False,False,False,62.72,62.72,0.0,100064,2011,2011-01,Thursday,3,10,True
100064,P108,Tea Set,3,2011-01-27 10:00:00,18.09,12319,France,False,False,False,54.269999999999996,54.269999999999996,0.0,100064,2011,2011-01,Thursday,3,10,True
100064,P107,Photo Frame,3,2011-01-27 10:00:00,9.01,12319,Germany,False,False,False,27.03,27.03,0.0,100064,2011,2011-01,Thursday,3,10,True
100064,P102,Notebook,2,2011-01-27 10:00:00,4.27,12319,France,False,False,False,8.54,8.54,0.0,100064,2011,2011-01,Thursday,3,10,True
100065,P101,Ceramic Mug,2,2011-01-29 16:00:00,8.03,12131,Australia,False,False,False,16.06,16.06,0.0,100065,2011,2011-01,Saturday,5,16,True
100065,P104,Candle Set,1,2011-01-29 16:00:00,10.73,12131,Australia,False,False,False,10.73,10.73,0.0,100065,2011,2011-01,Saturday,5,16,True
100066,P105,Tote Bag,1,2011-07-27 12:00:00,6.78,12585,France,False,False,False,6.78,6.78,0.0,100066,2011,2011-07,Wednesday,2,12,True
100066,P101,Ceramic Mug,2,2011-07-27 12:00:00,7.92,12585,India,False,False,False,15.84,15.84,0.0,100066,2011,2011-07,Wednesday,2,12,True
100067,P105,Tote Bag,13,2010-12-02 10:00:00,7.02,12023,Australia,False,False,False,91.25999999999999,91.25999999999999,0.0,100067,2010,2010-12,Thursday,3,10,True
100067,P108,Tea Set,3,2010-12-02 10:00:00,18.94,12023,Australia,False,False,False,56.82000000000001,56.82000000000001,0.0,100067,2010,2010-12,Thursday,3,10,True
100068,P107,Photo Frame,2,2011-04-22 12:00:00,7.78,12306,Germany,False,False,False,15.56,15.56,0.0,100068,2011,2011-04,Friday,4,12,True
100069,P103,Wall Clock,4,2011-04-19 17:00:00,14.23,12130,United Kingdom,False,False,False,56.92,56.92,0.0,100069,2011,2011-04,Tuesday,1,17,True
100070,P108,Tea Set,1,2011-02-12 09:00:00,17.04,12057,France,False,False,False,17.04,17.04,0.0,100070,2011,2011-02,Saturday,5,9,True
100070,P107,Photo Frame,2,2011-02-12 09:00:00,7.47,12057,France,False,False,False,14.94,14.94,0.0,100070,2011,2011-02,Saturday,5,9,True
100071,P107,Photo Frame,1,2011-01-03 19:00:00,7.9,12212,India,False,False,False,7.9,7.9,0.0,100071,2011,2011-01,Monday,0,19,True
100072,P109,Desk Organizer,1,2011-03-20 11:00:00,10.74,12478,Australia,False,False,False,10.74,10.74,0.0,100072,2011,2011-03,Sunday,6,11,True
100072,P106,Glass Jar,2,2011-03-20 11:00:00,6.11,12478,Spain,False,False,False,12.22,12.22,0.0,100072,2011,2011-03,Sunday,6,11,True
100072,P111,Serving Bowl,2,2011-03-20 11:00:00,13.97,12478,Netherlands,False,False,False,27.94,27.94,0.0,100072,2011,2011-03,Sunday,6,11,True
100072,P101,Ceramic Mug,2,2011-03-20 11:00:00,7.53,12478,France,False,False,False,15.06,15.06,0.0,100072,2011,2011-03,Sunday,6,11,True
100073,P104,Candle Set,2,2011-08-29 18:00:00,11.24,12069,Spain,False,False,False,22.48,22.48,0.0,100073,2011,2011-08,Monday,0,18,True
100073,P109,Desk Organizer,15,2011-08-29 18:00:00,10.18,12069,Germany,False,False,False,152.7,152.7,0.0,100073,2011,2011-08,Monday,0,18,True
100074,P107,Photo Frame,5,2011-03-08 15:00:00,8.84,12555,Germany,False,False,False,44.2,44.2,0.0,100074,2011,2011-03,Tuesday,1,15,True
100075,P105,Tote Bag,1,2011-07-01 18:00:00,7.38,12560,India,False,False,False,7.38,7.38,0.0,100075,2011,2011-07,Friday,4,18,True
100075,P103,Wall Clock,2,2011-07-01 18:00:00,12.78,12560,Australia,False,False,False,25.56,25.56,0.0,100075,2011,2011-07,Friday,4,18,True
100075,P106,Glass Jar,2,2011-07-01 18:00:00,5.55,12560,Germany,False,False,False,11.1,11.1,0.0,100075,2011,2011-07,Friday,4,18,True
100076,P104,Candle Set,1,2011-01-18 10:00:00,8.98,12029,France,False,False,False,8.98,8.98,0.0,100076,2011,2011-01,Tuesday,1,10,True
100076,P109,Desk Organizer,6,2011-01-18 10:00:00,10.78,12029,Australia,False,False,False,64.67999999999999,64.67999999999999,0.0,100076,2011,2011-01,Tuesday,1,10,True
100076,P111,Serving Bowl,8,2011-01-18 10:00:00,14.98,12029,Netherlands,False,False,False,119.84,119.84,0.0,100076,2011,2011-01,Tuesday,1,10,True
100076,P100,Gift Box,4,2011-01-18 10:00:00,4.97,12029,Spain,False,False,False,19.88,19.88,0.0,100076,2011,2011-01,Tuesday,1,10,True
100077,P109,Desk Organizer,1,2011-09-01 18:00:00,10.84,12200,Australia,False,False,False,10.84,10.84,0.0,100077,2011,2011-09,Thursday,3,18,True
100078,P109,Desk Organizer,4,2011-08-01 15:00:00,12.44,12506,France,False,False,False,49.76,49.76,0.0,100078,2011,2011-08,Monday,0,15,True
100079,P106,Glass Jar,2,2011-05-12 17:00:00,5.58,12360,Australia,False,False,False,11.16,11.16,0.0,100079,2011,2011-05,Thursday,3,17,True
100080,P110,Gift Wrap,1,2011-05-10 09:00:00,2.56,12030,Netherlands,False,False,False,2.56,2.56,0.0,100080,2011,2011-05,Tuesday,1,9,True
100080,P105,Tote Bag,4,2011-05-10 09:00:00,6.41,12030,Netherlands,False,False,False,25.64,25.64,0.0,100080,2011,2011-05,Tuesday,1,9,True
100080,P104,Candle Set,3,2011-05-10 09:00:00,11.0,12030,Netherlands,False,False,False,33.0,33.0,0.0,100080,2011,2011-05,Tuesday,1,9,True
100080,P101,Ceramic Mug,1,2011-05-10 09:00:00,7.83,12030,India,False,False,False,7.83,7.83,0.0,100080,2011,2011-05,Tuesday,1,9,True
100081,P101,Ceramic Mug,8,2011-05-17 14:00:00,7.49,12692,United Kingdom,False,False,False,59.92,59.92,0.0,100081,2011,2011-05,Tuesday,1,14,True
100081,P105,Tote Bag,3,2011-05-17 14:00:00,6.53,12692,Spain,False,False,False,19.59,19.59,0.0,100081,2011,2011-05,Tuesday,1,14,True
100081,P103,Wall Clock,3,2011-05-17 14:00:00,12.53,12692,France,False,False,False,37.589999999999996,37.589999999999996,0.0,100081,2011,2011-05,Tuesday,1,14,True
100081,P104,Candle Set,3,2011-05-17 14:00:00,10.56,12692,France,False,False,False,31.68,31.68,0.0,100081,2011,2011-05,Tuesday,1,14,True
100082,P110,Gift Wrap,9,2011-08-29 15:00:00,2.68,12376,Spain,False,False,False,24.12,24.12,0.0,100082,2011,2011-08,Monday,0,15,True
100082,P100,Gift Box,1,2011-08-29 15:00:00,4.36,12376,United Kingdom,False,False,False,4.36,4.36,0.0,100082,2011,2011-08,Monday,0,15,True
100083,P107,Photo Frame,4,2011-03-14 11:00:00,8.82,12032,Spain,False,False,False,35.28,35.28,0.0,100083,2011,2011-03,Monday,0,11,True
100083,P110,Gift Wrap,1,2011-03-14 11:00:00,2.54,12032,Australia,False,False,False,2.54,2.54,0.0,100083,2011,2011-03,Monday,0,11,True
100084,P108,Tea Set,2,2011-08-23 19:00:00,18.95,12075,Germany,False,False,False,37.9,37.9,0.0,100084,2011,2011-08,Tuesday,1,19,True
100084,P103,Wall Clock,6,2011-08-23 19:00:00,12.26,12075,France,False,False,False,73.56,73.56,0.0,100084,2011,2011-08,Tuesday,1,19,True
100084,P104,Candle Set,6,2011-08-23 19:00:00,10.47,12075,Spain,False,False,False,62.82000000000001,62.82000000000001,0.0,100084,2011,2011-08,Tuesday,1,19,True
100085,P109,Desk Organizer,2,2011-04-03 12:00:00,11.22,12057,Spain,False,False,False,22.44,22.44,0.0,100085,2011,2011-04,Sunday,6,12,True
100085,P108,Tea Set,1,2011-04-03 12:00:00,19.1,12057,Netherlands,False,False,False,19.1,19.1,0.0,100085,2011,2011-04,Sunday,6,12,True
100085,P103,Wall Clock,3,2011-04-03 12:00:00,12.53,12057,Germany,False,False,False,37.589999999999996,37.589999999999996,0.0,100085,2011,2011-04,Sunday,6,12,True
100085,P110,Gift Wrap,9,2011-04-03 12:00:00,2.68,12057,France,False,False,False,24.12,24.12,0.0,100085,2011,2011-04,Sunday,6,12,True
100086,P109,Desk Organizer,3,2011-02-01 08:00:00,10.22,12001,Spain,False,False,False,30.660000000000004,30.660000000000004,0.0,100086,2011,2011-02,Tuesday,1,8,True
100086,P104,Candle Set,2,2011-02-01 08:00:00,9.39,12001,Australia,False,False,False,18.78,18.78,0.0,100086,2011,2011-02,Tuesday,1,8,True
100087,P108,Tea Set,2,2011-01-26 12:00:00,17.42,12157,India,False,False,False,34.84,34.84,0.0,100087,2011,2011-01,Wednesday,2,12,True
100087,P110,Gift Wrap,3,2011-01-26 12:00:00,2.23,12157,Netherlands,False,False,False,6.6899999999999995,6.6899999999999995,0.0,100087,2011,2011-01,Wednesday,2,12,True
100087,P103,Wall Clock,5,2011-01-26 12:00:00,12.98,12157,Spain,False,False,False,64.9,64.9,0.0,100087,2011,2011-01,Wednesday,2,12,True
100088,P110,Gift Wrap,10,2011-03-20 16:00:00,2.75,12230,Germany,False,False,False,27.5,27.5,0.0,100088,2011,2011-03,Sunday,6,16,True
100088,P100,Gift Box,7,2011-03-20 16:00:00,4.11,12230,Germany,False,False,False,28.770000000000003,28.770000000000003,0.0,100088,2011,2011-03,Sunday,6,16,True
100088,P105,Tote Bag,4,2011-03-20 16:00:00,7.13,12230,Netherlands,False,False,False,28.52,28.52,0.0,100088,2011,2011-03,Sunday,6,16,True
100088,P111,Serving Bowl,1,2011-03-20 16:00:00,14.22,12230,Spain,False,False,False,14.22,14.22,0.0,100088,2011,2011-03,Sunday,6,16,True
100089,P105,Tote Bag,2,2011-08-22 17:00:00,7.28,12463,Australia,False,False,False,14.56,14.56,0.0,100089,2011,2011-08,Monday,0,17,True
100090,P100,Gift Box,1,2011-01-05 11:00:00,4.09,12036,India,False,False,False,4.09,4.09,0.0,100090,2011,2011-01,Wednesday,2,11,True
100090,P106,Glass Jar,2,2011-01-05 11:00:00,5.18,12036,India,False,False,False,10.36,10.36,0.0,100090,2011,2011-01,Wednesday,2,11,True
100090,P102,Notebook,1,2011-01-05 11:00:00,3.93,12036,United Kingdom,False,False,False,3.93,3.93,0.0,100090,2011,2011-01,Wednesday,2,11,True
100091,P104,Candle Set,3,2010-12-17 09:00:00,10.16,12530,France,False,False,False,30.48,30.48,0.0,100091,2010,2010-12,Friday,4,9,True
100091,P106,Glass Jar,12,2010-12-17 09:00:00,5.25,12530,Spain,False,False,False,63.0,63.0,0.0,100091,2010,2010-12,Friday,4,9,True
100092,P107,Photo Frame,7,2011-07-29 17:00:00,9.41,12048,Spain,False,False,False,65.87,65.87,0.0,100092,2011,2011-07,Friday,4,17,True
100092,P100,Gift Box,2,2011-07-29 17:00:00,4.49,12048,India,False,False,False,8.98,8.98,0.0,100092,2011,2011-07,Friday,4,17,True
100092,P104,Candle Set,3,2011-07-29 17:00:00,11.07,12048,France,False,False,False,33.21,33.21,0.0,100092,2011,2011-07,Friday,4,17,True
100092,P101,Ceramic Mug,1,2011-07-29 17:00:00,7.0,12048,United Kingdom,False,False,False,7.0,7.0,0.0,100092,2011,2011-07,Friday,4,17,True
100093,P105,Tote Bag,2,2010-12-03 14:00:00,6.83,12450,Germany,False,False,False,13.66,13.66,0.0,100093,2010,2010-12,Friday,4,14,True
100093,P109,Desk Organizer,3,2010-12-03 14:00:00,11.98,12450,France,False,False,False,35.94,35.94,0.0,100093,2010,2010-12,Friday,4,14,True
100093,P104,Candle Set,1,2010-12-03 14:00:00,9.86,12450,Spain,False,False,False,9.86,9.86,0.0,100093,2010,2010-12,Friday,4,14,True
100094,P104,Candle Set,175,2011-03-11 09:00:00,9.44,12250,Netherlands,False,False,False,1652.0,1652.0,0.0,100094,2011,2011-03,Friday,4,9,True
100094,P106,Glass Jar,4,2011-03-11 09:00:00,6.17,12250,Australia,False,False,False,24.68,24.68,0.0,100094,2011,2011-03,Friday,4,9,True
100095,P111,Serving Bowl,1,2011-10-04 13:00:00,13.83,12201,Australia,False,False,False,13.83,13.83,0.0,100095,2011,2011-10,Tuesday,1,13,True
100095,P100,Gift Box,1,2011-10-04 13:00:00,4.25,12201,India,False,False,False,4.25,4.25,0.0,100095,2011,2011-10,Tuesday,1,13,True
100095,P104,Candle Set,3,2011-10-04 13:00:00,9.7,12201,Germany,False,False,False,29.099999999999998,29.099999999999998,0.0,100095,2011,2011-10,Tuesday,1,13,True
100095,P108,Tea Set,1,2011-10-04 13:00:00,17.39,12201,Germany,False,False,False,17.39,17.39,0.0,100095,2011,2011-10,Tuesday,1,13,True
100096,P100,Gift Box,1,2011-05-04 10:00:00,4.19,12333,United Kingdom,False,False,False,4.19,4.19,0.0,100096,2011,2011-05,Wednesday,2,10,True
100096,P108,Tea Set,3,2011-05-04 10:00:00,18.57,12333,Spain,False,False,False,55.71,55.71,0.0,100096,2011,2011-05,Wednesday,2,10,True
100096,P110,Gift Wrap,5,2011-05-04 10:00:00,2.4,12333,India,False,False,False,12.0,12.0,0.0,100096,2011,2011-05,Wednesday,2,10,True
100096,P107,Photo Frame,2,2011-05-04 10:00:00,9.03,12333,Germany,False,False,False,18.06,18.06,0.0,100096,2011,2011-05,Wednesday,2,10,True
100097,P106,Glass Jar,1,2011-09-23 19:00:00,5.5,12040,Spain,False,False,False,5.5,5.5,0.0,100097,2011,2011-09,Friday,4,19,True
100097,P105,Tote Bag,3,2011-09-23 19:00:00,6.16,12040,Netherlands,False,False,False,18.48,18.48,0.0,100097,2011,2011-09,Friday,4,19,True
100098,P107,Photo Frame,11,2011-09-22 18:00:00,8.26,12024,Spain,False,False,False,90.86,90.86,0.0,100098,2011,2011-09,Thursday,3,18,True
100099,P106,Glass Jar,1,2011-07-23 17:00:00,5.71,12631,France,False,False,False,5.71,5.71,0.0,100099,2011,2011-07,Saturday,5,17,True
100099,P108,Tea Set,2,2011-07-23 17:00:00,17.9,12631,France,False,False,False,35.8,35.8,0.0,100099,2011,2011-07,Saturday,5,17,True
100099,P111,Serving Bowl,2,2011-07-23 17:00:00,14.46,12631,India,False,False,False,28.92,28.92,0.0,100099,2011,2011-07,Saturday,5,17,True
100099,P103,Wall Clock,6,2011-07-23 17:00:00,13.61,12631,France,False,False,False,81.66,81.66,0.0,100099,2011,2011-07,Saturday,5,17,True
100100,P110,Gift Wrap,2,2011-03-06 19:00:00,2.51,12537,Australia,False,False,False,5.02,5.02,0.0,100100,2011,2011-03,Sunday,6,19,True
100100,P105,Tote Bag,3,2011-03-06 19:00:00,6.96,12537,Australia,False,False,False,20.88,20.88,0.0,100100,2011,2011-03,Sunday,6,19,True
100100,P101,Ceramic Mug,2,2011-03-06 19:00:00,8.01,12537,France,False,False,False,16.02,16.02,0.0,100100,2011,2011-03,Sunday,6,19,True
100100,P108,Tea Set,1,2011-03-06 19:00:00,16.22,12537,France,False,False,False,16.22,16.22,0.0,100100,2011,2011-03,Sunday,6,19,True
100101,P109,Desk Organizer,2,2011-09-18 18:00:00,11.38,12077,United Kingdom,False,False,False,22.76,22.76,0.0,100101,2011,2011-09,Sunday,6,18,True
100101,P103,Wall Clock,6,2011-09-18 18:00:00,13.92,12077,Spain,False,False,False,83.52,83.52,0.0,100101,2011,2011-09,Sunday,6,18,True
100101,P106,Glass Jar,1,2011-09-18 18:00:00,5.46,12077,United Kingdom,False,False,False,5.46,5.46,0.0,100101,2011,2011-09,Sunday,6,18,True
100101,P108,Tea Set,1,2011-09-18 18:00:00,18.37,12077,United Kingdom,False,False,False,18.37,18.37,0.0,100101,2011,2011-09,Sunday,6,18,True
100102,P111,Serving Bowl,1,2011-06-27 16:00:00,16.09,12683,Germany,False,False,False,16.09,16.09,0.0,100102,2011,2011-06,Monday,0,16,True
100102,P109,Desk Organizer,4,2011-06-27 16:00:00,12.3,12683,India,False,False,False,49.2,49.2,0.0,100102,2011,2011-06,Monday,0,16,True
100102,P104,Candle Set,4,2011-06-27 16:00:00,10.62,12683,India,False,False,False,42.48,42.48,0.0,100102,2011,2011-06,Monday,0,16,True
100103,P104,Candle Set,1,2011-07-20 16:00:00,10.05,12038,Australia,False,False,False,10.05,10.05,0.0,100103,2011,2011-07,Wednesday,2,16,True
100104,P106,Glass Jar,1,2011-06-12 13:00:00,6.25,12050,United Kingdom,False,False,False,6.25,6.25,0.0,100104,2011,2011-06,Sunday,6,13,True
100105,P102,Notebook,5,2011-02-22 17:00:00,4.02,12140,Germany,False,False,False,20.099999999999998,20.099999999999998,0.0,100105,2011,2011-02,Tuesday,1,17,True
100105,P110,Gift Wrap,4,2011-02-22 17:00:00,2.48,12140,France,False,False,False,9.92,9.92,0.0,100105,2011,2011-02,Tuesday,1,17,True
100106,P108,Tea Set,3,2011-05-27 19:00:00,20.41,12693,Spain,False,False,False,61.230000000000004,61.230000000000004,0.0,100106,2011,2011-05,Friday,4,19,True
100106,P100,Gift Box,4,2011-05-27 19:00:00,4.23,12693,Spain,False,False,False,16.92,16.92,0.0,100106,2011,2011-05,Friday,4,19,True
100106,P102,Notebook,2,2011-05-27 19:00:00,3.96,12693,Netherlands,False,False,False,7.92,7.92,0.0,100106,2011,2011-05,Friday,4,19,True
100107,P102,Notebook,6,2011-04-26 19:00:00,3.69,12178,Australia,False,False,False,22.14,22.14,0.0,100107,2011,2011-04,Tuesday,1,19,True
100108,P108,Tea Set,6,2011-02-12 09:00:00,20.45,12666,Netherlands,False,False,False,122.69999999999999,122.69999999999999,0.0,100108,2011,2011-02,Saturday,5,9,True
100108,P111,Serving Bowl,4,2011-02-12 09:00:00,15.02,12666,India,False,False,False,60.08,60.08,0.0,100108,2011,2011-02,Saturday,5,9,True
100108,P101,Ceramic Mug,4,2011-02-12 09:00:00,7.75,12666,Spain,False,False,False,31.0,31.0,0.0,100108,2011,2011-02,Saturday,5,9,True
100109,P104,Candle Set,8,2011-05-28 18:00:00,10.84,12189,Germany,False,False,False,86.72,86.72,0.0,100109,2011,2011-05,Saturday,5,18,True
100109,P103,Wall Clock,1,2011-05-28 18:00:00,13.16,12189,India,False,False,False,13.16,13.16,0.0,100109,2011,2011-05,Saturday,5,18,True
100110,P103,Wall Clock,5,2010-12-14 18:00:00,14.18,12037,Australia,False,False,False,70.9,70.9,0.0,100110,2010,2010-12,Tuesday,1,18,True
100111,P103,Wall Clock,2,2010-12-16 10:00:00,14.1,12678,United Kingdom,False,False,False,28.2,28.2,0.0,100111,2010,2010-12,Thursday,3,10,True
100111,P100,Gift Box,3,2010-12-16 10:00:00,4.95,12678,France,False,False,False,14.850000000000001,14.850000000000001,0.0,100111,2010,2010-12,Thursday,3,10,True
100111,P101,Ceramic Mug,17,2010-12-16 10:00:00,8.19,12678,India,False,False,False,139.23,139.23,0.0,100111,2010,2010-12,Thursday,3,10,True
100112,P104,Candle Set,6,2011-04-08 13:00:00,10.82,12021,France,False,False,False,64.92,64.92,0.0,100112,2011,2011-04,Friday,4,13,True
100113,P107,Photo Frame,6,2011-05-06 10:00:00,8.86,12268,Australia,False,False,False,53.16,53.16,0.0,100113,2011,2011-05,Friday,4,10,True
100113,P102,Notebook,2,2011-05-06 10:00:00,3.52,12268,United Kingdom,False,False,False,7.04,7.04,0.0,100113,2011,2011-05,Friday,4,10,True
100113,P103,Wall Clock,1,2011-05-06 10:00:00,12.84,12268,Australia,False,False,False,12.84,12.84,0.0,100113,2011,2011-05,Friday,4,10,True
100114,P105,Tote Bag,4,2011-05-11 09:00:00,6.22,12695,Germany,False,False,False,24.88,24.88,0.0,100114,2011,2011-05,Wednesday,2,9,True
100114,P111,Serving Bowl,2,2011-05-11 09:00:00,16.61,12695,India,False,False,False,33.22,33.22,0.0,100114,2011,2011-05,Wednesday,2,9,True
100115,P107,Photo Frame,3,2011-05-23 11:00:00,8.26,12602,Spain,False,False,False,24.78,24.78,0.0,100115,2011,2011-05,Monday,0,11,True
100115,P100,Gift Box,3,2011-05-23 11:00:00,4.76,12602,Germany,False,False,False,14.28,14.28,0.0,100115,2011,2011-05,Monday,0,11,True
100116,P109,Desk Organizer,6,2011-04-08 17:00:00,11.93,12382,Germany,False,False,False,71.58,71.58,0.0,100116,2011,2011-04,Friday,4,17,True
100116,P108,Tea Set,1,2011-04-08 17:00:00,19.55,12382,Germany,False,False,False,19.55,19.55,0.0,100116,2011,2011-04,Friday,4,17,True
100116,P110,Gift Wrap,7,2011-04-08 17:00:00,2.61,12382,India,False,False,False,18.27,18.27,0.0,100116,2011,2011-04,Friday,4,17,True
100117,P110,Gift Wrap,11,2011-08-29 11:00:00,2.48,12601,United Kingdom,False,False,False,27.28,27.28,0.0,100117,2011,2011-08,Monday,0,11,True
100117,P101,Ceramic Mug,4,2011-08-29 11:00:00,6.8,12601,Australia,False,False,False,27.2,27.2,0.0,100117,2011,2011-08,Monday,0,11,True
100117,P111,Serving Bowl,6,2011-08-29 11:00:00,13.58,12601,Germany,False,False,False,81.48,81.48,0.0,100117,2011,2011-08,Monday,0,11,True
100118,P108,Tea Set,1,2011-03-12 12:00:00,18.37,12072,France,False,False,False,18.37,18.37,0.0,100118,2011,2011-03,Saturday,5,12,True
100119,P109,Desk Organizer,1,2011-07-04 16:00:00,10.56,12495,Germany,False,False,False,10.56,10.56,0.0,100119,2011,2011-07,Monday,0,16,True
100120,P103,Wall Clock,3,2011-04-13 10:00:00,12.1,12041,United Kingdom,False,False,False,36.3,36.3,0.0,100120,2011,2011-04,Wednesday,2,10,True
100120,P104,Candle Set,3,2011-04-13 10:00:00,9.66,12041,Australia,False,False,False,28.98,28.98,0.0,100120,2011,2011-04,Wednesday,2,10,True
100121,P105,Tote Bag,1,2011-04-16 14:00:00,7.3,12055,Australia,False,False,False,7.3,7.3,0.0,100121,2011,2011-04,Saturday,5,14,True
100121,P100,Gift Box,2,2011-04-16 14:00:00,4.57,12055,Spain,False,False,False,9.14,9.14,0.0,100121,2011,2011-04,Saturday,5,14,True
100121,P109,Desk Organizer,2,2011-04-16 14:00:00,11.26,12055,India,False,False,False,22.52,22.52,0.0,100121,2011,2011-04,Saturday,5,14,True
100121,P104,Candle Set,5,2011-04-16 14:00:00,10.28,12055,Netherlands,False,False,False,51.4,51.4,0.0,100121,2011,2011-04,Saturday,5,14,True
100122,P102,Notebook,1,2011-10-06 16:00:00,4.25,12025,Spain,False,False,False,4.25,4.25,0.0,100122,2011,2011-10,Thursday,3,16,True
100123,P104,Candle Set,3,2011-01-29 11:00:00,11.23,12596,France,False,False,False,33.69,33.69,0.0,100123,2011,2011-01,Saturday,5,11,True
100124,P111,Serving Bowl,1,2011-04-07 15:00:00,14.51,12283,United Kingdom,False,False,False,14.51,14.51,0.0,100124,2011,2011-04,Thursday,3,15,True
100124,P102,Notebook,1,2011-04-07 15:00:00,3.6,12283,Spain,False,False,False,3.6,3.6,0.0,100124,2011,2011-04,Thursday,3,15,True
100125,P110,Gift Wrap,1,2011-02-03 19:00:00,2.3,12523,India,False,False,False,2.3,2.3,0.0,100125,2011,2011-02,Thursday,3,19,True
100125,P111,Serving Bowl,2,2011-02-03 19:00:00,14.01,12523,India,False,False,False,28.02,28.02,0.0,100125,2011,2011-02,Thursday,3,19,True
100126,P108,Tea Set,3,2011-05-09 16:00:00,17.16,12166,Spain,False,False,False,51.480000000000004,51.480000000000004,0.0,100126,2011,2011-05,Monday,0,16,True
100126,P109,Desk Organizer,3,2011-05-09 16:00:00,12.63,12166,Australia,False,False,False,37.89,37.89,0.0,100126,2011,2011-05,Monday,0,16,True
100127,P108,Tea Set,1,2010-12-15 18:00:00,17.05,12048,Germany,False,False,False,17.05,17.05,0.0,100127,2010,2010-12,Wednesday,2,18,True
100127,P109,Desk Organizer,1,2010-12-15 18:00:00,11.22,12048,Spain,False,False,False,11.22,11.22,0.0,100127,2010,2010-12,Wednesday,2,18,True
100127,P107,Photo Frame,2,2010-12-15 18:00:00,9.4,12048,Australia,False,False,False,18.8,18.8,0.0,100127,2010,2010-12,Wednesday,2,18,True
100128,P111,Serving Bowl,10,2011-07-30 12:00:00,15.79,12147,Australia,False,False,False,157.89999999999998,157.89999999999998,0.0,100128,2011,2011-07,Saturday,5,12,True
100129,P102,Notebook,9,2011-01-06 09:00:00,4.18,12200,United Kingdom,False,False,False,37.62,37.62,0.0,100129,2011,2011-01,Thursday,3,9,True
100130,P106,Glass Jar,3,2011-06-18 17:00:00,5.5,12613,Australia,False,False,False,16.5,16.5,0.0,100130,2011,2011-06,Saturday,5,17,True
100130,P103,Wall Clock,1,2011-06-18 17:00:00,11.36,12613,United Kingdom,False,False,False,11.36,11.36,0.0,100130,2011,2011-06,Saturday,5,17,True
100130,P102,Notebook,5,2011-06-18 17:00:00,4.16,12613,United Kingdom,False,False,False,20.8,20.8,0.0,100130,2011,2011-06,Saturday,5,17,True
100131,P111,Serving Bowl,1,2011-02-17 15:00:00,15.8,12622,Australia,False,False,False,15.8,15.8,0.0,100131,2011,2011-02,Thursday,3,15,True
100131,P108,Tea Set,3,2011-02-17 15:00:00,20.42,12622,India,False,False,False,61.260000000000005,61.260000000000005,0.0,100131,2011,2011-02,Thursday,3,15,True
100131,P102,Notebook,6,2011-02-17 15:00:00,3.92,12622,Spain,False,False,False,23.52,23.52,0.0,100131,2011,2011-02,Thursday,3,15,True
100131,P100,Gift Box,1,2011-02-17 15:00:00,4.89,12622,Netherlands,False,False,False,4.89,4.89,0.0,100131,2011,2011-02,Thursday,3,15,True
100132,P103,Wall Clock,3,2011-03-17 19:00:00,12.48,12027,France,False,False,False,37.44,37.44,0.0,100132,2011,2011-03,Thursday,3,19,True
100133,P103,Wall Clock,1,2011-11-21 18:00:00,14.25,12499,India,False,False,False,14.25,14.25,0.0,100133,2011,2011-11,Monday,0,18,True
100133,P107,Photo Frame,3,2011-11-21 18:00:00,8.1,12499,Spain,False,False,False,24.299999999999997,24.299999999999997,0.0,100133,2011,2011-11,Monday,0,18,True
100133,P102,Notebook,3,2011-11-21 18:00:00,4.36,12499,United Kingdom,False,False,False,13.080000000000002,13.080000000000002,0.0,100133,2011,2011-11,Monday,0,18,True
100133,P108,Tea Set,3,2011-11-21 18:00:00,17.48,12499,India,False,False,False,52.44,52.44,0.0,100133,2011,2011-11,Monday,0,18,True
100134,P105,Tote Bag,2,2011-07-11 12:00:00,6.84,12500,Germany,False,False,False,13.68,13.68,0.0,100134,2011,2011-07,Monday,0,12,True
100134,P109,Desk Organizer,1,2011-07-11 12:00:00,10.51,12500,Netherlands,False,False,False,10.51,10.51,0.0,100134,2011,2011-07,Monday,0,12,True
100134,P110,Gift Wrap,1,2011-07-11 12:00:00,2.46,12500,France,False,False,False,2.46,2.46,0.0,100134,2011,2011-07,Monday,0,12,True
100135,P106,Glass Jar,1,2010-12-21 17:00:00,5.98,12087,India,False,False,False,5.98,5.98,0.0,100135,2010,2010-12,Tuesday,1,17,True
100135,P104,Candle Set,3,2010-12-21 17:00:00,10.22,12087,Germany,False,False,False,30.660000000000004,30.660000000000004,0.0,100135,2010,2010-12,Tuesday,1,17,True
100135,P109,Desk Organizer,19,2010-12-21 17:00:00,9.97,12087,Spain,False,False,False,189.43,189.43,0.0,100135,2010,2010-12,Tuesday,1,17,True
100135,P100,Gift Box,1,2010-12-21 17:00:00,4.77,12087,Germany,False,False,False,4.77,4.77,0.0,100135,2010,2010-12,Tuesday,1,17,True
100136,P105,Tote Bag,7,2011-09-02 09:00:00,7.17,12259,Netherlands,False,False,False,50.19,50.19,0.0,100136,2011,2011-09,Friday,4,9,True
100136,P101,Ceramic Mug,1,2011-09-02 09:00:00,6.73,12259,United Kingdom,False,False,False,6.73,6.73,0.0,100136,2011,2011-09,Friday,4,9,True
100137,P102,Notebook,1,2011-11-25 16:00:00,4.36,12608,India,False,False,False,4.36,4.36,0.0,100137,2011,2011-11,Friday,4,16,True
100137,P109,Desk Organizer,7,2011-11-25 16:00:00,12.17,12608,Spain,False,False,False,85.19,85.19,0.0,100137,2011,2011-11,Friday,4,16,True
100137,P107,Photo Frame,3,2011-11-25 16:00:00,9.19,12608,Netherlands,False,False,False,27.57,27.57,0.0,100137,2011,2011-11,Friday,4,16,True
100137,P103,Wall Clock,3,2011-11-25 16:00:00,13.48,12608,Germany,False,False,False,40.44,40.44,0.0,100137,2011,2011-11,Friday,4,16,True
100138,P102,Notebook,3,2011-05-15 10:00:00,3.65,12085,Spain,False,False,False,10.95,10.95,0.0,100138,2011,2011-05,Sunday,6,10,True
100138,P100,Gift Box,4,2011-05-15 10:00:00,4.82,12085,Netherlands,False,False,False,19.28,19.28,0.0,100138,2011,2011-05,Sunday,6,10,True
100139,P101,Ceramic Mug,2,2011-10-13 18:00:00,7.0,12018,Australia,False,False,False,14.0,14.0,0.0,100139,2011,2011-10,Thursday,3,18,True
100139,P102,Notebook,5,2011-10-13 18:00:00,4.0,12018,United Kingdom,False,False,False,20.0,20.0,0.0,100139,2011,2011-10,Thursday,3,18,True
100139,P108,Tea Set,3,2011-10-13 18:00:00,19.24,12018,Netherlands,False,False,False,57.72,57.72,0.0,100139,2011,2011-10,Thursday,3,18,True
100139,P103,Wall Clock,2,2011-10-13 18:00:00,12.65,12018,India,False,False,False,25.3,25.3,0.0,100139,2011,2011-10,Thursday,3,18,True
100140,P103,Wall Clock,27,2011-05-01 19:00:00,13.84,12020,France,False,False,False,373.68,373.68,0.0,100140,2011,2011-05,Sunday,6,19,True
100141,P104,Candle Set,1,2010-12-14 17:00:00,10.4,12273,Australia,False,False,False,10.4,10.4,0.0,100141,2010,2010-12,Tuesday,1,17,True
100141,P105,Tote Bag,6,2010-12-14 17:00:00,6.63,12273,Spain,False,False,False,39.78,39.78,0.0,100141,2010,2010-12,Tuesday,1,17,True
100141,P100,Gift Box,1,2010-12-14 17:00:00,4.58,12273,Australia,False,False,False,4.58,4.58,0.0,100141,2010,2010-12,Tuesday,1,17,True
100141,P110,Gift Wrap,1,2010-12-14 17:00:00,2.29,12273,Australia,False,False,False,2.29,2.29,0.0,100141,2010,2010-12,Tuesday,1,17,True
100142,P104,Candle Set,2,2011-07-06 08:00:00,9.29,12022,India,False,False,False,18.58,18.58,0.0,100142,2011,2011-07,Wednesday,2,8,True
100142,P109,Desk Organizer,2,2011-07-06 08:00:00,10.8,12022,Australia,False,False,False,21.6,21.6,0.0,100142,2011,2011-07,Wednesday,2,8,True
100142,P110,Gift Wrap,2,2011-07-06 08:00:00,2.62,12022,United Kingdom,False,False,False,5.24,5.24,0.0,100142,2011,2011-07,Wednesday,2,8,True
100143,P108,Tea Set,1,2011-02-24 19:00:00,17.33,12611,Australia,False,False,False,17.33,17.33,0.0,100143,2011,2011-02,Thursday,3,19,True
100143,P101,Ceramic Mug,3,2011-02-24 19:00:00,8.27,12611,India,False,False,False,24.81,24.81,0.0,100143,2011,2011-02,Thursday,3,19,True
100143,P105,Tote Bag,4,2011-02-24 19:00:00,7.25,12611,Australia,False,False,False,29.0,29.0,0.0,100143,2011,2011-02,Thursday,3,19,True
100144,P105,Tote Bag,5,2011-03-30 10:00:00,7.45,12636,France,False,False,False,37.25,37.25,0.0,100144,2011,2011-03,Wednesday,2,10,True
100144,P108,Tea Set,2,2011-03-30 10:00:00,17.41,12636,Australia,False,False,False,34.82,34.82,0.0,100144,2011,2011-03,Wednesday,2,10,True
100145,P106,Glass Jar,3,2011-07-24 14:00:00,5.51,12075,Netherlands,False,False,False,16.53,16.53,0.0,100145,2011,2011-07,Sunday,6,14,True
100146,P101,Ceramic Mug,1,2011-09-04 13:00:00,6.89,12078,United Kingdom,False,False,False,6.89,6.89,0.0,100146,2011,2011-09,Sunday,6,13,True
100146,P105,Tote Bag,3,2011-09-04 13:00:00,5.88,12078,Australia,False,False,False,17.64,17.64,0.0,100146,2011,2011-09,Sunday,6,13,True
100147,P103,Wall Clock,1,2011-03-28 11:00:00,13.9,12041,India,False,False,False,13.9,13.9,0.0,100147,2011,2011-03,Monday,0,11,True
100147,P111,Serving Bowl,4,2011-03-28 11:00:00,14.66,12041,Netherlands,False,False,False,58.64,58.64,0.0,100147,2011,2011-03,Monday,0,11,True
100147,P108,Tea Set,9,2011-03-28 11:00:00,20.22,12041,France,False,False,False,181.98,181.98,0.0,100147,2011,2011-03,Monday,0,11,True
100148,P103,Wall Clock,6,2011-06-21 10:00:00,13.52,12002,United Kingdom,False,False,False,81.12,81.12,0.0,100148,2011,2011-06,Tuesday,1,10,True
100148,P109,Desk Organizer,1,2011-06-21 10:00:00,10.73,12002,Netherlands,False,False,False,10.73,10.73,0.0,100148,2011,2011-06,Tuesday,1,10,True
100148,P106,Glass Jar,12,2011-06-21 10:00:00,5.26,12002,Spain,False,False,False,63.12,63.12,0.0,100148,2011,2011-06,Tuesday,1,10,True
100149,P103,Wall Clock,1,2010-12-18 13:00:00,13.78,12091,Netherlands,False,False,False,13.78,13.78,0.0,100149,2010,2010-12,Saturday,5,13,True
100149,P111,Serving Bowl,4,2010-12-18 13:00:00,14.77,12091,Netherlands,False,False,False,59.08,59.08,0.0,100149,2010,2010-12,Saturday,5,13,True
100149,P100,Gift Box,1,2010-12-18 13:00:00,4.3,12091,Netherlands,False,False,False,4.3,4.3,0.0,100149,2010,2010-12,Saturday,5,13,True
100150,P102,Notebook,1,2011-01-30 12:00:00,3.61,12187,Netherlands,False,False,False,3.61,3.61,0.0,100150,2011,2011-01,Sunday,6,12,True
100151,P104,Candle Set,4,2011-11-09 11:00:00,10.27,12004,Australia,False,False,False,41.08,41.08,0.0,100151,2011,2011-11,Wednesday,2,11,True
100151,P109,Desk Organizer,5,2011-11-09 11:00:00,11.59,12004,Australia,False,False,False,57.95,57.95,0.0,100151,2011,2011-11,Wednesday,2,11,True
100151,P105,Tote Bag,2,2011-11-09 11:00:00,6.1,12004,Netherlands,False,False,False,12.2,12.2,0.0,100151,2011,2011-11,Wednesday,2,11,True
100151,P100,Gift Box,1,2011-11-09 11:00:00,4.87,12004,United Kingdom,False,False,False,4.87,4.87,0.0,100151,2011,2011-11,Wednesday,2,11,True
100152,P103,Wall Clock,6,2011-10-11 16:00:00,11.94,12204,Spain,False,False,False,71.64,71.64,0.0,100152,2011,2011-10,Tuesday,1,16,True
100152,P105,Tote Bag,2,2011-10-11 16:00:00,7.04,12204,India,False,False,False,14.08,14.08,0.0,100152,2011,2011-10,Tuesday,1,16,True
100152,P111,Serving Bowl,11,2011-10-11 16:00:00,16.14,12204,United Kingdom,False,False,False,177.54000000000002,177.54000000000002,0.0,100152,2011,2011-10,Tuesday,1,16,True
100153,P101,Ceramic Mug,1,2011-07-07 15:00:00,6.75,12056,France,False,False,False,6.75,6.75,0.0,100153,2011,2011-07,Thursday,3,15,True
100153,P110,Gift Wrap,1,2011-07-07 15:00:00,2.2,12056,India,False,False,False,2.2,2.2,0.0,100153,2011,2011-07,Thursday,3,15,True
100154,P103,Wall Clock,1,2011-09-06 17:00:00,12.88,12206,Germany,False,False,False,12.88,12.88,0.0,100154,2011,2011-09,Tuesday,1,17,True
100155,P102,Notebook,2,2011-10-08 17:00:00,4.07,12179,France,False,False,False,8.14,8.14,0.0,100155,2011,2011-10,Saturday,5,17,True
100155,P101,Ceramic Mug,4,2011-10-08 17:00:00,6.73,12179,United Kingdom,False,False,False,26.92,26.92,0.0,100155,2011,2011-10,Saturday,5,17,True
100155,P110,Gift Wrap,6,2011-10-08 17:00:00,2.33,12179,France,False,False,False,13.98,13.98,0.0,100155,2011,2011-10,Saturday,5,17,True
100155,P106,Glass Jar,3,2011-10-08 17:00:00,5.46,12179,Germany,False,False,False,16.38,16.38,0.0,100155,2011,2011-10,Saturday,5,17,True
100156,P105,Tote Bag,4,2011-07-29 12:00:00,7.17,12025,United Kingdom,False,False,False,28.68,28.68,0.0,100156,2011,2011-07,Friday,4,12,True
100157,P107,Photo Frame,2,2011-10-10 14:00:00,8.09,12115,Spain,False,False,False,16.18,16.18,0.0,100157,2011,2011-10,Monday,0,14,True
100158,P103,Wall Clock,4,2011-05-05 09:00:00,13.23,12023,Spain,False,False,False,52.92,52.92,0.0,100158,2011,2011-05,Thursday,3,9,True
100158,P107,Photo Frame,2,2011-05-05 09:00:00,7.47,12023,Germany,False,False,False,14.94,14.94,0.0,100158,2011,2011-05,Thursday,3,9,True
100158,P109,Desk Organizer,4,2011-05-05 09:00:00,10.82,12023,France,False,False,False,43.28,43.28,0.0,100158,2011,2011-05,Thursday,3,9,True
100158,P100,Gift Box,7,2011-05-05 09:00:00,4.56,12023,India,False,False,False,31.919999999999998,31.919999999999998,0.0,100158,2011,2011-05,Thursday,3,9,True
100159,P111,Serving Bowl,3,2011-10-08 08:00:00,14.01,12076,France,False,False,False,42.03,42.03,0.0,100159,2011,2011-10,Saturday,5,8,True
100159,P101,Ceramic Mug,3,2011-10-08 08:00:00,7.24,12076,India,False,False,False,21.72,21.72,0.0,100159,2011,2011-10,Saturday,5,8,True
100160,P102,Notebook,5,2011-11-10 19:00:00,3.79,12232,France,False,False,False,18.95,18.95,0.0,100160,2011,2011-11,Thursday,3,19,True
100160,P108,Tea Set,2,2011-11-10 19:00:00,17.04,12232,Netherlands,False,False,False,34.08,34.08,0.0,100160,2011,2011-11,Thursday,3,19,True
100160,P106,Glass Jar,2,2011-11-10 19:00:00,5.23,12232,Germany,False,False,False,10.46,10.46,0.0,100160,2011,2011-11,Thursday,3,19,True
100160,P109,Desk Organizer,2,2011-11-10 19:00:00,11.76,12232,Germany,False,False,False,23.52,23.52,0.0,100160,2011,2011-11,Thursday,3,19,True
100161,P108,Tea Set,1,2011-03-08 12:00:00,18.77,12093,France,False,False,False,18.77,18.77,0.0,100161,2011,2011-03,Tuesday,1,12,True
100161,P103,Wall Clock,4,2011-03-08 12:00:00,12.32,12093,Spain,False,False,False,49.28,49.28,0.0,100161,2011,2011-03,Tuesday,1,12,True
100162,P111,Serving Bowl,4,2010-12-15 14:00:00,16.45,12224,United Kingdom,False,False,False,65.8,65.8,0.0,100162,2010,2010-12,Wednesday,2,14,True
100163,P107,Photo Frame,12,2011-01-25 16:00:00,8.44,12330,Spain,False,False,False,101.28,101.28,0.0,100163,2011,2011-01,Tuesday,1,16,True
100163,P108,Tea Set,2,2011-01-25 16:00:00,16.26,12330,France,False,False,False,32.52,32.52,0.0,100163,2011,2011-01,Tuesday,1,16,True
100164,P111,Serving Bowl,1,2011-07-12 11:00:00,13.17,12632,Germany,False,False,False,13.17,13.17,0.0,100164,2011,2011-07,Tuesday,1,11,True
100164,P100,Gift Box,1,2011-07-12 11:00:00,4.48,12632,United Kingdom,False,False,False,4.48,4.48,0.0,100164,2011,2011-07,Tuesday,1,11,True
100165,P107,Photo Frame,1,2011-04-06 11:00:00,9.41,12079,Germany,False,False,False,9.41,9.41,0.0,100165,2011,2011-04,Wednesday,2,11,True
100165,P100,Gift Box,3,2011-04-06 11:00:00,4.4,12079,Australia,False,False,False,13.200000000000001,13.200000000000001,0.0,100165,2011,2011-04,Wednesday,2,11,True
100166,P105,Tote Bag,3,2010-12-26 17:00:00,6.35,12487,India,False,False,False,19.049999999999997,19.049999999999997,0.0,100166,2010,2010-12,Sunday,6,17,True
100166,P110,Gift Wrap,1,2010-12-26 17:00:00,2.62,12487,Australia,False,False,False,2.62,2.62,0.0,100166,2010,2010-12,Sunday,6,17,True
100166,P108,Tea Set,1,2010-12-26 17:00:00,16.35,12487,Netherlands,False,False,False,16.35,16.35,0.0,100166,2010,2010-12,Sunday,6,17,True
100167,P104,Candle Set,4,2011-09-11 17:00:00,10.02,12511,United Kingdom,False,False,False,40.08,40.08,0.0,100167,2011,2011-09,Sunday,6,17,True
100167,P109,Desk Organizer,3,2011-09-11 17:00:00,11.07,12511,India,False,False,False,33.21,33.21,0.0,100167,2011,2011-09,Sunday,6,17,True
100167,P105,Tote Bag,3,2011-09-11 17:00:00,6.54,12511,Australia,False,False,False,19.62,19.62,0.0,100167,2011,2011-09,Sunday,6,17,True
100168,P105,Tote Bag,3,2011-08-31 14:00:00,6.1,12077,Spain,False,False,False,18.299999999999997,18.299999999999997,0.0,100168,2011,2011-08,Wednesday,2,14,True
100169,P105,Tote Bag,19,2011-04-10 14:00:00,7.42,12291,United Kingdom,False,False,False,140.98,140.98,0.0,100169,2011,2011-04,Sunday,6,14,True
100169,P109,Desk Organizer,1,2011-04-10 14:00:00,11.35,12291,France,False,False,False,11.35,11.35,0.0,100169,2011,2011-04,Sunday,6,14,True
100170,P103,Wall Clock,4,2011-02-01 11:00:00,11.43,12529,India,False,False,False,45.72,45.72,0.0,100170,2011,2011-02,Tuesday,1,11,True
100170,P102,Notebook,1,2011-02-01 11:00:00,3.48,12529,France,False,False,False,3.48,3.48,0.0,100170,2011,2011-02,Tuesday,1,11,True
100170,P101,Ceramic Mug,3,2011-02-01 11:00:00,6.69,12529,France,False,False,False,20.07,20.07,0.0,100170,2011,2011-02,Tuesday,1,11,True
100171,P103,Wall Clock,1,2011-03-07 18:00:00,12.63,12640,France,False,False,False,12.63,12.63,0.0,100171,2011,2011-03,Monday,0,18,True
100171,P102,Notebook,1,2011-03-07 18:00:00,3.85,12640,United Kingdom,False,False,False,3.85,3.85,0.0,100171,2011,2011-03,Monday,0,18,True
100172,P110,Gift Wrap,1,2011-03-06 13:00:00,2.37,12580,Netherlands,False,False,False,2.37,2.37,0.0,100172,2011,2011-03,Sunday,6,13,True
100172,P100,Gift Box,2,2011-03-06 13:00:00,5.06,12580,France,False,False,False,10.12,10.12,0.0,100172,2011,2011-03,Sunday,6,13,True
100172,P109,Desk Organizer,3,2011-03-06 13:00:00,10.08,12580,Netherlands,False,False,False,30.240000000000002,30.240000000000002,0.0,100172,2011,2011-03,Sunday,6,13,True
100172,P108,Tea Set,2,2011-03-06 13:00:00,19.15,12580,India,False,False,False,38.3,38.3,0.0,100172,2011,2011-03,Sunday,6,13,True
100173,P104,Candle Set,15,2011-09-22 19:00:00,9.64,12022,Spain,False,False,False,144.60000000000002,144.60000000000002,0.0,100173,2011,2011-09,Thursday,3,19,True
100173,P105,Tote Bag,1,2011-09-22 19:00:00,6.48,12022,India,False,False,False,6.48,6.48,0.0,100173,2011,2011-09,Thursday,3,19,True
100173,P109,Desk Organizer,1,2011-09-22 19:00:00,11.62,12022,Germany,False,False,False,11.62,11.62,0.0,100173,2011,2011-09,Thursday,3,19,True
100173,P106,Glass Jar,1,2011-09-22 19:00:00,6.01,12022,Germany,False,False,False,6.01,6.01,0.0,100173,2011,2011-09,Thursday,3,19,True
100174,P110,Gift Wrap,2,2011-03-18 15:00:00,2.2,12116,Netherlands,False,False,False,4.4,4.4,0.0,100174,2011,2011-03,Friday,4,15,True
100174,P103,Wall Clock,6,2011-03-18 15:00:00,12.68,12116,France,False,False,False,76.08,76.08,0.0,100174,2011,2011-03,Friday,4,15,True
100175,P101,Ceramic Mug,3,2011-05-14 14:00:00,7.78,12021,Spain,False,False,False,23.34,23.34,0.0,100175,2011,2011-05,Saturday,5,14,True
100176,P104,Candle Set,3,2011-10-18 19:00:00,9.45,12351,Australia,False,False,False,28.349999999999998,28.349999999999998,0.0,100176,2011,2011-10,Tuesday,1,19,True
100176,P108,Tea Set,17,2011-10-18 19:00:00,18.09,12351,India,False,False,False,307.53,307.53,0.0,100176,2011,2011-10,Tuesday,1,19,True
100176,P107,Photo Frame,1,2011-10-18 19:00:00,7.8,12351,United Kingdom,False,False,False,7.8,7.8,0.0,100176,2011,2011-10,Tuesday,1,19,True
100177,P100,Gift Box,8,2011-06-02 18:00:00,4.74,12021,United Kingdom,False,False,False,37.92,37.92,0.0,100177,2011,2011-06,Thursday,3,18,True
100177,P102,Notebook,4,2011-06-02 18:00:00,4.11,12021,Germany,False,False,False,16.44,16.44,0.0,100177,2011,2011-06,Thursday,3,18,True
100177,P107,Photo Frame,43,2011-06-02 18:00:00,9.33,12021,Spain,False,False,False,401.19,401.19,0.0,100177,2011,2011-06,Thursday,3,18,True
100178,P105,Tote Bag,7,2011-02-17 13:00:00,6.7,12471,France,False,False,False,46.9,46.9,0.0,100178,2011,2011-02,Thursday,3,13,True
100179,P110,Gift Wrap,4,2011-05-09 15:00:00,2.26,12322,United Kingdom,False,False,False,9.04,9.04,0.0,100179,2011,2011-05,Monday,0,15,True
100179,P105,Tote Bag,2,2011-05-09 15:00:00,7.34,12322,Spain,False,False,False,14.68,14.68,0.0,100179,2011,2011-05,Monday,0,15,True
100179,P100,Gift Box,1,2011-05-09 15:00:00,4.14,12322,India,False,False,False,4.14,4.14,0.0,100179,2011,2011-05,Monday,0,15,True
100179,P109,Desk Organizer,3,2011-05-09 15:00:00,10.47,12322,India,False,False,False,31.410000000000004,31.410000000000004,0.0,100179,2011,2011-05,Monday,0,15,True
100180,P106,Glass Jar,7,2011-02-12 13:00:00,5.54,12299,Germany,False,False,False,38.78,38.78,0.0,100180,2011,2011-02,Saturday,5,13,True
100180,P109,Desk Organizer,4,2011-02-12 13:00:00,10.92,12299,France,False,False,False,43.68,43.68,0.0,100180,2011,2011-02,Saturday,5,13,True
100181,P108,Tea Set,8,2011-06-29 11:00:00,19.46,12016,India,False,False,False,155.68,155.68,0.0,100181,2011,2011-06,Wednesday,2,11,True
100182,P100,Gift Box,2,2011-12-02 18:00:00,4.31,12015,France,False,False,False,8.62,8.62,0.0,100182,2011,2011-12,Friday,4,18,True
100182,P101,Ceramic Mug,4,2011-12-02 18:00:00,7.36,12015,France,False,False,False,29.44,29.44,0.0,100182,2011,2011-12,Friday,4,18,True
100182,P108,Tea Set,3,2011-12-02 18:00:00,16.88,12015,Netherlands,False,False,False,50.64,50.64,0.0,100182,2011,2011-12,Friday,4,18,True
100183,P110,Gift Wrap,4,2011-10-04 11:00:00,2.41,12012,Netherlands,False,False,False,9.64,9.64,0.0,100183,2011,2011-10,Tuesday,1,11,True
100183,P101,Ceramic Mug,17,2011-10-04 11:00:00,7.31,12012,Germany,False,False,False,124.27,124.27,0.0,100183,2011,2011-10,Tuesday,1,11,True
100184,P104,Candle Set,1,2011-03-31 17:00:00,9.24,12071,United Kingdom,False,False,False,9.24,9.24,0.0,100184,2011,2011-03,Thursday,3,17,True
100184,P109,Desk Organizer,7,2011-03-31 17:00:00,10.55,12071,France,False,False,False,73.85000000000001,73.85000000000001,0.0,100184,2011,2011-03,Thursday,3,17,True
100185,P103,Wall Clock,26,2011-01-25 09:00:00,13.59,12002,Spain,False,False,False,353.34,353.34,0.0,100185,2011,2011-01,Tuesday,1,9,True
100186,P110,Gift Wrap,2,2011-10-11 15:00:00,2.75,12016,Australia,False,False,False,5.5,5.5,0.0,100186,2011,2011-10,Tuesday,1,15,True
100186,P108,Tea Set,1,2011-10-11 15:00:00,18.7,12016,United Kingdom,False,False,False,18.7,18.7,0.0,100186,2011,2011-10,Tuesday,1,15,True
100187,P107,Photo Frame,1,2011-02-20 17:00:00,7.99,12320,Australia,False,False,False,7.99,7.99,0.0,100187,2011,2011-02,Sunday,6,17,True
100187,P110,Gift Wrap,10,2011-02-20 17:00:00,2.74,12320,Germany,False,False,False,27.400000000000002,27.400000000000002,0.0,100187,2011,2011-02,Sunday,6,17,True
100187,P105,Tote Bag,2,2011-02-20 17:00:00,6.64,12320,Germany,False,False,False,13.28,13.28,0.0,100187,2011,2011-02,Sunday,6,17,True
100188,P101,Ceramic Mug,2,2011-01-09 19:00:00,6.65,12055,India,False,False,False,13.3,13.3,0.0,100188,2011,2011-01,Sunday,6,19,True
100188,P100,Gift Box,2,2011-01-09 19:00:00,4.13,12055,India,False,False,False,8.26,8.26,0.0,100188,2011,2011-01,Sunday,6,19,True
100188,P110,Gift Wrap,3,2011-01-09 19:00:00,2.66,12055,Netherlands,False,False,False,7.98,7.98,0.0,100188,2011,2011-01,Sunday,6,19,True
100189,P103,Wall Clock,2,2011-10-22 15:00:00,13.33,12435,Germany,False,False,False,26.66,26.66,0.0,100189,2011,2011-10,Saturday,5,15,True
100189,P111,Serving Bowl,3,2011-10-22 15:00:00,13.63,12435,France,False,False,False,40.89,40.89,0.0,100189,2011,2011-10,Saturday,5,15,True
100190,P105,Tote Bag,2,2011-08-13 14:00:00,6.8,12047,Spain,False,False,False,13.6,13.6,0.0,100190,2011,2011-08,Saturday,5,14,True
100190,P110,Gift Wrap,2,2011-08-13 14:00:00,2.54,12047,Netherlands,False,False,False,5.08,5.08,0.0,100190,2011,2011-08,Saturday,5,14,True
100191,P100,Gift Box,2,2011-09-22 15:00:00,4.81,12502,Germany,False,False,False,9.62,9.62,0.0,100191,2011,2011-09,Thursday,3,15,True
100191,P106,Glass Jar,10,2011-09-22 15:00:00,5.96,12502,India,False,False,False,59.6,59.6,0.0,100191,2011,2011-09,Thursday,3,15,True
100191,P109,Desk Organizer,7,2011-09-22 15:00:00,11.53,12502,Germany,False,False,False,80.71,80.71,0.0,100191,2011,2011-09,Thursday,3,15,True
100191,P104,Candle Set,5,2011-09-22 15:00:00,10.7,12502,Germany,False,False,False,53.5,53.5,0.0,100191,2011,2011-09,Thursday,3,15,True
100192,P109,Desk Organizer,7,2011-03-08 12:00:00,12.5,12248,Germany,False,False,False,87.5,87.5,0.0,100192,2011,2011-03,Tuesday,1,12,True
100192,P100,Gift Box,13,2011-03-08 12:00:00,4.43,12248,France,False,False,False,57.589999999999996,57.589999999999996,0.0,100192,2011,2011-03,Tuesday,1,12,True
100193,P111,Serving Bowl,1,2011-10-13 12:00:00,13.23,12526,Australia,False,False,False,13.23,13.23,0.0,100193,2011,2011-10,Thursday,3,12,True
100193,P108,Tea Set,3,2011-10-13 12:00:00,18.69,12526,Australia,False,False,False,56.07000000000001,56.07000000000001,0.0,100193,2011,2011-10,Thursday,3,12,True
100193,P110,Gift Wrap,5,2011-10-13 12:00:00,2.46,12526,United Kingdom,False,False,False,12.3,12.3,0.0,100193,2011,2011-10,Thursday,3,12,True
100193,P106,Glass Jar,2,2011-10-13 12:00:00,6.09,12526,India,False,False,False,12.18,12.18,0.0,100193,2011,2011-10,Thursday,3,12,True
100194,P111,Serving Bowl,3,2011-10-09 08:00:00,14.57,12065,Australia,False,False,False,43.71,43.71,0.0,100194,2011,2011-10,Sunday,6,8,True
100194,P107,Photo Frame,1,2011-10-09 08:00:00,9.1,12065,India,False,False,False,9.1,9.1,0.0,100194,2011,2011-10,Sunday,6,8,True
100194,P109,Desk Organizer,2,2011-10-09 08:00:00,11.41,12065,Australia,False,False,False,22.82,22.82,0.0,100194,2011,2011-10,Sunday,6,8,True
100195,P109,Desk Organizer,2,2011-02-18 12:00:00,12.38,12038,Australia,False,False,False,24.76,24.76,0.0,100195,2011,2011-02,Friday,4,12,True
100195,P108,Tea Set,1,2011-02-18 12:00:00,18.99,12038,Netherlands,False,False,False,18.99,18.99,0.0,100195,2011,2011-02,Friday,4,12,True
100195,P104,Candle Set,5,2011-02-18 12:00:00,11.28,12038,Netherlands,False,False,False,56.4,56.4,0.0,100195,2011,2011-02,Friday,4,12,True
100196,P104,Candle Set,3,2011-02-03 17:00:00,10.17,12310,India,False,False,False,30.509999999999998,30.509999999999998,0.0,100196,2011,2011-02,Thursday,3,17,True
100197,P101,Ceramic Mug,3,2011-05-11 17:00:00,6.79,12079,France,False,False,False,20.37,20.37,0.0,100197,2011,2011-05,Wednesday,2,17,True
100198,P111,Serving Bowl,1,2011-11-12 11:00:00,15.56,12075,Australia,False,False,False,15.56,15.56,0.0,100198,2011,2011-11,Saturday,5,11,True
100198,P102,Notebook,4,2011-11-12 11:00:00,3.45,12075,India,False,False,False,13.8,13.8,0.0,100198,2011,2011-11,Saturday,5,11,True
100198,P105,Tote Bag,8,2011-11-12 11:00:00,7.06,12075,United Kingdom,False,False,False,56.48,56.48,0.0,100198,2011,2011-11,Saturday,5,11,True
100199,P105,Tote Bag,3,2011-06-10 11:00:00,5.88,12327,India,False,False,False,17.64,17.64,0.0,100199,2011,2011-06,Friday,4,11,True
100199,P100,Gift Box,2,2011-06-10 11:00:00,4.98,12327,Germany,False,False,False,9.96,9.96,0.0,100199,2011,2011-06,Friday,4,11,True
100200,P109,Desk Organizer,2,2011-06-20 11:00:00,10.11,12342,Australia,False,False,False,20.22,20.22,0.0,100200,2011,2011-06,Monday,0,11,True
100200,P111,Serving Bowl,165,2011-06-20 11:00:00,14.26,12342,France,False,False,False,2352.9,2352.9,0.0,100200,2011,2011-06,Monday,0,11,True
100200,P108,Tea Set,2,2011-06-20 11:00:00,18.01,12342,Spain,False,False,False,36.02,36.02,0.0,100200,2011,2011-06,Monday,0,11,True
100201,P109,Desk Organizer,1,2011-09-11 17:00:00,12.49,12599,Australia,False,False,False,12.49,12.49,0.0,100201,2011,2011-09,Sunday,6,17,True
100201,P101,Ceramic Mug,4,2011-09-11 17:00:00,7.68,12599,France,False,False,False,30.72,30.72,0.0,100201,2011,2011-09,Sunday,6,17,True
100201,P108,Tea Set,3,2011-09-11 17:00:00,16.85,12599,France,False,False,False,50.550000000000004,50.550000000000004,0.0,100201,2011,2011-09,Sunday,6,17,True
100202,P105,Tote Bag,1,2011-09-24 10:00:00,6.29,12337,India,False,False,False,6.29,6.29,0.0,100202,2011,2011-09,Saturday,5,10,True
100202,P100,Gift Box,6,2011-09-24 10:00:00,4.98,12337,France,False,False,False,29.880000000000003,29.880000000000003,0.0,100202,2011,2011-09,Saturday,5,10,True
100202,P103,Wall Clock,4,2011-09-24 10:00:00,14.25,12337,Germany,False,False,False,57.0,57.0,0.0,100202,2011,2011-09,Saturday,5,10,True
100202,P111,Serving Bowl,7,2011-09-24 10:00:00,14.58,12337,United Kingdom,False,False,False,102.06,102.06,0.0,100202,2011,2011-09,Saturday,5,10,True
100203,P103,Wall Clock,18,2011-04-07 12:00:00,12.8,12286,Spain,False,False,False,230.4,230.4,0.0,100203,2011,2011-04,Thursday,3,12,True
100204,P101,Ceramic Mug,9,2011-10-25 16:00:00,7.77,12352,United Kingdom,False,False,False,69.92999999999999,69.92999999999999,0.0,100204,2011,2011-10,Tuesday,1,16,True
100204,P102,Notebook,3,2011-10-25 16:00:00,4.24,12352,United Kingdom,False,False,False,12.72,12.72,0.0,100204,2011,2011-10,Tuesday,1,16,True
100204,P104,Candle Set,3,2011-10-25 16:00:00,10.89,12352,Germany,False,False,False,32.67,32.67,0.0,100204,2011,2011-10,Tuesday,1,16,True
100205,P111,Serving Bowl,4,2011-02-01 18:00:00,15.75,12384,India,False,False,False,63.0,63.0,0.0,100205,2011,2011-02,Tuesday,1,18,True
100206,P104,Candle Set,2,2011-05-17 10:00:00,9.89,12631,India,False,False,False,19.78,19.78,0.0,100206,2011,2011-05,Tuesday,1,10,True
100206,P106,Glass Jar,3,2011-05-17 10:00:00,5.63,12631,France,False,False,False,16.89,16.89,0.0,100206,2011,2011-05,Tuesday,1,10,True
100207,P108,Tea Set,1,2011-09-25 15:00:00,18.21,12601,Netherlands,False,False,False,18.21,18.21,0.0,100207,2011,2011-09,Sunday,6,15,True
100208,P106,Glass Jar,6,2011-06-03 13:00:00,5.98,12134,India,False,False,False,35.88,35.88,0.0,100208,2011,2011-06,Friday,4,13,True
100208,P102,Notebook,1,2011-06-03 13:00:00,3.57,12134,Germany,False,False,False,3.57,3.57,0.0,100208,2011,2011-06,Friday,4,13,True
100209,P103,Wall Clock,3,2011-08-04 11:00:00,12.44,12307,India,False,False,False,37.32,37.32,0.0,100209,2011,2011-08,Thursday,3,11,True
100209,P108,Tea Set,7,2011-08-04 11:00:00,16.95,12307,Australia,False,False,False,118.64999999999999,118.64999999999999,0.0,100209,2011,2011-08,Thursday,3,11,True
100209,P106,Glass Jar,8,2011-08-04 11:00:00,5.49,12307,Australia,False,False,False,43.92,43.92,0.0,100209,2011,2011-08,Thursday,3,11,True
100209,P102,Notebook,2,2011-08-04 11:00:00,3.79,12307,Australia,False,False,False,7.58,7.58,0.0,100209,2011,2011-08,Thursday,3,11,True
100210,P105,Tote Bag,2,2011-06-26 16:00:00,6.13,12523,France,False,False,False,12.26,12.26,0.0,100210,2011,2011-06,Sunday,6,16,True
100211,P103,Wall Clock,3,2011-07-26 08:00:00,11.96,12673,United Kingdom,False,False,False,35.88,35.88,0.0,100211,2011,2011-07,Tuesday,1,8,True
100212,P100,Gift Box,2,2011-06-13 19:00:00,4.45,12232,Netherlands,False,False,False,8.9,8.9,0.0,100212,2011,2011-06,Monday,0,19,True
100212,P105,Tote Bag,2,2011-06-13 19:00:00,7.13,12232,Germany,False,False,False,14.26,14.26,0.0,100212,2011,2011-06,Monday,0,19,True
100213,P109,Desk Organizer,5,2011-01-29 12:00:00,10.65,12032,Netherlands,False,False,False,53.25,53.25,0.0,100213,2011,2011-01,Saturday,5,12,True
100213,P108,Tea Set,2,2011-01-29 12:00:00,19.38,12032,France,False,False,False,38.76,38.76,0.0,100213,2011,2011-01,Saturday,5,12,True
100213,P100,Gift Box,4,2011-01-29 12:00:00,5.0,12032,France,False,False,False,20.0,20.0,0.0,100213,2011,2011-01,Saturday,5,12,True
100214,P109,Desk Organizer,3,2011-02-03 18:00:00,9.99,12478,United Kingdom,False,False,False,29.97,29.97,0.0,100214,2011,2011-02,Thursday,3,18,True
100214,P105,Tote Bag,8,2011-02-03 18:00:00,7.21,12478,India,False,False,False,57.68,57.68,0.0,100214,2011,2011-02,Thursday,3,18,True
100215,P108,Tea Set,4,2010-12-30 12:00:00,16.65,12589,France,False,False,False,66.6,66.6,0.0,100215,2010,2010-12,Thursday,3,12,True
100215,P109,Desk Organizer,1,2010-12-30 12:00:00,12.5,12589,France,False,False,False,12.5,12.5,0.0,100215,2010,2010-12,Thursday,3,12,True
100215,P111,Serving Bowl,2,2010-12-30 12:00:00,16.64,12589,France,False,False,False,33.28,33.28,0.0,100215,2010,2010-12,Thursday,3,12,True
100215,P105,Tote Bag,4,2010-12-30 12:00:00,7.29,12589,United Kingdom,False,False,False,29.16,29.16,0.0,100215,2010,2010-12,Thursday,3,12,True
100216,P107,Photo Frame,3,2010-12-19 15:00:00,7.62,12468,France,False,False,False,22.86,22.86,0.0,100216,2010,2010-12,Sunday,6,15,True
100216,P111,Serving Bowl,1,2010-12-19 15:00:00,14.32,12468,Germany,False,False,False,14.32,14.32,0.0,100216,2010,2010-12,Sunday,6,15,True
100217,P105,Tote Bag,13,2011-02-19 10:00:00,7.05,12410,Germany,False,False,False,91.64999999999999,91.64999999999999,0.0,100217,2011,2011-02,Saturday,5,10,True
100217,P107,Photo Frame,1,2011-02-19 10:00:00,8.57,12410,France,False,False,False,8.57,8.57,0.0,100217,2011,2011-02,Saturday,5,10,True
100217,P106,Glass Jar,2,2011-02-19 10:00:00,6.01,12410,Netherlands,False,False,False,12.02,12.02,0.0,100217,2011,2011-02,Saturday,5,10,True
100218,P107,Photo Frame,1,2010-12-04 13:00:00,8.88,12698,Spain,False,False,False,8.88,8.88,0.0,100218,2010,2010-12,Saturday,5,13,True
100218,P100,Gift Box,2,2010-12-04 13:00:00,5.03,12698,United Kingdom,False,False,False,10.06,10.06,0.0,100218,2010,2010-12,Saturday,5,13,True
100218,P104,Candle Set,1,2010-12-04 13:00:00,8.98,12698,France,False,False,False,8.98,8.98,0.0,100218,2010,2010-12,Saturday,5,13,True
100219,P102,Notebook,5,2011-06-25 17:00:00,4.33,12066,Germany,False,False,False,21.65,21.65,0.0,100219,2011,2011-06,Saturday,5,17,True
100219,P104,Candle Set,1,2011-06-25 17:00:00,10.06,12066,United Kingdom,False,False,False,10.06,10.06,0.0,100219,2011,2011-06,Saturday,5,17,True
100219,P101,Ceramic Mug,1,2011-06-25 17:00:00,6.88,12066,United Kingdom,False,False,False,6.88,6.88,0.0,100219,2011,2011-06,Saturday,5,17,True
100220,P109,Desk Organizer,5,2011-06-21 13:00:00,11.69,12184,France,False,False,False,58.449999999999996,58.449999999999996,0.0,100220,2011,2011-06,Tuesday,1,13,True
100221,P102,Notebook,4,2011-03-11 15:00:00,3.65,12109,Spain,False,False,False,14.6,14.6,0.0,100221,2011,2011-03,Friday,4,15,True
100222,P105,Tote Bag,3,2011-04-17 15:00:00,7.17,12049,Germany,False,False,False,21.509999999999998,21.509999999999998,0.0,100222,2011,2011-04,Sunday,6,15,True
100222,P102,Notebook,3,2011-04-17 15:00:00,4.05,12049,Germany,False,False,False,12.149999999999999,12.149999999999999,0.0,100222,2011,2011-04,Sunday,6,15,True
100222,P100,Gift Box,7,2011-04-17 15:00:00,4.57,12049,Australia,False,False,False,31.990000000000002,31.990000000000002,0.0,100222,2011,2011-04,Sunday,6,15,True
100222,P111,Serving Bowl,2,2011-04-17 15:00:00,13.43,12049,Germany,False,False,False,26.86,26.86,0.0,100222,2011,2011-04,Sunday,6,15,True
100223,P106,Glass Jar,12,2011-10-05 09:00:00,4.98,12149,France,False,False,False,59.760000000000005,59.760000000000005,0.0,100223,2011,2011-10,Wednesday,2,9,True
100223,P110,Gift Wrap,2,2011-10-05 09:00:00,2.32,12149,United Kingdom,False,False,False,4.64,4.64,0.0,100223,2011,2011-10,Wednesday,2,9,True
100223,P103,Wall Clock,2,2011-10-05 09:00:00,11.25,12149,India,False,False,False,22.5,22.5,0.0,100223,2011,2011-10,Wednesday,2,9,True
100223,P111,Serving Bowl,1,2011-10-05 09:00:00,14.24,12149,United Kingdom,False,False,False,14.24,14.24,0.0,100223,2011,2011-10,Wednesday,2,9,True
100224,P100,Gift Box,1,2011-04-02 10:00:00,4.21,12275,Australia,False,False,False,4.21,4.21,0.0,100224,2011,2011-04,Saturday,5,10,True
100224,P105,Tote Bag,14,2011-04-02 10:00:00,7.45,12275,Australia,False,False,False,104.3,104.3,0.0,100224,2011,2011-04,Saturday,5,10,True
100225,P102,Notebook,4,2011-04-25 19:00:00,4.3,12020,Germany,False,False,False,17.2,17.2,0.0,100225,2011,2011-04,Monday,0,19,True
100225,P110,Gift Wrap,8,2011-04-25 19:00:00,2.55,12020,United Kingdom,False,False,False,20.4,20.4,0.0,100225,2011,2011-04,Monday,0,19,True
100226,P110,Gift Wrap,1,2011-07-08 08:00:00,2.48,12669,United Kingdom,False,False,False,2.48,2.48,0.0,100226,2011,2011-07,Friday,4,8,True
100226,P104,Candle Set,6,2011-07-08 08:00:00,9.51,12669,Netherlands,False,False,False,57.06,57.06,0.0,100226,2011,2011-07,Friday,4,8,True
100227,P107,Photo Frame,3,2011-10-21 08:00:00,8.76,12563,Netherlands,False,False,False,26.28,26.28,0.0,100227,2011,2011-10,Friday,4,8,True
100227,P109,Desk Organizer,1,2011-10-21 08:00:00,11.52,12563,India,False,False,False,11.52,11.52,0.0,100227,2011,2011-10,Friday,4,8,True
100228,P105,Tote Bag,3,2011-04-06 16:00:00,6.62,12103,Spain,False,False,False,19.86,19.86,0.0,100228,2011,2011-04,Wednesday,2,16,True
100228,P106,Glass Jar,1,2011-04-06 16:00:00,4.97,12103,Germany,False,False,False,4.97,4.97,0.0,100228,2011,2011-04,Wednesday,2,16,True
100228,P102,Notebook,1,2011-04-06 16:00:00,4.19,12103,Australia,False,False,False,4.19,4.19,0.0,100228,2011,2011-04,Wednesday,2,16,True
100229,P101,Ceramic Mug,7,2011-02-01 16:00:00,6.76,12066,Spain,False,False,False,47.32,47.32,0.0,100229,2011,2011-02,Tuesday,1,16,True
100229,P103,Wall Clock,4,2011-02-01 16:00:00,14.1,12066,Spain,False,False,False,56.4,56.4,0.0,100229,2011,2011-02,Tuesday,1,16,True
100230,P106,Glass Jar,2,2011-06-10 16:00:00,5.09,12079,India,False,False,False,10.18,10.18,0.0,100230,2011,2011-06,Friday,4,16,True
100231,P110,Gift Wrap,7,2011-01-11 11:00:00,2.55,12316,United Kingdom,False,False,False,17.849999999999998,17.849999999999998,0.0,100231,2011,2011-01,Tuesday,1,11,True
100231,P111,Serving Bowl,7,2011-01-11 11:00:00,16.02,12316,India,False,False,False,112.14,112.14,0.0,100231,2011,2011-01,Tuesday,1,11,True
100231,P104,Candle Set,4,2011-01-11 11:00:00,10.68,12316,Netherlands,False,False,False,42.72,42.72,0.0,100231,2011,2011-01,Tuesday,1,11,True
100231,P103,Wall Clock,1,2011-01-11 11:00:00,11.56,12316,Australia,False,False,False,11.56,11.56,0.0,100231,2011,2011-01,Tuesday,1,11,True
100232,P102,Notebook,3,2011-02-10 08:00:00,4.17,12329,Australia,False,False,False,12.51,12.51,0.0,100232,2011,2011-02,Thursday,3,8,True
100232,P105,Tote Bag,6,2011-02-10 08:00:00,6.76,12329,Spain,False,False,False,40.56,40.56,0.0,100232,2011,2011-02,Thursday,3,8,True
100232,P100,Gift Box,1,2011-02-10 08:00:00,4.29,12329,Spain,False,False,False,4.29,4.29,0.0,100232,2011,2011-02,Thursday,3,8,True
100233,P102,Notebook,2,2011-11-28 15:00:00,3.53,12023,India,False,False,False,7.06,7.06,0.0,100233,2011,2011-11,Monday,0,15,True
100233,P105,Tote Bag,8,2011-11-28 15:00:00,6.33,12023,Germany,False,False,False,50.64,50.64,0.0,100233,2011,2011-11,Monday,0,15,True
100233,P110,Gift Wrap,3,2011-11-28 15:00:00,2.33,12023,Australia,False,False,False,6.99,6.99,0.0,100233,2011,2011-11,Monday,0,15,True
100233,P109,Desk Organizer,5,2011-11-28 15:00:00,10.15,12023,Netherlands,False,False,False,50.75,50.75,0.0,100233,2011,2011-11,Monday,0,15,True
100234,P103,Wall Clock,1,2011-03-31 12:00:00,11.69,12055,France,False,False,False,11.69,11.69,0.0,100234,2011,2011-03,Thursday,3,12,True
100234,P108,Tea Set,3,2011-03-31 12:00:00,18.91,12055,Netherlands,False,False,False,56.730000000000004,56.730000000000004,0.0,100234,2011,2011-03,Thursday,3,12,True
100235,P104,Candle Set,1,2011-04-19 12:00:00,10.66,12502,United Kingdom,False,False,False,10.66,10.66,0.0,100235,2011,2011-04,Tuesday,1,12,True
100236,P102,Notebook,3,2011-11-03 08:00:00,4.15,12340,France,False,False,False,12.450000000000001,12.450000000000001,0.0,100236,2011,2011-11,Thursday,3,8,True
100236,P106,Glass Jar,1,2011-11-03 08:00:00,6.21,12340,France,False,False,False,6.21,6.21,0.0,100236,2011,2011-11,Thursday,3,8,True
100237,P101,Ceramic Mug,4,2011-02-15 18:00:00,7.37,12058,France,False,False,False,29.48,29.48,0.0,100237,2011,2011-02,Tuesday,1,18,True
100237,P109,Desk Organizer,3,2011-02-15 18:00:00,10.64,12058,Netherlands,False,False,False,31.92,31.92,0.0,100237,2011,2011-02,Tuesday,1,18,True
100238,P102,Notebook,3,2011-09-23 13:00:00,3.84,12321,Australia,False,False,False,11.52,11.52,0.0,100238,2011,2011-09,Friday,4,13,True
100239,P103,Wall Clock,5,2011-05-01 09:00:00,13.97,12042,Australia,False,False,False,69.85000000000001,69.85000000000001,0.0,100239,2011,2011-05,Sunday,6,9,True
100239,P104,Candle Set,2,2011-05-01 09:00:00,10.42,12042,India,False,False,False,20.84,20.84,0.0,100239,2011,2011-05,Sunday,6,9,True
100239,P100,Gift Box,2,2011-05-01 09:00:00,4.18,12042,Netherlands,False,False,False,8.36,8.36,0.0,100239,2011,2011-05,Sunday,6,9,True
100240,P103,Wall Clock,7,2011-03-22 17:00:00,13.98,12379,United Kingdom,False,False,False,97.86,97.86,0.0,100240,2011,2011-03,Tuesday,1,17,True
100240,P111,Serving Bowl,1,2011-03-22 17:00:00,14.74,12379,Australia,False,False,False,14.74,14.74,0.0,100240,2011,2011-03,Tuesday,1,17,True
100240,P105,Tote Bag,4,2011-03-22 17:00:00,6.48,12379,Netherlands,False,False,False,25.92,25.92,0.0,100240,2011,2011-03,Tuesday,1,17,True
100240,P106,Glass Jar,2,2011-03-22 17:00:00,5.22,12379,United Kingdom,False,False,False,10.44,10.44,0.0,100240,2011,2011-03,Tuesday,1,17,True
100241,P107,Photo Frame,1,2011-08-19 17:00:00,7.76,12661,India,False,False,False,7.76,7.76,0.0,100241,2011,2011-08,Friday,4,17,True
100241,P100,Gift Box,3,2011-08-19 17:00:00,4.85,12661,Australia,False,False,False,14.549999999999999,14.549999999999999,0.0,100241,2011,2011-08,Friday,4,17,True
100242,P101,Ceramic Mug,2,2010-12-02 13:00:00,6.97,12377,Netherlands,False,False,False,13.94,13.94,0.0,100242,2010,2010-12,Thursday,3,13,True
100242,P106,Glass Jar,4,2010-12-02 13:00:00,5.57,12377,United Kingdom,False,False,False,22.28,22.28,0.0,100242,2010,2010-12,Thursday,3,13,True
100243,P103,Wall Clock,2,2011-08-10 10:00:00,12.58,12044,United Kingdom,False,False,False,25.16,25.16,0.0,100243,2011,2011-08,Wednesday,2,10,True
100243,P105,Tote Bag,2,2011-08-10 10:00:00,7.02,12044,Australia,False,False,False,14.04,14.04,0.0,100243,2011,2011-08,Wednesday,2,10,True
100244,P110,Gift Wrap,4,2011-06-30 18:00:00,2.76,12475,India,False,False,False,11.04,11.04,0.0,100244,2011,2011-06,Thursday,3,18,True
100244,P109,Desk Organizer,6,2011-06-30 18:00:00,11.92,12475,India,False,False,False,71.52,71.52,0.0,100244,2011,2011-06,Thursday,3,18,True
100244,P100,Gift Box,5,2011-06-30 18:00:00,4.26,12475,Germany,False,False,False,21.299999999999997,21.299999999999997,0.0,100244,2011,2011-06,Thursday,3,18,True
100245,P101,Ceramic Mug,1,2010-12-01 11:00:00,6.58,12322,United Kingdom,False,False,False,6.58,6.58,0.0,100245,2010,2010-12,Wednesday,2,11,True
100245,P108,Tea Set,2,2010-12-01 11:00:00,20.62,12322,India,False,False,False,41.24,41.24,0.0,100245,2010,2010-12,Wednesday,2,11,True
100246,P106,Glass Jar,1,2011-11-22 08:00:00,5.78,12033,India,False,False,False,5.78,5.78,0.0,100246,2011,2011-11,Tuesday,1,8,True
100246,P100,Gift Box,8,2011-11-22 08:00:00,4.85,12033,France,False,False,False,38.8,38.8,0.0,100246,2011,2011-11,Tuesday,1,8,True
100246,P111,Serving Bowl,1,2011-11-22 08:00:00,16.19,12033,Australia,False,False,False,16.19,16.19,0.0,100246,2011,2011-11,Tuesday,1,8,True
100247,P106,Glass Jar,5,2011-08-16 08:00:00,5.63,12102,Spain,False,False,False,28.15,28.15,0.0,100247,2011,2011-08,Tuesday,1,8,True
100248,P111,Serving Bowl,5,2011-02-03 19:00:00,14.1,12013,Spain,False,False,False,70.5,70.5,0.0,100248,2011,2011-02,Thursday,3,19,True
100249,P106,Glass Jar,1,2011-07-13 08:00:00,5.48,12045,United Kingdom,False,False,False,5.48,5.48,0.0,100249,2011,2011-07,Wednesday,2,8,True
100250,P106,Glass Jar,3,2011-06-24 14:00:00,6.21,12022,Australia,False,False,False,18.63,18.63,0.0,100250,2011,2011-06,Friday,4,14,True
100251,P100,Gift Box,1,2011-06-13 19:00:00,4.84,12370,Australia,False,False,False,4.84,4.84,0.0,100251,2011,2011-06,Monday,0,19,True
100251,P110,Gift Wrap,14,2011-06-13 19:00:00,2.61,12370,Spain,False,False,False,36.54,36.54,0.0,100251,2011,2011-06,Monday,0,19,True
100251,P102,Notebook,1,2011-06-13 19:00:00,3.69,12370,India,False,False,False,3.69,3.69,0.0,100251,2011,2011-06,Monday,0,19,True
100251,P103,Wall Clock,4,2011-06-13 19:00:00,13.62,12370,Germany,False,False,False,54.48,54.48,0.0,100251,2011,2011-06,Monday,0,19,True
100252,P110,Gift Wrap,2,2011-02-08 09:00:00,2.23,12413,India,False,False,False,4.46,4.46,0.0,100252,2011,2011-02,Tuesday,1,9,True
100252,P109,Desk Organizer,1,2011-02-08 09:00:00,10.26,12413,France,False,False,False,10.26,10.26,0.0,100252,2011,2011-02,Tuesday,1,9,True
100252,P105,Tote Bag,5,2011-02-08 09:00:00,6.43,12413,Spain,False,False,False,32.15,32.15,0.0,100252,2011,2011-02,Tuesday,1,9,True
100252,P107,Photo Frame,4,2011-02-08 09:00:00,9.26,12413,Germany,False,False,False,37.04,37.04,0.0,100252,2011,2011-02,Tuesday,1,9,True
100253,P105,Tote Bag,5,2011-01-18 09:00:00,6.75,12070,Germany,False,False,False,33.75,33.75,0.0,100253,2011,2011-01,Tuesday,1,9,True
100253,P103,Wall Clock,5,2011-01-18 09:00:00,13.76,12070,United Kingdom,False,False,False,68.8,68.8,0.0,100253,2011,2011-01,Tuesday,1,9,True
100253,P102,Notebook,1,2011-01-18 09:00:00,3.96,12070,United Kingdom,False,False,False,3.96,3.96,0.0,100253,2011,2011-01,Tuesday,1,9,True
100253,P111,Serving Bowl,1,2011-01-18 09:00:00,13.31,12070,India,False,False,False,13.31,13.31,0.0,100253,2011,2011-01,Tuesday,1,9,True
100254,P102,Notebook,1,2011-10-07 12:00:00,4.32,12208,Germany,False,False,False,4.32,4.32,0.0,100254,2011,2011-10,Friday,4,12,True
100255,P101,Ceramic Mug,2,2011-01-21 11:00:00,7.44,12662,Netherlands,False,False,False,14.88,14.88,0.0,100255,2011,2011-01,Friday,4,11,True
100255,P107,Photo Frame,7,2011-01-21 11:00:00,8.74,12662,France,False,False,False,61.18,61.18,0.0,100255,2011,2011-01,Friday,4,11,True
100255,P108,Tea Set,4,2011-01-21 11:00:00,17.06,12662,India,False,False,False,68.24,68.24,0.0,100255,2011,2011-01,Friday,4,11,True
100256,P105,Tote Bag,1,2010-12-12 15:00:00,6.42,12360,Netherlands,False,False,False,6.42,6.42,0.0,100256,2010,2010-12,Sunday,6,15,True
100257,P105,Tote Bag,3,2011-08-24 14:00:00,6.63,12304,Australia,False,False,False,19.89,19.89,0.0,100257,2011,2011-08,Wednesday,2,14,True
100257,P102,Notebook,4,2011-08-24 14:00:00,3.72,12304,France,False,False,False,14.88,14.88,0.0,100257,2011,2011-08,Wednesday,2,14,True
100258,P100,Gift Box,10,2011-03-05 09:00:00,5.1,12699,India,False,False,False,51.0,51.0,0.0,100258,2011,2011-03,Saturday,5,9,True
100258,P111,Serving Bowl,2,2011-03-05 09:00:00,15.29,12699,France,False,False,False,30.58,30.58,0.0,100258,2011,2011-03,Saturday,5,9,True
100258,P103,Wall Clock,6,2011-03-05 09:00:00,11.57,12699,Germany,False,False,False,69.42,69.42,0.0,100258,2011,2011-03,Saturday,5,9,True
100259,P111,Serving Bowl,4,2011-09-19 11:00:00,15.24,12020,United Kingdom,False,False,False,60.96,60.96,0.0,100259,2011,2011-09,Monday,0,11,True
100259,P100,Gift Box,3,2011-09-19 11:00:00,4.62,12020,Spain,False,False,False,13.86,13.86,0.0,100259,2011,2011-09,Monday,0,11,True
100260,P108,Tea Set,2,2010-12-25 19:00:00,17.78,12052,Germany,False,False,False,35.56,35.56,0.0,100260,2010,2010-12,Saturday,5,19,True
100260,P103,Wall Clock,3,2010-12-25 19:00:00,12.88,12052,France,False,False,False,38.64,38.64,0.0,100260,2010,2010-12,Saturday,5,19,True
100261,P102,Notebook,3,2011-09-01 17:00:00,4.18,12079,India,False,False,False,12.54,12.54,0.0,100261,2011,2011-09,Thursday,3,17,True
100261,P101,Ceramic Mug,2,2011-09-01 17:00:00,6.54,12079,Netherlands,False,False,False,13.08,13.08,0.0,100261,2011,2011-09,Thursday,3,17,True
100262,P103,Wall Clock,1,2011-10-27 08:00:00,13.0,12027,Australia,False,False,False,13.0,13.0,0.0,100262,2011,2011-10,Thursday,3,8,True
100263,P102,Notebook,1,2011-05-27 10:00:00,3.73,12397,Netherlands,False,False,False,3.73,3.73,0.0,100263,2011,2011-05,Friday,4,10,True
100263,P108,Tea Set,1,2011-05-27 10:00:00,16.81,12397,Germany,False,False,False,16.81,16.81,0.0,100263,2011,2011-05,Friday,4,10,True
100263,P103,Wall Clock,5,2011-05-27 10:00:00,13.92,12397,France,False,False,False,69.6,69.6,0.0,100263,2011,2011-05,Friday,4,10,True
100264,P104,Candle Set,15,2011-04-14 14:00:00,9.62,12038,India,False,False,False,144.29999999999998,144.29999999999998,0.0,100264,2011,2011-04,Thursday,3,14,True
100264,P100,Gift Box,4,2011-04-14 14:00:00,4.28,12038,Australia,False,False,False,17.12,17.12,0.0,100264,2011,2011-04,Thursday,3,14,True
100264,P106,Glass Jar,1,2011-04-14 14:00:00,6.25,12038,France,False,False,False,6.25,6.25,0.0,100264,2011,2011-04,Thursday,3,14,True
100265,P104,Candle Set,6,2011-05-12 18:00:00,10.74,12063,Netherlands,False,False,False,64.44,64.44,0.0,100265,2011,2011-05,Thursday,3,18,True
100266,P101,Ceramic Mug,5,2011-10-11 08:00:00,7.42,12631,France,False,False,False,37.1,37.1,0.0,100266,2011,2011-10,Tuesday,1,8,True
100266,P108,Tea Set,3,2011-10-11 08:00:00,18.52,12631,Australia,False,False,False,55.56,55.56,0.0,100266,2011,2011-10,Tuesday,1,8,True
100266,P100,Gift Box,3,2011-10-11 08:00:00,4.16,12631,Spain,False,False,False,12.48,12.48,0.0,100266,2011,2011-10,Tuesday,1,8,True
100267,P111,Serving Bowl,1,2011-08-01 14:00:00,13.26,12031,United Kingdom,False,False,False,13.26,13.26,0.0,100267,2011,2011-08,Monday,0,14,True
100267,P100,Gift Box,11,2011-08-01 14:00:00,4.44,12031,United Kingdom,False,False,False,48.84,48.84,0.0,100267,2011,2011-08,Monday,0,14,True
100267,P105,Tote Bag,4,2011-08-01 14:00:00,6.71,12031,Netherlands,False,False,False,26.84,26.84,0.0,100267,2011,2011-08,Monday,0,14,True
100268,P109,Desk Organizer,2,2011-10-19 18:00:00,10.58,12020,Spain,False,False,False,21.16,21.16,0.0,100268,2011,2011-10,Wednesday,2,18,True
100268,P104,Candle Set,2,2011-10-19 18:00:00,9.71,12020,India,False,False,False,19.42,19.42,0.0,100268,2011,2011-10,Wednesday,2,18,True
100268,P111,Serving Bowl,3,2011-10-19 18:00:00,14.01,12020,Spain,False,False,False,42.03,42.03,0.0,100268,2011,2011-10,Wednesday,2,18,True
100269,P110,Gift Wrap,4,2011-02-08 18:00:00,2.36,12009,Germany,False,False,False,9.44,9.44,0.0,100269,2011,2011-02,Tuesday,1,18,True
100269,P101,Ceramic Mug,1,2011-02-08 18:00:00,7.49,12009,Netherlands,False,False,False,7.49,7.49,0.0,100269,2011,2011-02,Tuesday,1,18,True
100270,P107,Photo Frame,4,2010-12-01 09:00:00,9.0,12008,India,False,False,False,36.0,36.0,0.0,100270,2010,2010-12,Wednesday,2,9,True
100270,P111,Serving Bowl,3,2010-12-01 09:00:00,15.77,12008,India,False,False,False,47.31,47.31,0.0,100270,2010,2010-12,Wednesday,2,9,True
100270,P103,Wall Clock,1,2010-12-01 09:00:00,12.22,12008,Spain,False,False,False,12.22,12.22,0.0,100270,2010,2010-12,Wednesday,2,9,True
100270,P105,Tote Bag,1,2010-12-01 09:00:00,6.58,12008,Spain,False,False,False,6.58,6.58,0.0,100270,2010,2010-12,Wednesday,2,9,True
100271,P104,Candle Set,4,2011-06-23 12:00:00,10.0,12144,Australia,False,False,False,40.0,40.0,0.0,100271,2011,2011-06,Thursday,3,12,True
100271,P106,Glass Jar,7,2011-06-23 12:00:00,5.72,12144,France,False,False,False,40.04,40.04,0.0,100271,2011,2011-06,Thursday,3,12,True
100271,P109,Desk Organizer,11,2011-06-23 12:00:00,11.27,12144,Netherlands,False,False,False,123.97,123.97,0.0,100271,2011,2011-06,Thursday,3,12,True
100272,P104,Candle Set,1,2011-12-03 08:00:00,9.88,12312,Germany,False,False,False,9.88,9.88,0.0,100272,2011,2011-12,Saturday,5,8,True
100272,P106,Glass Jar,3,2011-12-03 08:00:00,4.95,12312,Spain,False,False,False,14.850000000000001,14.850000000000001,0.0,100272,2011,2011-12,Saturday,5,8,True
100272,P105,Tote Bag,3,2011-12-03 08:00:00,6.77,12312,Spain,False,False,False,20.31,20.31,0.0,100272,2011,2011-12,Saturday,5,8,True
100272,P107,Photo Frame,4,2011-12-03 08:00:00,7.95,12312,France,False,False,False,31.8,31.8,0.0,100272,2011,2011-12,Saturday,5,8,True
100273,P111,Serving Bowl,9,2011-07-11 16:00:00,15.79,12661,Australia,False,False,False,142.10999999999999,142.10999999999999,0.0,100273,2011,2011-07,Monday,0,16,True
100274,P108,Tea Set,14,2011-07-14 08:00:00,18.48,12040,Australia,False,False,False,258.72,258.72,0.0,100274,2011,2011-07,Thursday,3,8,True
100274,P106,Glass Jar,2,2011-07-14 08:00:00,5.16,12040,Germany,False,False,False,10.32,10.32,0.0,100274,2011,2011-07,Thursday,3,8,True
100274,P110,Gift Wrap,6,2011-07-14 08:00:00,2.17,12040,Spain,False,False,False,13.02,13.02,0.0,100274,2011,2011-07,Thursday,3,8,True
100275,P109,Desk Organizer,1,2010-12-02 09:00:00,10.73,12205,Germany,False,False,False,10.73,10.73,0.0,100275,2010,2010-12,Thursday,3,9,True
100275,P107,Photo Frame,5,2010-12-02 09:00:00,7.84,12205,Australia,False,False,False,39.2,39.2,0.0,100275,2010,2010-12,Thursday,3,9,True
100275,P103,Wall Clock,1,2010-12-02 09:00:00,12.75,12205,Australia,False,False,False,12.75,12.75,0.0,100275,2010,2010-12,Thursday,3,9,True
100276,P107,Photo Frame,7,2011-12-05 10:00:00,8.4,12026,France,False,False,False,58.800000000000004,58.800000000000004,0.0,100276,2011,2011-12,Monday,0,10,True
100276,P104,Candle Set,5,2011-12-05 10:00:00,10.18,12026,France,False,False,False,50.9,50.9,0.0,100276,2011,2011-12,Monday,0,10,True
100276,P106,Glass Jar,3,2011-12-05 10:00:00,5.2,12026,Netherlands,False,False,False,15.600000000000001,15.600000000000001,0.0,100276,2011,2011-12,Monday,0,10,True
100276,P108,Tea Set,6,2011-12-05 10:00:00,20.07,12026,India,False,False,False,120.42,120.42,0.0,100276,2011,2011-12,Monday,0,10,True
100277,P101,Ceramic Mug,1,2011-05-28 10:00:00,7.06,12546,India,False,False,False,7.06,7.06,0.0,100277,2011,2011-05,Saturday,5,10,True
100277,P109,Desk Organizer,3,2011-05-28 10:00:00,10.61,12546,Spain,False,False,False,31.83,31.83,0.0,100277,2011,2011-05,Saturday,5,10,True
100278,P107,Photo Frame,1,2011-09-02 08:00:00,8.37,12017,Australia,False,False,False,8.37,8.37,0.0,100278,2011,2011-09,Friday,4,8,True
100278,P105,Tote Bag,2,2011-09-02 08:00:00,7.16,12017,India,False,False,False,14.32,14.32,0.0,100278,2011,2011-09,Friday,4,8,True
100278,P104,Candle Set,4,2011-09-02 08:00:00,9.02,12017,Germany,False,False,False,36.08,36.08,0.0,100278,2011,2011-09,Friday,4,8,True
100278,P106,Glass Jar,7,2011-09-02 08:00:00,6.16,12017,Germany,False,False,False,43.120000000000005,43.120000000000005,0.0,100278,2011,2011-09,Friday,4,8,True
100279,P101,Ceramic Mug,5,2011-11-17 16:00:00,6.49,12172,France,False,False,False,32.45,32.45,0.0,100279,2011,2011-11,Thursday,3,16,True
100279,P102,Notebook,2,2011-11-17 16:00:00,3.61,12172,United Kingdom,False,False,False,7.22,7.22,0.0,100279,2011,2011-11,Thursday,3,16,True
100280,P107,Photo Frame,10,2011-02-22 12:00:00,8.13,12376,Australia,False,False,False,81.30000000000001,81.30000000000001,0.0,100280,2011,2011-02,Tuesday,1,12,True
100280,P105,Tote Bag,4,2011-02-22 12:00:00,7.42,12376,France,False,False,False,29.68,29.68,0.0,100280,2011,2011-02,Tuesday,1,12,True
100281,P110,Gift Wrap,4,2011-07-19 16:00:00,2.56,12065,Netherlands,False,False,False,10.24,10.24,0.0,100281,2011,2011-07,Tuesday,1,16,True
100281,P101,Ceramic Mug,2,2011-07-19 16:00:00,6.67,12065,Spain,False,False,False,13.34,13.34,0.0,100281,2011,2011-07,Tuesday,1,16,True
100282,P107,Photo Frame,7,2011-11-23 17:00:00,9.03,12322,India,False,False,False,63.209999999999994,63.209999999999994,0.0,100282,2011,2011-11,Wednesday,2,17,True
100282,P105,Tote Bag,2,2011-11-23 17:00:00,5.9,12322,India,False,False,False,11.8,11.8,0.0,100282,2011,2011-11,Wednesday,2,17,True
100283,P108,Tea Set,1,2011-09-28 13:00:00,17.31,12041,Spain,False,False,False,17.31,17.31,0.0,100283,2011,2011-09,Wednesday,2,13,True
100284,P109,Desk Organizer,5,2011-09-09 11:00:00,11.05,12567,Netherlands,False,False,False,55.25,55.25,0.0,100284,2011,2011-09,Friday,4,11,True
100284,P106,Glass Jar,2,2011-09-09 11:00:00,6.2,12567,Australia,False,False,False,12.4,12.4,0.0,100284,2011,2011-09,Friday,4,11,True
100284,P103,Wall Clock,3,2011-09-09 11:00:00,12.0,12567,United Kingdom,False,False,False,36.0,36.0,0.0,100284,2011,2011-09,Friday,4,11,True
100284,P101,Ceramic Mug,15,2011-09-09 11:00:00,7.16,12567,Germany,False,False,False,107.4,107.4,0.0,100284,2011,2011-09,Friday,4,11,True
100285,P105,Tote Bag,3,2011-10-23 12:00:00,6.78,12301,Germany,False,False,False,20.34,20.34,0.0,100285,2011,2011-10,Sunday,6,12,True
100285,P100,Gift Box,2,2011-10-23 12:00:00,4.24,12301,United Kingdom,False,False,False,8.48,8.48,0.0,100285,2011,2011-10,Sunday,6,12,True
100285,P103,Wall Clock,2,2011-10-23 12:00:00,11.83,12301,Spain,False,False,False,23.66,23.66,0.0,100285,2011,2011-10,Sunday,6,12,True
100285,P107,Photo Frame,20,2011-10-23 12:00:00,8.64,12301,India,False,False,False,172.8,172.8,0.0,100285,2011,2011-10,Sunday,6,12,True
100286,P107,Photo Frame,9,2011-08-11 08:00:00,8.92,12118,Australia,False,False,False,80.28,80.28,0.0,100286,2011,2011-08,Thursday,3,8,True
100287,P105,Tote Bag,1,2011-05-06 15:00:00,6.96,12070,India,False,False,False,6.96,6.96,0.0,100287,2011,2011-05,Friday,4,15,True
100288,P102,Notebook,1,2010-12-30 09:00:00,4.14,12014,Australia,False,False,False,4.14,4.14,0.0,100288,2010,2010-12,Thursday,3,9,True
100288,P103,Wall Clock,3,2010-12-30 09:00:00,13.85,12014,Australia,False,False,False,41.55,41.55,0.0,100288,2010,2010-12,Thursday,3,9,True
100288,P108,Tea Set,5,2010-12-30 09:00:00,20.41,12014,Netherlands,False,False,False,102.05,102.05,0.0,100288,2010,2010-12,Thursday,3,9,True
100289,P106,Glass Jar,3,2011-05-25 14:00:00,5.29,12359,Spain,False,False,False,15.870000000000001,15.870000000000001,0.0,100289,2011,2011-05,Wednesday,2,14,True
100289,P101,Ceramic Mug,11,2011-05-25 14:00:00,8.17,12359,United Kingdom,False,False,False,89.87,89.87,0.0,100289,2011,2011-05,Wednesday,2,14,True
100289,P109,Desk Organizer,1,2011-05-25 14:00:00,10.36,12359,Australia,False,False,False,10.36,10.36,0.0,100289,2011,2011-05,Wednesday,2,14,True
100290,P107,Photo Frame,6,2011-02-20 11:00:00,7.77,12676,India,False,False,False,46.62,46.62,0.0,100290,2011,2011-02,Sunday,6,11,True
100290,P111,Serving Bowl,2,2011-02-20 11:00:00,15.65,12676,Spain,False,False,False,31.3,31.3,0.0,100290,2011,2011-02,Sunday,6,11,True
100291,P111,Serving Bowl,1,2011-10-15 18:00:00,14.73,12058,Germany,False,False,False,14.73,14.73,0.0,100291,2011,2011-10,Saturday,5,18,True
100291,P105,Tote Bag,3,2011-10-15 18:00:00,7.36,12058,Germany,False,False,False,22.080000000000002,22.080000000000002,0.0,100291,2011,2011-10,Saturday,5,18,True
100291,P110,Gift Wrap,5,2011-10-15 18:00:00,2.36,12058,Germany,False,False,False,11.799999999999999,11.799999999999999,0.0,100291,2011,2011-10,Saturday,5,18,True
100291,P102,Notebook,1,2011-10-15 18:00:00,4.17,12058,India,False,False,False,4.17,4.17,0.0,100291,2011,2011-10,Saturday,5,18,True
100292,P107,Photo Frame,3,2011-02-21 12:00:00,9.35,12241,Germany,False,False,False,28.049999999999997,28.049999999999997,0.0,100292,2011,2011-02,Monday,0,12,True
100293,P108,Tea Set,1,2011-08-09 13:00:00,19.96,12528,Spain,False,False,False,19.96,19.96,0.0,100293,2011,2011-08,Tuesday,1,13,True
100293,P104,Candle Set,1,2011-08-09 13:00:00,10.21,12528,Netherlands,False,False,False,10.21,10.21,0.0,100293,2011,2011-08,Tuesday,1,13,True
100293,P103,Wall Clock,1,2011-08-09 13:00:00,12.34,12528,Australia,False,False,False,12.34,12.34,0.0,100293,2011,2011-08,Tuesday,1,13,True
100293,P105,Tote Bag,1,2011-08-09 13:00:00,6.38,12528,India,False,False,False,6.38,6.38,0.0,100293,2011,2011-08,Tuesday,1,13,True
100294,P106,Glass Jar,5,2010-12-09 09:00:00,4.97,12036,Spain,False,False,False,24.849999999999998,24.849999999999998,0.0,100294,2010,2010-12,Thursday,3,9,True
100294,P101,Ceramic Mug,1,2010-12-09 09:00:00,6.8,12036,United Kingdom,False,False,False,6.8,6.8,0.0,100294,2010,2010-12,Thursday,3,9,True
100294,P107,Photo Frame,4,2010-12-09 09:00:00,8.67,12036,India,False,False,False,34.68,34.68,0.0,100294,2010,2010-12,Thursday,3,9,True
100295,P108,Tea Set,5,2011-03-05 17:00:00,18.13,12639,India,False,False,False,90.64999999999999,90.64999999999999,0.0,100295,2011,2011-03,Saturday,5,17,True
100295,P110,Gift Wrap,5,2011-03-05 17:00:00,2.62,12639,United Kingdom,False,False,False,13.100000000000001,13.100000000000001,0.0,100295,2011,2011-03,Saturday,5,17,True
100295,P105,Tote Bag,3,2011-03-05 17:00:00,5.9,12639,France,False,False,False,17.700000000000003,17.700000000000003,0.0,100295,2011,2011-03,Saturday,5,17,True
100295,P101,Ceramic Mug,2,2011-03-05 17:00:00,7.07,12639,Spain,False,False,False,14.14,14.14,0.0,100295,2011,2011-03,Saturday,5,17,True
100296,P110,Gift Wrap,1,2011-07-24 15:00:00,2.42,12639,Netherlands,False,False,False,2.42,2.42,0.0,100296,2011,2011-07,Sunday,6,15,True
100296,P104,Candle Set,2,2011-07-24 15:00:00,9.61,12639,Netherlands,False,False,False,19.22,19.22,0.0,100296,2011,2011-07,Sunday,6,15,True
100296,P107,Photo Frame,5,2011-07-24 15:00:00,8.72,12639,India,False,False,False,43.6,43.6,0.0,100296,2011,2011-07,Sunday,6,15,True
100297,P103,Wall Clock,2,2011-07-14 18:00:00,12.12,12661,United Kingdom,False,False,False,24.24,24.24,0.0,100297,2011,2011-07,Thursday,3,18,True
100297,P108,Tea Set,5,2011-07-14 18:00:00,18.92,12661,United Kingdom,False,False,False,94.60000000000001,94.60000000000001,0.0,100297,2011,2011-07,Thursday,3,18,True
100297,P107,Photo Frame,4,2011-07-14 18:00:00,8.83,12661,United Kingdom,False,False,False,35.32,35.32,0.0,100297,2011,2011-07,Thursday,3,18,True
100298,P107,Photo Frame,1,2010-12-06 13:00:00,7.91,12019,United Kingdom,False,False,False,7.91,7.91,0.0,100298,2010,2010-12,Monday,0,13,True
100298,P111,Serving Bowl,4,2010-12-06 13:00:00,13.79,12019,Netherlands,False,False,False,55.16,55.16,0.0,100298,2010,2010-12,Monday,0,13,True
100298,P100,Gift Box,9,2010-12-06 13:00:00,5.17,12019,Netherlands,False,False,False,46.53,46.53,0.0,100298,2010,2010-12,Monday,0,13,True
100298,P108,Tea Set,3,2010-12-06 13:00:00,16.29,12019,Germany,False,False,False,48.87,48.87,0.0,100298,2010,2010-12,Monday,0,13,True
100299,P105,Tote Bag,2,2011-04-12 16:00:00,7.23,12153,Spain,False,False,False,14.46,14.46,0.0,100299,2011,2011-04,Tuesday,1,16,True
100299,P109,Desk Organizer,3,2011-04-12 16:00:00,11.72,12153,Australia,False,False,False,35.160000000000004,35.160000000000004,0.0,100299,2011,2011-04,Tuesday,1,16,True
100299,P108,Tea Set,2,2011-04-12 16:00:00,20.36,12153,Australia,False,False,False,40.72,40.72,0.0,100299,2011,2011-04,Tuesday,1,16,True
100300,P109,Desk Organizer,4,2011-07-18 08:00:00,11.84,12073,United Kingdom,False,False,False,47.36,47.36,0.0,100300,2011,2011-07,Monday,0,8,True
100300,P101,Ceramic Mug,2,2011-07-18 08:00:00,7.68,12073,India,False,False,False,15.36,15.36,0.0,100300,2011,2011-07,Monday,0,8,True
100301,P101,Ceramic Mug,8,2011-09-27 14:00:00,7.19,12588,France,False,False,False,57.52,57.52,0.0,100301,2011,2011-09,Tuesday,1,14,True
100301,P106,Glass Jar,2,2011-09-27 14:00:00,5.7,12588,Germany,False,False,False,11.4,11.4,0.0,100301,2011,2011-09,Tuesday,1,14,True
100301,P109,Desk Organizer,3,2011-09-27 14:00:00,12.28,12588,Netherlands,False,False,False,36.839999999999996,36.839999999999996,0.0,100301,2011,2011-09,Tuesday,1,14,True
100302,P102,Notebook,9,2011-03-11 19:00:00,4.21,12085,India,False,False,False,37.89,37.89,0.0,100302,2011,2011-03,Friday,4,19,True
100303,P107,Photo Frame,13,2011-01-21 15:00:00,8.08,12615,India,False,False,False,105.04,105.04,0.0,100303,2011,2011-01,Friday,4,15,True
100303,P102,Notebook,3,2011-01-21 15:00:00,3.51,12615,Germany,False,False,False,10.53,10.53,0.0,100303,2011,2011-01,Friday,4,15,True
100303,P106,Glass Jar,5,2011-01-21 15:00:00,5.79,12615,India,False,False,False,28.95,28.95,0.0,100303,2011,2011-01,Friday,4,15,True
100304,P108,Tea Set,3,2011-02-17 18:00:00,18.11,12041,Germany,False,False,False,54.33,54.33,0.0,100304,2011,2011-02,Thursday,3,18,True
100304,P102,Notebook,5,2011-02-17 18:00:00,3.49,12041,Australia,False,False,False,17.450000000000003,17.450000000000003,0.0,100304,2011,2011-02,Thursday,3,18,True
100305,P111,Serving Bowl,11,2011-02-13 19:00:00,14.19,12317,France,False,False,False,156.09,156.09,0.0,100305,2011,2011-02,Sunday,6,19,True
100306,P104,Candle Set,4,2011-01-17 19:00:00,9.26,12413,India,False,False,False,37.04,37.04,0.0,100306,2011,2011-01,Monday,0,19,True
100306,P110,Gift Wrap,1,2011-01-17 19:00:00,2.47,12413,Spain,False,False,False,2.47,2.47,0.0,100306,2011,2011-01,Monday,0,19,True
100307,P110,Gift Wrap,3,2011-02-11 15:00:00,2.55,12017,India,False,False,False,7.6499999999999995,7.6499999999999995,0.0,100307,2011,2011-02,Friday,4,15,True
100308,P106,Glass Jar,1,2011-07-09 13:00:00,5.05,12020,France,False,False,False,5.05,5.05,0.0,100308,2011,2011-07,Saturday,5,13,True
100309,P104,Candle Set,5,2011-02-20 08:00:00,8.94,12198,India,False,False,False,44.699999999999996,44.699999999999996,0.0,100309,2011,2011-02,Sunday,6,8,True
100309,P111,Serving Bowl,1,2011-02-20 08:00:00,14.28,12198,India,False,False,False,14.28,14.28,0.0,100309,2011,2011-02,Sunday,6,8,True
100309,P109,Desk Organizer,1,2011-02-20 08:00:00,12.24,12198,United Kingdom,False,False,False,12.24,12.24,0.0,100309,2011,2011-02,Sunday,6,8,True
100309,P110,Gift Wrap,20,2011-02-20 08:00:00,2.27,12198,India,False,False,False,45.4,45.4,0.0,100309,2011,2011-02,Sunday,6,8,True
100310,P102,Notebook,3,2011-06-02 12:00:00,4.3,12035,Netherlands,False,False,False,12.899999999999999,12.899999999999999,0.0,100310,2011,2011-06,Thursday,3,12,True
100311,P107,Photo Frame,6,2011-05-07 14:00:00,8.86,12010,Australia,False,False,False,53.16,53.16,0.0,100311,2011,2011-05,Saturday,5,14,True
100311,P106,Glass Jar,1,2011-05-07 14:00:00,6.19,12010,United Kingdom,False,False,False,6.19,6.19,0.0,100311,2011,2011-05,Saturday,5,14,True
100312,P107,Photo Frame,8,2011-03-04 19:00:00,8.43,12508,United Kingdom,False,False,False,67.44,67.44,0.0,100312,2011,2011-03,Friday,4,19,True
100312,P108,Tea Set,3,2011-03-04 19:00:00,16.76,12508,Germany,False,False,False,50.28,50.28,0.0,100312,2011,2011-03,Friday,4,19,True
100313,P105,Tote Bag,3,2011-07-31 11:00:00,7.35,12129,Spain,False,False,False,22.049999999999997,22.049999999999997,0.0,100313,2011,2011-07,Sunday,6,11,True
100313,P107,Photo Frame,3,2011-07-31 11:00:00,7.92,12129,France,False,False,False,23.759999999999998,23.759999999999998,0.0,100313,2011,2011-07,Sunday,6,11,True
100313,P104,Candle Set,6,2011-07-31 11:00:00,11.26,12129,United Kingdom,False,False,False,67.56,67.56,0.0,100313,2011,2011-07,Sunday,6,11,True
100313,P100,Gift Box,2,2011-07-31 11:00:00,4.98,12129,Netherlands,False,False,False,9.96,9.96,0.0,100313,2011,2011-07,Sunday,6,11,True
100314,P101,Ceramic Mug,1,2011-02-07 11:00:00,7.75,12558,Spain,False,False,False,7.75,7.75,0.0,100314,2011,2011-02,Monday,0,11,True
100314,P110,Gift Wrap,1,2011-02-07 11:00:00,2.63,12558,United Kingdom,False,False,False,2.63,2.63,0.0,100314,2011,2011-02,Monday,0,11,True
100315,P108,Tea Set,5,2011-08-30 16:00:00,16.33,12066,Spain,False,False,False,81.64999999999999,81.64999999999999,0.0,100315,2011,2011-08,Tuesday,1,16,True
100315,P101,Ceramic Mug,2,2011-08-30 16:00:00,6.76,12066,Germany,False,False,False,13.52,13.52,0.0,100315,2011,2011-08,Tuesday,1,16,True
100315,P111,Serving Bowl,2,2011-08-30 16:00:00,14.04,12066,Germany,False,False,False,28.08,28.08,0.0,100315,2011,2011-08,Tuesday,1,16,True
100315,P109,Desk Organizer,1,2011-08-30 16:00:00,12.44,12066,Spain,False,False,False,12.44,12.44,0.0,100315,2011,2011-08,Tuesday,1,16,True
100316,P100,Gift Box,1,2010-12-09 15:00:00,4.91,12266,Netherlands,False,False,False,4.91,4.91,0.0,100316,2010,2010-12,Thursday,3,15,True
100317,P102,Notebook,4,2011-10-06 09:00:00,4.07,12043,Germany,False,False,False,16.28,16.28,0.0,100317,2011,2011-10,Thursday,3,9,True
100318,P111,Serving Bowl,4,2011-05-12 11:00:00,15.63,12610,India,False,False,False,62.52,62.52,0.0,100318,2011,2011-05,Thursday,3,11,True
100318,P106,Glass Jar,3,2011-05-12 11:00:00,5.39,12610,Spain,False,False,False,16.169999999999998,16.169999999999998,0.0,100318,2011,2011-05,Thursday,3,11,True
100318,P104,Candle Set,6,2011-05-12 11:00:00,10.15,12610,Germany,False,False,False,60.900000000000006,60.900000000000006,0.0,100318,2011,2011-05,Thursday,3,11,True
100319,P111,Serving Bowl,2,2011-09-11 18:00:00,16.27,12062,France,False,False,False,32.54,32.54,0.0,100319,2011,2011-09,Sunday,6,18,True
100319,P109,Desk Organizer,3,2011-09-11 18:00:00,10.32,12062,India,False,False,False,30.96,30.96,0.0,100319,2011,2011-09,Sunday,6,18,True
100319,P103,Wall Clock,5,2011-09-11 18:00:00,14.09,12062,France,False,False,False,70.45,70.45,0.0,100319,2011,2011-09,Sunday,6,18,True
100320,P105,Tote Bag,2,2011-09-16 15:00:00,5.88,12447,India,False,False,False,11.76,11.76,0.0,100320,2011,2011-09,Friday,4,15,True
100321,P107,Photo Frame,2,2011-06-05 17:00:00,8.35,12564,France,False,False,False,16.7,16.7,0.0,100321,2011,2011-06,Sunday,6,17,True
100321,P101,Ceramic Mug,3,2011-06-05 17:00:00,7.72,12564,Spain,False,False,False,23.16,23.16,0.0,100321,2011,2011-06,Sunday,6,17,True
100321,P108,Tea Set,4,2011-06-05 17:00:00,18.62,12564,France,False,False,False,74.48,74.48,0.0,100321,2011,2011-06,Sunday,6,17,True
100322,P105,Tote Bag,7,2011-05-24 13:00:00,6.19,12171,Netherlands,False,False,False,43.330000000000005,43.330000000000005,0.0,100322,2011,2011-05,Tuesday,1,13,True
100322,P111,Serving Bowl,4,2011-05-24 13:00:00,14.49,12171,France,False,False,False,57.96,57.96,0.0,100322,2011,2011-05,Tuesday,1,13,True
100322,P100,Gift Box,3,2011-05-24 13:00:00,4.07,12171,Australia,False,False,False,12.21,12.21,0.0,100322,2011,2011-05,Tuesday,1,13,True
100323,P111,Serving Bowl,1,2011-04-29 15:00:00,15.91,12264,Netherlands,False,False,False,15.91,15.91,0.0,100323,2011,2011-04,Friday,4,15,True
100323,P109,Desk Organizer,2,2011-04-29 15:00:00,12.61,12264,Australia,False,False,False,25.22,25.22,0.0,100323,2011,2011-04,Friday,4,15,True
100324,P101,Ceramic Mug,2,2011-07-30 10:00:00,6.67,12604,France,False,False,False,13.34,13.34,0.0,100324,2011,2011-07,Saturday,5,10,True
100324,P107,Photo Frame,3,2011-07-30 10:00:00,8.39,12604,United Kingdom,False,False,False,25.17,25.17,0.0,100324,2011,2011-07,Saturday,5,10,True
100324,P110,Gift Wrap,1,2011-07-30 10:00:00,2.66,12604,India,False,False,False,2.66,2.66,0.0,100324,2011,2011-07,Saturday,5,10,True
100325,P100,Gift Box,2,2011-12-03 14:00:00,4.17,12065,India,False,False,False,8.34,8.34,0.0,100325,2011,2011-12,Saturday,5,14,True
100325,P108,Tea Set,9,2011-12-03 14:00:00,17.06,12065,Netherlands,False,False,False,153.54,153.54,0.0,100325,2011,2011-12,Saturday,5,14,True
100325,P109,Desk Organizer,5,2011-12-03 14:00:00,10.46,12065,Spain,False,False,False,52.300000000000004,52.300000000000004,0.0,100325,2011,2011-12,Saturday,5,14,True
100325,P101,Ceramic Mug,2,2011-12-03 14:00:00,6.68,12065,Netherlands,False,False,False,13.36,13.36,0.0,100325,2011,2011-12,Saturday,5,14,True
100326,P108,Tea Set,5,2011-01-01 10:00:00,19.28,12293,France,False,False,False,96.4,96.4,0.0,100326,2011,2011-01,Saturday,5,10,True
100327,P105,Tote Bag,1,2011-02-06 16:00:00,6.14,12003,United Kingdom,False,False,False,6.14,6.14,0.0,100327,2011,2011-02,Sunday,6,16,True
100327,P101,Ceramic Mug,4,2011-02-06 16:00:00,8.24,12003,Netherlands,False,False,False,32.96,32.96,0.0,100327,2011,2011-02,Sunday,6,16,True
100328,P106,Glass Jar,2,2010-12-13 12:00:00,6.03,12448,Australia,False,False,False,12.06,12.06,0.0,100328,2010,2010-12,Monday,0,12,True
100328,P110,Gift Wrap,9,2010-12-13 12:00:00,2.47,12448,France,False,False,False,22.23,22.23,0.0,100328,2010,2010-12,Monday,0,12,True
100328,P102,Notebook,3,2010-12-13 12:00:00,3.44,12448,Spain,False,False,False,10.32,10.32,0.0,100328,2010,2010-12,Monday,0,12,True
100328,P100,Gift Box,9,2010-12-13 12:00:00,4.43,12448,United Kingdom,False,False,False,39.87,39.87,0.0,100328,2010,2010-12,Monday,0,12,True
100329,P108,Tea Set,1,2011-01-25 13:00:00,17.46,12043,India,False,False,False,17.46,17.46,0.0,100329,2011,2011-01,Tuesday,1,13,True
100329,P109,Desk Organizer,1,2011-01-25 13:00:00,10.68,12043,France,False,False,False,10.68,10.68,0.0,100329,2011,2011-01,Tuesday,1,13,True
100329,P100,Gift Box,1,2011-01-25 13:00:00,4.53,12043,Spain,False,False,False,4.53,4.53,0.0,100329,2011,2011-01,Tuesday,1,13,True
100330,P109,Desk Organizer,1,2011-06-24 17:00:00,10.48,12526,Australia,False,False,False,10.48,10.48,0.0,100330,2011,2011-06,Friday,4,17,True
100331,P106,Glass Jar,19,2010-12-16 19:00:00,6.18,12140,Germany,False,False,False,117.41999999999999,117.41999999999999,0.0,100331,2010,2010-12,Thursday,3,19,True
100331,P102,Notebook,4,2010-12-16 19:00:00,3.63,12140,Netherlands,False,False,False,14.52,14.52,0.0,100331,2010,2010-12,Thursday,3,19,True
100331,P108,Tea Set,7,2010-12-16 19:00:00,16.49,12140,Australia,False,False,False,115.42999999999999,115.42999999999999,0.0,100331,2010,2010-12,Thursday,3,19,True
100331,P111,Serving Bowl,1,2010-12-16 19:00:00,15.98,12140,Germany,False,False,False,15.98,15.98,0.0,100331,2010,2010-12,Thursday,3,19,True
100332,P109,Desk Organizer,4,2011-04-29 10:00:00,10.86,12178,France,False,False,False,43.44,43.44,0.0,100332,2011,2011-04,Friday,4,10,True
100332,P105,Tote Bag,2,2011-04-29 10:00:00,6.75,12178,United Kingdom,False,False,False,13.5,13.5,0.0,100332,2011,2011-04,Friday,4,10,True
100332,P103,Wall Clock,2,2011-04-29 10:00:00,12.88,12178,Germany,False,False,False,25.76,25.76,0.0,100332,2011,2011-04,Friday,4,10,True
100333,P107,Photo Frame,4,2011-02-25 11:00:00,8.19,12510,Netherlands,False,False,False,32.76,32.76,0.0,100333,2011,2011-02,Friday,4,11,True
100333,P105,Tote Bag,4,2011-02-25 11:00:00,5.95,12510,Spain,False,False,False,23.8,23.8,0.0,100333,2011,2011-02,Friday,4,11,True
100333,P102,Notebook,1,2011-02-25 11:00:00,3.48,12510,India,False,False,False,3.48,3.48,0.0,100333,2011,2011-02,Friday,4,11,True
100333,P100,Gift Box,2,2011-02-25 11:00:00,4.16,12510,Spain,False,False,False,8.32,8.32,0.0,100333,2011,2011-02,Friday,4,11,True
100334,P100,Gift Box,3,2011-03-30 08:00:00,4.96,12643,Australia,False,False,False,14.879999999999999,14.879999999999999,0.0,100334,2011,2011-03,Wednesday,2,8,True
100334,P109,Desk Organizer,1,2011-03-30 08:00:00,12.51,12643,India,False,False,False,12.51,12.51,0.0,100334,2011,2011-03,Wednesday,2,8,True
100334,P108,Tea Set,3,2011-03-30 08:00:00,18.54,12643,France,False,False,False,55.62,55.62,0.0,100334,2011,2011-03,Wednesday,2,8,True
100334,P104,Candle Set,2,2011-03-30 08:00:00,10.53,12643,Spain,False,False,False,21.06,21.06,0.0,100334,2011,2011-03,Wednesday,2,8,True
100335,P108,Tea Set,1,2011-06-01 18:00:00,18.39,12012,Netherlands,False,False,False,18.39,18.39,0.0,100335,2011,2011-06,Wednesday,2,18,True
100336,P109,Desk Organizer,1,2011-09-01 17:00:00,11.52,12057,Spain,False,False,False,11.52,11.52,0.0,100336,2011,2011-09,Thursday,3,17,True
100336,P107,Photo Frame,2,2011-09-01 17:00:00,7.96,12057,Australia,False,False,False,15.92,15.92,0.0,100336,2011,2011-09,Thursday,3,17,True
100336,P110,Gift Wrap,2,2011-09-01 17:00:00,2.51,12057,India,False,False,False,5.02,5.02,0.0,100336,2011,2011-09,Thursday,3,17,True
100337,P107,Photo Frame,2,2011-05-07 16:00:00,7.84,12039,United Kingdom,False,False,False,15.68,15.68,0.0,100337,2011,2011-05,Saturday,5,16,True
100337,P110,Gift Wrap,1,2011-05-07 16:00:00,2.34,12039,France,False,False,False,2.34,2.34,0.0,100337,2011,2011-05,Saturday,5,16,True
100337,P101,Ceramic Mug,2,2011-05-07 16:00:00,7.53,12039,France,False,False,False,15.06,15.06,0.0,100337,2011,2011-05,Saturday,5,16,True
100338,P102,Notebook,8,2011-02-13 11:00:00,3.57,12474,France,False,False,False,28.56,28.56,0.0,100338,2011,2011-02,Sunday,6,11,True
100338,P100,Gift Box,2,2011-02-13 11:00:00,4.89,12474,France,False,False,False,9.78,9.78,0.0,100338,2011,2011-02,Sunday,6,11,True
100338,P107,Photo Frame,2,2011-02-13 11:00:00,8.6,12474,India,False,False,False,17.2,17.2,0.0,100338,2011,2011-02,Sunday,6,11,True
100339,P111,Serving Bowl,15,2011-05-25 12:00:00,15.74,12624,United Kingdom,False,False,False,236.1,236.1,0.0,100339,2011,2011-05,Wednesday,2,12,True
100339,P109,Desk Organizer,3,2011-05-25 12:00:00,11.37,12624,United Kingdom,False,False,False,34.11,34.11,0.0,100339,2011,2011-05,Wednesday,2,12,True
100340,P111,Serving Bowl,1,2011-03-18 08:00:00,15.2,12003,United Kingdom,False,False,False,15.2,15.2,0.0,100340,2011,2011-03,Friday,4,8,True
100340,P105,Tote Bag,1,2011-03-18 08:00:00,6.23,12003,Germany,False,False,False,6.23,6.23,0.0,100340,2011,2011-03,Friday,4,8,True
100340,P103,Wall Clock,2,2011-03-18 08:00:00,14.07,12003,Spain,False,False,False,28.14,28.14,0.0,100340,2011,2011-03,Friday,4,8,True
100341,P106,Glass Jar,5,2011-10-04 16:00:00,5.01,12109,United Kingdom,False,False,False,25.049999999999997,25.049999999999997,0.0,100341,2011,2011-10,Tuesday,1,16,True
100341,P100,Gift Box,2,2011-10-04 16:00:00,5.08,12109,France,False,False,False,10.16,10.16,0.0,100341,2011,2011-10,Tuesday,1,16,True
100341,P109,Desk Organizer,7,2011-10-04 16:00:00,11.25,12109,India,False,False,False,78.75,78.75,0.0,100341,2011,2011-10,Tuesday,1,16,True
100342,P110,Gift Wrap,1,2011-08-29 08:00:00,2.56,12281,Germany,False,False,False,2.56,2.56,0.0,100342,2011,2011-08,Monday,0,8,True
100343,P108,Tea Set,1,2011-06-14 16:00:00,18.09,12078,Netherlands,False,False,False,18.09,18.09,0.0,100343,2011,2011-06,Tuesday,1,16,True
100344,P111,Serving Bowl,4,2011-04-12 11:00:00,13.65,12149,Germany,False,False,False,54.6,54.6,0.0,100344,2011,2011-04,Tuesday,1,11,True
100345,P101,Ceramic Mug,2,2011-08-01 18:00:00,6.55,12692,Australia,False,False,False,13.1,13.1,0.0,100345,2011,2011-08,Monday,0,18,True
100346,P110,Gift Wrap,6,2011-01-11 15:00:00,2.44,12225,Australia,False,False,False,14.64,14.64,0.0,100346,2011,2011-01,Tuesday,1,15,True
100346,P105,Tote Bag,2,2011-01-11 15:00:00,7.25,12225,Netherlands,False,False,False,14.5,14.5,0.0,100346,2011,2011-01,Tuesday,1,15,True
100347,P101,Ceramic Mug,5,2011-04-01 17:00:00,7.42,12065,Australia,False,False,False,37.1,37.1,0.0,100347,2011,2011-04,Friday,4,17,True
100348,P100,Gift Box,8,2011-10-11 16:00:00,4.61,12696,United Kingdom,False,False,False,36.88,36.88,0.0,100348,2011,2011-10,Tuesday,1,16,True
100349,P108,Tea Set,1,2011-01-03 17:00:00,16.79,12564,France,False,False,False,16.79,16.79,0.0,100349,2011,2011-01,Monday,0,17,True
100349,P100,Gift Box,1,2011-01-03 17:00:00,4.9,12564,Germany,False,False,False,4.9,4.9,0.0,100349,2011,2011-01,Monday,0,17,True
100350,P109,Desk Organizer,3,2011-09-05 15:00:00,10.72,12075,Netherlands,False,False,False,32.160000000000004,32.160000000000004,0.0,100350,2011,2011-09,Monday,0,15,True
100350,P111,Serving Bowl,1,2011-09-05 15:00:00,14.55,12075,Spain,False,False,False,14.55,14.55,0.0,100350,2011,2011-09,Monday,0,15,True
100350,P108,Tea Set,4,2011-09-05 15:00:00,19.5,12075,India,False,False,False,78.0,78.0,0.0,100350,2011,2011-09,Monday,0,15,True
100350,P104,Candle Set,1,2011-09-05 15:00:00,9.49,12075,France,False,False,False,9.49,9.49,0.0,100350,2011,2011-09,Monday,0,15,True
100351,P106,Glass Jar,3,2011-08-07 17:00:00,5.87,12277,Germany,False,False,False,17.61,17.61,0.0,100351,2011,2011-08,Sunday,6,17,True
100351,P103,Wall Clock,3,2011-08-07 17:00:00,11.4,12277,Australia,False,False,False,34.2,34.2,0.0,100351,2011,2011-08,Sunday,6,17,True
100351,P107,Photo Frame,2,2011-08-07 17:00:00,8.39,12277,United Kingdom,False,False,False,16.78,16.78,0.0,100351,2011,2011-08,Sunday,6,17,True
100352,P108,Tea Set,68,2011-04-11 16:00:00,19.24,12064,Germany,False,False,False,1308.32,1308.32,0.0,100352,2011,2011-04,Monday,0,16,True
100352,P110,Gift Wrap,1,2011-04-11 16:00:00,2.59,12064,United Kingdom,False,False,False,2.59,2.59,0.0,100352,2011,2011-04,Monday,0,16,True
100352,P101,Ceramic Mug,4,2011-04-11 16:00:00,8.26,12064,Australia,False,False,False,33.04,33.04,0.0,100352,2011,2011-04,Monday,0,16,True
100352,P102,Notebook,2,2011-04-11 16:00:00,3.57,12064,United Kingdom,False,False,False,7.14,7.14,0.0,100352,2011,2011-04,Monday,0,16,True
100353,P100,Gift Box,2,2011-11-29 17:00:00,4.39,12380,India,False,False,False,8.78,8.78,0.0,100353,2011,2011-11,Tuesday,1,17,True
100354,P104,Candle Set,1,2011-10-21 16:00:00,10.12,12038,United Kingdom,False,False,False,10.12,10.12,0.0,100354,2011,2011-10,Friday,4,16,True
100354,P110,Gift Wrap,1,2011-10-21 16:00:00,2.63,12038,Australia,False,False,False,2.63,2.63,0.0,100354,2011,2011-10,Friday,4,16,True
100355,P100,Gift Box,3,2011-10-11 16:00:00,4.31,12682,Australia,False,False,False,12.93,12.93,0.0,100355,2011,2011-10,Tuesday,1,16,True
100355,P105,Tote Bag,11,2011-10-11 16:00:00,6.18,12682,Germany,False,False,False,67.97999999999999,67.97999999999999,0.0,100355,2011,2011-10,Tuesday,1,16,True
100355,P108,Tea Set,12,2011-10-11 16:00:00,17.02,12682,United Kingdom,False,False,False,204.24,204.24,0.0,100355,2011,2011-10,Tuesday,1,16,True
100356,P106,Glass Jar,1,2010-12-05 12:00:00,5.91,12077,Spain,False,False,False,5.91,5.91,0.0,100356,2010,2010-12,Sunday,6,12,True
100356,P104,Candle Set,7,2010-12-05 12:00:00,9.17,12077,Germany,False,False,False,64.19,64.19,0.0,100356,2010,2010-12,Sunday,6,12,True
100357,P103,Wall Clock,1,2011-01-26 18:00:00,12.15,12674,Netherlands,False,False,False,12.15,12.15,0.0,100357,2011,2011-01,Wednesday,2,18,True
100357,P100,Gift Box,8,2011-01-26 18:00:00,4.63,12674,India,False,False,False,37.04,37.04,0.0,100357,2011,2011-01,Wednesday,2,18,True
100358,P106,Glass Jar,5,2011-07-28 19:00:00,5.22,12050,United Kingdom,False,False,False,26.099999999999998,26.099999999999998,0.0,100358,2011,2011-07,Thursday,3,19,True
100358,P110,Gift Wrap,3,2011-07-28 19:00:00,2.36,12050,United Kingdom,False,False,False,7.08,7.08,0.0,100358,2011,2011-07,Thursday,3,19,True
100358,P109,Desk Organizer,2,2011-07-28 19:00:00,10.05,12050,Spain,False,False,False,20.1,20.1,0.0,100358,2011,2011-07,Thursday,3,19,True
100358,P105,Tote Bag,6,2011-07-28 19:00:00,6.21,12050,Germany,False,False,False,37.26,37.26,0.0,100358,2011,2011-07,Thursday,3,19,True
100359,P105,Tote Bag,1,2011-01-15 08:00:00,7.47,12047,Netherlands,False,False,False,7.47,7.47,0.0,100359,2011,2011-01,Saturday,5,8,True
100360,P105,Tote Bag,5,2011-11-05 17:00:00,6.05,12050,Spain,False,False,False,30.25,30.25,0.0,100360,2011,2011-11,Saturday,5,17,True
100360,P109,Desk Organizer,2,2011-11-05 17:00:00,12.33,12050,India,False,False,False,24.66,24.66,0.0,100360,2011,2011-11,Saturday,5,17,True
100361,P103,Wall Clock,4,2011-01-09 13:00:00,11.51,12299,Netherlands,False,False,False,46.04,46.04,0.0,100361,2011,2011-01,Sunday,6,13,True
100362,P108,Tea Set,2,2011-01-08 12:00:00,17.58,12304,Australia,False,False,False,35.16,35.16,0.0,100362,2011,2011-01,Saturday,5,12,True
100362,P104,Candle Set,2,2011-01-08 12:00:00,9.26,12304,India,False,False,False,18.52,18.52,0.0,100362,2011,2011-01,Saturday,5,12,True
100362,P110,Gift Wrap,1,2011-01-08 12:00:00,2.21,12304,Spain,False,False,False,2.21,2.21,0.0,100362,2011,2011-01,Saturday,5,12,True
100363,P104,Candle Set,11,2011-10-20 19:00:00,9.77,12647,Spain,False,False,False,107.47,107.47,0.0,100363,2011,2011-10,Thursday,3,19,True
100364,P109,Desk Organizer,1,2011-03-14 13:00:00,11.9,12067,Spain,False,False,False,11.9,11.9,0.0,100364,2011,2011-03,Monday,0,13,True
100364,P111,Serving Bowl,2,2011-03-14 13:00:00,14.5,12067,Spain,False,False,False,29.0,29.0,0.0,100364,2011,2011-03,Monday,0,13,True
100365,P111,Serving Bowl,2,2011-02-26 14:00:00,13.36,12209,France,False,False,False,26.72,26.72,0.0,100365,2011,2011-02,Saturday,5,14,True
100365,P106,Glass Jar,2,2011-02-26 14:00:00,6.04,12209,Germany,False,False,False,12.08,12.08,0.0,100365,2011,2011-02,Saturday,5,14,True
100365,P110,Gift Wrap,5,2011-02-26 14:00:00,2.7,12209,France,False,False,False,13.5,13.5,0.0,100365,2011,2011-02,Saturday,5,14,True
100365,P104,Candle Set,8,2011-02-26 14:00:00,10.37,12209,France,False,False,False,82.96,82.96,0.0,100365,2011,2011-02,Saturday,5,14,True
100366,P104,Candle Set,3,2011-04-08 09:00:00,9.08,12236,Spain,False,False,False,27.240000000000002,27.240000000000002,0.0,100366,2011,2011-04,Friday,4,9,True
100366,P102,Notebook,2,2011-04-08 09:00:00,3.99,12236,Germany,False,False,False,7.98,7.98,0.0,100366,2011,2011-04,Friday,4,9,True
100367,P101,Ceramic Mug,1,2011-01-29 11:00:00,7.82,12145,Spain,False,False,False,7.82,7.82,0.0,100367,2011,2011-01,Saturday,5,11,True
100367,P110,Gift Wrap,1,2011-01-29 11:00:00,2.54,12145,Netherlands,False,False,False,2.54,2.54,0.0,100367,2011,2011-01,Saturday,5,11,True
100368,P104,Candle Set,5,2010-12-07 10:00:00,10.01,12049,Netherlands,False,False,False,50.05,50.05,0.0,100368,2010,2010-12,Tuesday,1,10,True
100368,P108,Tea Set,1,2010-12-07 10:00:00,17.09,12049,Netherlands,False,False,False,17.09,17.09,0.0,100368,2010,2010-12,Tuesday,1,10,True
100369,P105,Tote Bag,1,2010-12-11 12:00:00,6.52,12258,Netherlands,False,False,False,6.52,6.52,0.0,100369,2010,2010-12,Saturday,5,12,True
100370,P102,Notebook,1,2011-12-02 18:00:00,4.05,12015,France,False,False,False,4.05,4.05,0.0,100370,2011,2011-12,Friday,4,18,True
100370,P106,Glass Jar,1,2011-12-02 18:00:00,5.93,12015,India,False,False,False,5.93,5.93,0.0,100370,2011,2011-12,Friday,4,18,True
100370,P109,Desk Organizer,102,2011-12-02 18:00:00,11.13,12015,Australia,False,False,False,1135.26,1135.26,0.0,100370,2011,2011-12,Friday,4,18,True
100370,P105,Tote Bag,2,2011-12-02 18:00:00,5.98,12015,India,False,False,False,11.96,11.96,0.0,100370,2011,2011-12,Friday,4,18,True
100371,P103,Wall Clock,8,2011-09-12 15:00:00,13.96,12064,United Kingdom,False,False,False,111.68,111.68,0.0,100371,2011,2011-09,Monday,0,15,True
100371,P107,Photo Frame,1,2011-09-12 15:00:00,8.39,12064,Germany,False,False,False,8.39,8.39,0.0,100371,2011,2011-09,Monday,0,15,True
100371,P111,Serving Bowl,3,2011-09-12 15:00:00,16.51,12064,France,False,False,False,49.53,49.53,0.0,100371,2011,2011-09,Monday,0,15,True
100372,P105,Tote Bag,11,2011-03-27 19:00:00,6.56,12042,France,False,False,False,72.16,72.16,0.0,100372,2011,2011-03,Sunday,6,19,True
100373,P105,Tote Bag,1,2011-05-09 08:00:00,6.82,12049,France,False,False,False,6.82,6.82,0.0,100373,2011,2011-05,Monday,0,8,True
100373,P111,Serving Bowl,4,2011-05-09 08:00:00,15.52,12049,France,False,False,False,62.08,62.08,0.0,100373,2011,2011-05,Monday,0,8,True
100374,P100,Gift Box,3,2011-04-23 19:00:00,4.67,12237,Germany,False,False,False,14.01,14.01,0.0,100374,2011,2011-04,Saturday,5,19,True
100374,P111,Serving Bowl,4,2011-04-23 19:00:00,15.6,12237,Spain,False,False,False,62.4,62.4,0.0,100374,2011,2011-04,Saturday,5,19,True
100374,P104,Candle Set,4,2011-04-23 19:00:00,9.35,12237,Australia,False,False,False,37.4,37.4,0.0,100374,2011,2011-04,Saturday,5,19,True
100375,P103,Wall Clock,6,2011-05-03 17:00:00,11.48,12499,Spain,False,False,False,68.88,68.88,0.0,100375,2011,2011-05,Tuesday,1,17,True
100375,P105,Tote Bag,3,2011-05-03 17:00:00,6.1,12499,India,False,False,False,18.299999999999997,18.299999999999997,0.0,100375,2011,2011-05,Tuesday,1,17,True
100375,P110,Gift Wrap,2,2011-05-03 17:00:00,2.42,12499,Australia,False,False,False,4.84,4.84,0.0,100375,2011,2011-05,Tuesday,1,17,True
100375,P101,Ceramic Mug,2,2011-05-03 17:00:00,6.73,12499,India,False,False,False,13.46,13.46,0.0,100375,2011,2011-05,Tuesday,1,17,True
100376,P102,Notebook,1,2011-07-31 16:00:00,3.86,12032,India,False,False,False,3.86,3.86,0.0,100376,2011,2011-07,Sunday,6,16,True
100376,P108,Tea Set,3,2011-07-31 16:00:00,17.45,12032,Spain,False,False,False,52.349999999999994,52.349999999999994,0.0,100376,2011,2011-07,Sunday,6,16,True
100376,P104,Candle Set,3,2011-07-31 16:00:00,10.83,12032,France,False,False,False,32.49,32.49,0.0,100376,2011,2011-07,Sunday,6,16,True
100376,P100,Gift Box,5,2011-07-31 16:00:00,4.38,12032,Germany,False,False,False,21.9,21.9,0.0,100376,2011,2011-07,Sunday,6,16,True
100377,P106,Glass Jar,2,2011-02-27 19:00:00,5.71,12175,Netherlands,False,False,False,11.42,11.42,0.0,100377,2011,2011-02,Sunday,6,19,True
100377,P104,Candle Set,1,2011-02-27 19:00:00,9.87,12175,Australia,False,False,False,9.87,9.87,0.0,100377,2011,2011-02,Sunday,6,19,True
100377,P103,Wall Clock,4,2011-02-27 19:00:00,13.13,12175,Germany,False,False,False,52.52,52.52,0.0,100377,2011,2011-02,Sunday,6,19,True
100378,P110,Gift Wrap,1,2011-08-17 18:00:00,2.4,12079,Netherlands,False,False,False,2.4,2.4,0.0,100378,2011,2011-08,Wednesday,2,18,True
100379,P105,Tote Bag,5,2011-12-05 19:00:00,6.21,12052,United Kingdom,False,False,False,31.05,31.05,0.0,100379,2011,2011-12,Monday,0,19,True
100379,P111,Serving Bowl,3,2011-12-05 19:00:00,15.92,12052,Netherlands,False,False,False,47.76,47.76,0.0,100379,2011,2011-12,Monday,0,19,True
100380,P110,Gift Wrap,1,2011-06-03 18:00:00,2.69,12067,Australia,False,False,False,2.69,2.69,0.0,100380,2011,2011-06,Friday,4,18,True
100381,P109,Desk Organizer,5,2011-03-03 16:00:00,12.49,12028,Australia,False,False,False,62.45,62.45,0.0,100381,2011,2011-03,Thursday,3,16,True
100381,P102,Notebook,4,2011-03-03 16:00:00,4.05,12028,Germany,False,False,False,16.2,16.2,0.0,100381,2011,2011-03,Thursday,3,16,True
100382,P103,Wall Clock,6,2011-01-07 12:00:00,11.93,12625,Netherlands,False,False,False,71.58,71.58,0.0,100382,2011,2011-01,Friday,4,12,True
100382,P101,Ceramic Mug,2,2011-01-07 12:00:00,7.84,12625,France,False,False,False,15.68,15.68,0.0,100382,2011,2011-01,Friday,4,12,True
100382,P108,Tea Set,3,2011-01-07 12:00:00,17.33,12625,France,False,False,False,51.989999999999995,51.989999999999995,0.0,100382,2011,2011-01,Friday,4,12,True
100382,P106,Glass Jar,3,2011-01-07 12:00:00,5.95,12625,Netherlands,False,False,False,17.85,17.85,0.0,100382,2011,2011-01,Friday,4,12,True
100383,P104,Candle Set,2,2011-06-14 10:00:00,10.23,12353,France,False,False,False,20.46,20.46,0.0,100383,2011,2011-06,Tuesday,1,10,True
100383,P109,Desk Organizer,2,2011-06-14 10:00:00,11.7,12353,Spain,False,False,False,23.4,23.4,0.0,100383,2011,2011-06,Tuesday,1,10,True
100384,P107,Photo Frame,1,2011-07-03 10:00:00,7.87,12409,France,False,False,False,7.87,7.87,0.0,100384,2011,2011-07,Sunday,6,10,True
100384,P108,Tea Set,1,2011-07-03 10:00:00,19.42,12409,Australia,False,False,False,19.42,19.42,0.0,100384,2011,2011-07,Sunday,6,10,True
100385,P105,Tote Bag,1,2011-08-17 09:00:00,5.87,12037,India,False,False,False,5.87,5.87,0.0,100385,2011,2011-08,Wednesday,2,9,True
100386,P107,Photo Frame,3,2011-04-17 14:00:00,8.03,12074,Netherlands,False,False,False,24.089999999999996,24.089999999999996,0.0,100386,2011,2011-04,Sunday,6,14,True
100387,P100,Gift Box,1,2011-11-05 14:00:00,5.08,12580,India,False,False,False,5.08,5.08,0.0,100387,2011,2011-11,Saturday,5,14,True
100387,P104,Candle Set,1,2011-11-05 14:00:00,9.31,12580,Australia,False,False,False,9.31,9.31,0.0,100387,2011,2011-11,Saturday,5,14,True
100388,P102,Notebook,400,2011-02-12 11:00:00,4.09,12072,Spain,False,False,False,1636.0,1636.0,0.0,100388,2011,2011-02,Saturday,5,11,True
100388,P110,Gift Wrap,1,2011-02-12 11:00:00,2.29,12072,Australia,False,False,False,2.29,2.29,0.0,100388,2011,2011-02,Saturday,5,11,True
100388,P106,Glass Jar,6,2011-02-12 11:00:00,5.8,12072,United Kingdom,False,False,False,34.8,34.8,0.0,100388,2011,2011-02,Saturday,5,11,True
100389,P107,Photo Frame,2,2011-06-11 15:00:00,8.97,12051,Netherlands,False,False,False,17.94,17.94,0.0,100389,2011,2011-06,Saturday,5,15,True
100389,P108,Tea Set,10,2011-06-11 15:00:00,17.26,12051,Netherlands,False,False,False,172.60000000000002,172.60000000000002,0.0,100389,2011,2011-06,Saturday,5,15,True
100390,P106,Glass Jar,5,2010-12-29 10:00:00,5.55,12259,Netherlands,False,False,False,27.75,27.75,0.0,100390,2010,2010-12,Wednesday,2,10,True
100390,P100,Gift Box,1,2010-12-29 10:00:00,4.76,12259,Australia,False,False,False,4.76,4.76,0.0,100390,2010,2010-12,Wednesday,2,10,True
100390,P102,Notebook,3,2010-12-29 10:00:00,3.83,12259,France,False,False,False,11.49,11.49,0.0,100390,2010,2010-12,Wednesday,2,10,True
100390,P107,Photo Frame,1,2010-12-29 10:00:00,7.4,12259,Germany,False,False,False,7.4,7.4,0.0,100390,2010,2010-12,Wednesday,2,10,True
100391,P102,Notebook,1,2010-12-26 08:00:00,4.14,12560,India,False,False,False,4.14,4.14,0.0,100391,2010,2010-12,Sunday,6,8,True
100391,P106,Glass Jar,2,2010-12-26 08:00:00,5.5,12560,United Kingdom,False,False,False,11.0,11.0,0.0,100391,2010,2010-12,Sunday,6,8,True
100391,P103,Wall Clock,1,2010-12-26 08:00:00,11.97,12560,Spain,False,False,False,11.97,11.97,0.0,100391,2010,2010-12,Sunday,6,8,True
100391,P104,Candle Set,4,2010-12-26 08:00:00,9.47,12560,Spain,False,False,False,37.88,37.88,0.0,100391,2010,2010-12,Sunday,6,8,True
100392,P108,Tea Set,4,2011-05-30 14:00:00,16.45,12156,France,False,False,False,65.8,65.8,0.0,100392,2011,2011-05,Monday,0,14,True
100392,P106,Glass Jar,4,2011-05-30 14:00:00,5.15,12156,United Kingdom,False,False,False,20.6,20.6,0.0,100392,2011,2011-05,Monday,0,14,True
100392,P101,Ceramic Mug,1,2011-05-30 14:00:00,7.6,12156,India,False,False,False,7.6,7.6,0.0,100392,2011,2011-05,Monday,0,14,True
100392,P105,Tote Bag,4,2011-05-30 14:00:00,6.33,12156,Germany,False,False,False,25.32,25.32,0.0,100392,2011,2011-05,Monday,0,14,True
100393,P110,Gift Wrap,3,2011-02-23 13:00:00,2.59,12083,Spain,False,False,False,7.77,7.77,0.0,100393,2011,2011-02,Wednesday,2,13,True
100393,P107,Photo Frame,2,2011-02-23 13:00:00,7.49,12083,United Kingdom,False,False,False,14.98,14.98,0.0,100393,2011,2011-02,Wednesday,2,13,True
100393,P105,Tote Bag,2,2011-02-23 13:00:00,7.12,12083,Australia,False,False,False,14.24,14.24,0.0,100393,2011,2011-02,Wednesday,2,13,True
100393,P104,Candle Set,1,2011-02-23 13:00:00,9.93,12083,Germany,False,False,False,9.93,9.93,0.0,100393,2011,2011-02,Wednesday,2,13,True
100394,P104,Candle Set,2,2011-10-06 12:00:00,10.5,12473,Netherlands,False,False,False,21.0,21.0,0.0,100394,2011,2011-10,Thursday,3,12,True
100394,P101,Ceramic Mug,7,2011-10-06 12:00:00,7.01,12473,Spain,False,False,False,49.07,49.07,0.0,100394,2011,2011-10,Thursday,3,12,True
100395,P102,Notebook,4,2011-10-21 15:00:00,4.21,12005,Germany,False,False,False,16.84,16.84,0.0,100395,2011,2011-10,Friday,4,15,True
100395,P108,Tea Set,1,2011-10-21 15:00:00,20.41,12005,United Kingdom,False,False,False,20.41,20.41,0.0,100395,2011,2011-10,Friday,4,15,True
100395,P105,Tote Bag,1,2011-10-21 15:00:00,6.83,12005,Spain,False,False,False,6.83,6.83,0.0,100395,2011,2011-10,Friday,4,15,True
100396,P110,Gift Wrap,1,2011-09-10 12:00:00,2.19,12012,France,False,False,False,2.19,2.19,0.0,100396,2011,2011-09,Saturday,5,12,True
100396,P111,Serving Bowl,1,2011-09-10 12:00:00,16.37,12012,France,False,False,False,16.37,16.37,0.0,100396,2011,2011-09,Saturday,5,12,True
100396,P106,Glass Jar,4,2011-09-10 12:00:00,5.25,12012,Australia,False,False,False,21.0,21.0,0.0,100396,2011,2011-09,Saturday,5,12,True
100397,P105,Tote Bag,2,2011-04-13 18:00:00,6.76,12209,France,False,False,False,13.52,13.52,0.0,100397,2011,2011-04,Wednesday,2,18,True
100397,P102,Notebook,7,2011-04-13 18:00:00,4.21,12209,Germany,False,False,False,29.47,29.47,0.0,100397,2011,2011-04,Wednesday,2,18,True
100397,P100,Gift Box,2,2011-04-13 18:00:00,5.06,12209,Spain,False,False,False,10.12,10.12,0.0,100397,2011,2011-04,Wednesday,2,18,True
100397,P104,Candle Set,6,2011-04-13 18:00:00,10.08,12209,United Kingdom,False,False,False,60.480000000000004,60.480000000000004,0.0,100397,2011,2011-04,Wednesday,2,18,True
100398,P105,Tote Bag,1,2011-01-07 08:00:00,6.34,12051,Australia,False,False,False,6.34,6.34,0.0,100398,2011,2011-01,Friday,4,8,True
100398,P100,Gift Box,1,2011-01-07 08:00:00,4.52,12051,Australia,False,False,False,4.52,4.52,0.0,100398,2011,2011-01,Friday,4,8,True
100399,P110,Gift Wrap,1,2011-03-24 16:00:00,2.54,12369,Netherlands,False,False,False,2.54,2.54,0.0,100399,2011,2011-03,Thursday,3,16,True
100399,P108,Tea Set,4,2011-03-24 16:00:00,16.42,12369,Spain,False,False,False,65.68,65.68,0.0,100399,2011,2011-03,Thursday,3,16,True
100399,P103,Wall Clock,15,2011-03-24 16:00:00,12.9,12369,France,False,False,False,193.5,193.5,0.0,100399,2011,2011-03,Thursday,3,16,True
100400,P108,Tea Set,1,2011-06-23 12:00:00,18.59,12378,France,False,False,False,18.59,18.59,0.0,100400,2011,2011-06,Thursday,3,12,True
100400,P100,Gift Box,1,2011-06-23 12:00:00,4.82,12378,Australia,False,False,False,4.82,4.82,0.0,100400,2011,2011-06,Thursday,3,12,True
100400,P102,Notebook,8,2011-06-23 12:00:00,4.26,12378,India,False,False,False,34.08,34.08,0.0,100400,2011,2011-06,Thursday,3,12,True
100401,P109,Desk Organizer,3,2011-11-26 11:00:00,10.37,12176,France,False,False,False,31.11,31.11,0.0,100401,2011,2011-11,Saturday,5,11,True
100401,P108,Tea Set,1,2011-11-26 11:00:00,16.29,12176,Australia,False,False,False,16.29,16.29,0.0,100401,2011,2011-11,Saturday,5,11,True
100402,P108,Tea Set,1,2010-12-20 09:00:00,20.53,12634,India,False,False,False,20.53,20.53,0.0,100402,2010,2010-12,Monday,0,9,True
100403,P111,Serving Bowl,2,2011-03-29 12:00:00,13.42,12616,Germany,False,False,False,26.84,26.84,0.0,100403,2011,2011-03,Tuesday,1,12,True
100403,P104,Candle Set,1,2011-03-29 12:00:00,10.1,12616,France,False,False,False,10.1,10.1,0.0,100403,2011,2011-03,Tuesday,1,12,True
100403,P102,Notebook,7,2011-03-29 12:00:00,3.42,12616,Germany,False,False,False,23.939999999999998,23.939999999999998,0.0,100403,2011,2011-03,Tuesday,1,12,True
100404,P100,Gift Box,3,2011-02-10 19:00:00,4.17,12055,Netherlands,False,False,False,12.51,12.51,0.0,100404,2011,2011-02,Thursday,3,19,True
100404,P102,Notebook,5,2011-02-10 19:00:00,3.55,12055,Australia,False,False,False,17.75,17.75,0.0,100404,2011,2011-02,Thursday,3,19,True
100404,P104,Candle Set,5,2011-02-10 19:00:00,10.05,12055,Germany,False,False,False,50.25,50.25,0.0,100404,2011,2011-02,Thursday,3,19,True
100404,P109,Desk Organizer,2,2011-02-10 19:00:00,10.45,12055,France,False,False,False,20.9,20.9,0.0,100404,2011,2011-02,Thursday,3,19,True
100405,P100,Gift Box,1,2011-01-08 09:00:00,5.04,12532,United Kingdom,False,False,False,5.04,5.04,0.0,100405,2011,2011-01,Saturday,5,9,True
100405,P107,Photo Frame,1,2011-01-08 09:00:00,8.25,12532,France,False,False,False,8.25,8.25,0.0,100405,2011,2011-01,Saturday,5,9,True
100406,P104,Candle Set,2,2011-02-10 11:00:00,11.06,12371,Germany,False,False,False,22.12,22.12,0.0,100406,2011,2011-02,Thursday,3,11,True
100406,P101,Ceramic Mug,3,2011-02-10 11:00:00,8.2,12371,Netherlands,False,False,False,24.599999999999998,24.599999999999998,0.0,100406,2011,2011-02,Thursday,3,11,True
100406,P110,Gift Wrap,1,2011-02-10 11:00:00,2.39,12371,Australia,False,False,False,2.39,2.39,0.0,100406,2011,2011-02,Thursday,3,11,True
100407,P106,Glass Jar,2,2011-11-05 14:00:00,5.47,12471,Australia,False,False,False,10.94,10.94,0.0,100407,2011,2011-11,Saturday,5,14,True
100407,P107,Photo Frame,11,2011-11-05 14:00:00,8.52,12471,United Kingdom,False,False,False,93.72,93.72,0.0,100407,2011,2011-11,Saturday,5,14,True
100407,P111,Serving Bowl,1,2011-11-05 14:00:00,14.25,12471,Netherlands,False,False,False,14.25,14.25,0.0,100407,2011,2011-11,Saturday,5,14,True
100407,P101,Ceramic Mug,17,2011-11-05 14:00:00,7.85,12471,France,False,False,False,133.45,133.45,0.0,100407,2011,2011-11,Saturday,5,14,True
100408,P103,Wall Clock,9,2011-03-15 19:00:00,13.52,12308,France,False,False,False,121.67999999999999,121.67999999999999,0.0,100408,2011,2011-03,Tuesday,1,19,True
100408,P102,Notebook,3,2011-03-15 19:00:00,4.37,12308,Germany,False,False,False,13.11,13.11,0.0,100408,2011,2011-03,Tuesday,1,19,True
100408,P111,Serving Bowl,4,2011-03-15 19:00:00,14.07,12308,Germany,False,False,False,56.28,56.28,0.0,100408,2011,2011-03,Tuesday,1,19,True
100409,P103,Wall Clock,3,2011-05-07 19:00:00,14.12,12058,Germany,False,False,False,42.36,42.36,0.0,100409,2011,2011-05,Saturday,5,19,True
100409,P107,Photo Frame,5,2011-05-07 19:00:00,7.56,12058,Spain,False,False,False,37.8,37.8,0.0,100409,2011,2011-05,Saturday,5,19,True
100410,P104,Candle Set,4,2011-07-23 12:00:00,11.19,12571,United Kingdom,False,False,False,44.76,44.76,0.0,100410,2011,2011-07,Saturday,5,12,True
100411,P102,Notebook,2,2011-01-24 12:00:00,4.16,12171,Germany,False,False,False,8.32,8.32,0.0,100411,2011,2011-01,Monday,0,12,True
100411,P108,Tea Set,2,2011-01-24 12:00:00,17.45,12171,Netherlands,False,False,False,34.9,34.9,0.0,100411,2011,2011-01,Monday,0,12,True
100411,P107,Photo Frame,1,2011-01-24 12:00:00,9.16,12171,Netherlands,False,False,False,9.16,9.16,0.0,100411,2011,2011-01,Monday,0,12,True
100412,P108,Tea Set,9,2011-07-04 12:00:00,17.12,12070,Spain,False,False,False,154.08,154.08,0.0,100412,2011,2011-07,Monday,0,12,True
100413,P106,Glass Jar,6,2011-05-03 17:00:00,5.52,12618,Netherlands,False,False,False,33.12,33.12,0.0,100413,2011,2011-05,Tuesday,1,17,True
100413,P110,Gift Wrap,2,2011-05-03 17:00:00,2.21,12618,Germany,False,False,False,4.42,4.42,0.0,100413,2011,2011-05,Tuesday,1,17,True
100413,P107,Photo Frame,4,2011-05-03 17:00:00,9.19,12618,Germany,False,False,False,36.76,36.76,0.0,100413,2011,2011-05,Tuesday,1,17,True
100414,P108,Tea Set,2,2011-11-18 12:00:00,19.13,12162,Australia,False,False,False,38.26,38.26,0.0,100414,2011,2011-11,Friday,4,12,True
100414,P103,Wall Clock,1,2011-11-18 12:00:00,13.5,12162,United Kingdom,False,False,False,13.5,13.5,0.0,100414,2011,2011-11,Friday,4,12,True
100414,P100,Gift Box,10,2011-11-18 12:00:00,4.83,12162,United Kingdom,False,False,False,48.3,48.3,0.0,100414,2011,2011-11,Friday,4,12,True
100414,P110,Gift Wrap,4,2011-11-18 12:00:00,2.3,12162,India,False,False,False,9.2,9.2,0.0,100414,2011,2011-11,Friday,4,12,True
100415,P104,Candle Set,4,2011-09-15 10:00:00,9.87,12020,France,False,False,False,39.48,39.48,0.0,100415,2011,2011-09,Thursday,3,10,True
100416,P105,Tote Bag,1,2010-12-03 13:00:00,6.38,12679,Germany,False,False,False,6.38,6.38,0.0,100416,2010,2010-12,Friday,4,13,True
100417,P102,Notebook,2,2011-08-12 14:00:00,3.76,12009,United Kingdom,False,False,False,7.52,7.52,0.0,100417,2011,2011-08,Friday,4,14,True
100417,P107,Photo Frame,4,2011-08-12 14:00:00,9.06,12009,Australia,False,False,False,36.24,36.24,0.0,100417,2011,2011-08,Friday,4,14,True
100417,P110,Gift Wrap,4,2011-08-12 14:00:00,2.27,12009,United Kingdom,False,False,False,9.08,9.08,0.0,100417,2011,2011-08,Friday,4,14,True
100418,P100,Gift Box,4,2011-03-21 13:00:00,4.48,12443,Australia,False,False,False,17.92,17.92,0.0,100418,2011,2011-03,Monday,0,13,True
100418,P101,Ceramic Mug,29,2011-03-21 13:00:00,8.16,12443,India,False,False,False,236.64000000000001,236.64000000000001,0.0,100418,2011,2011-03,Monday,0,13,True
100419,P101,Ceramic Mug,3,2011-07-28 11:00:00,7.8,12653,France,False,False,False,23.4,23.4,0.0,100419,2011,2011-07,Thursday,3,11,True
100419,P107,Photo Frame,5,2011-07-28 11:00:00,7.8,12653,India,False,False,False,39.0,39.0,0.0,100419,2011,2011-07,Thursday,3,11,True
100419,P109,Desk Organizer,2,2011-07-28 11:00:00,12.13,12653,Australia,False,False,False,24.26,24.26,0.0,100419,2011,2011-07,Thursday,3,11,True
100419,P105,Tote Bag,5,2011-07-28 11:00:00,7.41,12653,France,False,False,False,37.05,37.05,0.0,100419,2011,2011-07,Thursday,3,11,True
100420,P108,Tea Set,3,2011-03-11 12:00:00,19.56,12537,France,False,False,False,58.67999999999999,58.67999999999999,0.0,100420,2011,2011-03,Friday,4,12,True
100420,P106,Glass Jar,1,2011-03-11 12:00:00,5.68,12537,United Kingdom,False,False,False,5.68,5.68,0.0,100420,2011,2011-03,Friday,4,12,True
100421,P101,Ceramic Mug,7,2011-02-04 13:00:00,6.67,12367,India,False,False,False,46.69,46.69,0.0,100421,2011,2011-02,Friday,4,13,True
100422,P108,Tea Set,3,2011-03-20 08:00:00,16.63,12455,Germany,False,False,False,49.89,49.89,0.0,100422,2011,2011-03,Sunday,6,8,True
100422,P101,Ceramic Mug,2,2011-03-20 08:00:00,6.85,12455,Netherlands,False,False,False,13.7,13.7,0.0,100422,2011,2011-03,Sunday,6,8,True
100423,P101,Ceramic Mug,52,2010-12-22 09:00:00,7.14,12401,Germany,False,False,False,371.28,371.28,0.0,100423,2010,2010-12,Wednesday,2,9,True
100423,P106,Glass Jar,3,2010-12-22 09:00:00,6.16,12401,Spain,False,False,False,18.48,18.48,0.0,100423,2010,2010-12,Wednesday,2,9,True
100423,P100,Gift Box,3,2010-12-22 09:00:00,4.4,12401,United Kingdom,False,False,False,13.200000000000001,13.200000000000001,0.0,100423,2010,2010-12,Wednesday,2,9,True
100423,P104,Candle Set,4,2010-12-22 09:00:00,9.71,12401,France,False,False,False,38.84,38.84,0.0,100423,2010,2010-12,Wednesday,2,9,True
100424,P100,Gift Box,3,2011-10-15 18:00:00,4.75,12058,United Kingdom,False,False,False,14.25,14.25,0.0,100424,2011,2011-10,Saturday,5,18,True
100424,P103,Wall Clock,2,2011-10-15 18:00:00,13.71,12058,United Kingdom,False,False,False,27.42,27.42,0.0,100424,2011,2011-10,Saturday,5,18,True
100424,P102,Notebook,2,2011-10-15 18:00:00,3.86,12058,Netherlands,False,False,False,7.72,7.72,0.0,100424,2011,2011-10,Saturday,5,18,True
100424,P110,Gift Wrap,10,2011-10-15 18:00:00,2.75,12058,Netherlands,False,False,False,27.5,27.5,0.0,100424,2011,2011-10,Saturday,5,18,True
100425,P107,Photo Frame,1,2011-02-04 13:00:00,8.26,12045,France,False,False,False,8.26,8.26,0.0,100425,2011,2011-02,Friday,4,13,True
100426,P103,Wall Clock,8,2010-12-20 11:00:00,13.88,12393,Spain,False,False,False,111.04,111.04,0.0,100426,2010,2010-12,Monday,0,11,True
100426,P109,Desk Organizer,5,2010-12-20 11:00:00,11.97,12393,France,False,False,False,59.85,59.85,0.0,100426,2010,2010-12,Monday,0,11,True
100426,P101,Ceramic Mug,3,2010-12-20 11:00:00,7.14,12393,Spain,False,False,False,21.419999999999998,21.419999999999998,0.0,100426,2010,2010-12,Monday,0,11,True
100426,P108,Tea Set,1,2010-12-20 11:00:00,18.89,12393,India,False,False,False,18.89,18.89,0.0,100426,2010,2010-12,Monday,0,11,True
100427,P102,Notebook,5,2010-12-16 14:00:00,3.69,12323,Australia,False,False,False,18.45,18.45,0.0,100427,2010,2010-12,Thursday,3,14,True
100427,P100,Gift Box,6,2010-12-16 14:00:00,4.79,12323,India,False,False,False,28.740000000000002,28.740000000000002,0.0,100427,2010,2010-12,Thursday,3,14,True
100427,P111,Serving Bowl,3,2010-12-16 14:00:00,14.26,12323,Germany,False,False,False,42.78,42.78,0.0,100427,2010,2010-12,Thursday,3,14,True
100428,P106,Glass Jar,7,2011-08-06 11:00:00,5.16,12035,Australia,False,False,False,36.120000000000005,36.120000000000005,0.0,100428,2011,2011-08,Saturday,5,11,True
100428,P101,Ceramic Mug,2,2011-08-06 11:00:00,6.75,12035,Spain,False,False,False,13.5,13.5,0.0,100428,2011,2011-08,Saturday,5,11,True
100428,P102,Notebook,3,2011-08-06 11:00:00,3.73,12035,India,False,False,False,11.19,11.19,0.0,100428,2011,2011-08,Saturday,5,11,True
100428,P103,Wall Clock,3,2011-08-06 11:00:00,13.36,12035,United Kingdom,False,False,False,40.08,40.08,0.0,100428,2011,2011-08,Saturday,5,11,True
100429,P107,Photo Frame,12,2011-10-11 13:00:00,8.55,12467,Spain,False,False,False,102.60000000000001,102.60000000000001,0.0,100429,2011,2011-10,Tuesday,1,13,True
100429,P104,Candle Set,5,2011-10-11 13:00:00,10.43,12467,Germany,False,False,False,52.15,52.15,0.0,100429,2011,2011-10,Tuesday,1,13,True
100429,P105,Tote Bag,6,2011-10-11 13:00:00,5.87,12467,Germany,False,False,False,35.22,35.22,0.0,100429,2011,2011-10,Tuesday,1,13,True
100430,P104,Candle Set,10,2011-02-28 15:00:00,9.08,12295,Germany,False,False,False,90.8,90.8,0.0,100430,2011,2011-02,Monday,0,15,True
100430,P100,Gift Box,2,2011-02-28 15:00:00,4.68,12295,Australia,False,False,False,9.36,9.36,0.0,100430,2011,2011-02,Monday,0,15,True
100430,P109,Desk Organizer,4,2011-02-28 15:00:00,11.08,12295,Germany,False,False,False,44.32,44.32,0.0,100430,2011,2011-02,Monday,0,15,True
100431,P111,Serving Bowl,9,2011-08-20 13:00:00,16.08,12011,Netherlands,False,False,False,144.71999999999997,144.71999999999997,0.0,100431,2011,2011-08,Saturday,5,13,True
100431,P107,Photo Frame,13,2011-08-20 13:00:00,8.29,12011,United Kingdom,False,False,False,107.76999999999998,107.76999999999998,0.0,100431,2011,2011-08,Saturday,5,13,True
100431,P103,Wall Clock,2,2011-08-20 13:00:00,11.28,12011,Germany,False,False,False,22.56,22.56,0.0,100431,2011,2011-08,Saturday,5,13,True
100432,P111,Serving Bowl,5,2011-04-06 16:00:00,14.58,12331,United Kingdom,False,False,False,72.9,72.9,0.0,100432,2011,2011-04,Wednesday,2,16,True
100432,P107,Photo Frame,1,2011-04-06 16:00:00,7.92,12331,India,False,False,False,7.92,7.92,0.0,100432,2011,2011-04,Wednesday,2,16,True
100432,P100,Gift Box,1,2011-04-06 16:00:00,4.68,12331,United Kingdom,False,False,False,4.68,4.68,0.0,100432,2011,2011-04,Wednesday,2,16,True
100433,P102,Notebook,2,2011-04-24 15:00:00,3.59,12509,Netherlands,False,False,False,7.18,7.18,0.0,100433,2011,2011-04,Sunday,6,15,True
100433,P103,Wall Clock,3,2011-04-24 15:00:00,13.1,12509,United Kingdom,False,False,False,39.3,39.3,0.0,100433,2011,2011-04,Sunday,6,15,True
100433,P100,Gift Box,5,2011-04-24 15:00:00,5.08,12509,Germany,False,False,False,25.4,25.4,0.0,100433,2011,2011-04,Sunday,6,15,True
100433,P107,Photo Frame,6,2011-04-24 15:00:00,8.91,12509,Spain,False,False,False,53.46,53.46,0.0,100433,2011,2011-04,Sunday,6,15,True
100434,P100,Gift Box,3,2011-05-04 11:00:00,4.79,12003,Netherlands,False,False,False,14.370000000000001,14.370000000000001,0.0,100434,2011,2011-05,Wednesday,2,11,True
100434,P110,Gift Wrap,1,2011-05-04 11:00:00,2.68,12003,Netherlands,False,False,False,2.68,2.68,0.0,100434,2011,2011-05,Wednesday,2,11,True
100434,P101,Ceramic Mug,1,2011-05-04 11:00:00,8.11,12003,Germany,False,False,False,8.11,8.11,0.0,100434,2011,2011-05,Wednesday,2,11,True
100435,P104,Candle Set,12,2011-12-01 14:00:00,9.34,12038,Spain,False,False,False,112.08,112.08,0.0,100435,2011,2011-12,Thursday,3,14,True
100435,P108,Tea Set,5,2011-12-01 14:00:00,16.51,12038,Netherlands,False,False,False,82.55000000000001,82.55000000000001,0.0,100435,2011,2011-12,Thursday,3,14,True
100436,P110,Gift Wrap,3,2011-11-22 17:00:00,2.48,12045,France,False,False,False,7.4399999999999995,7.4399999999999995,0.0,100436,2011,2011-11,Tuesday,1,17,True
100437,P101,Ceramic Mug,1,2011-10-13 08:00:00,7.96,12464,Australia,False,False,False,7.96,7.96,0.0,100437,2011,2011-10,Thursday,3,8,True
100437,P111,Serving Bowl,9,2011-10-13 08:00:00,15.8,12464,Netherlands,False,False,False,142.20000000000002,142.20000000000002,0.0,100437,2011,2011-10,Thursday,3,8,True
100438,P104,Candle Set,4,2011-06-17 17:00:00,10.61,12149,Spain,False,False,False,42.44,42.44,0.0,100438,2011,2011-06,Friday,4,17,True
100438,P100,Gift Box,7,2011-06-17 17:00:00,4.98,12149,United Kingdom,False,False,False,34.86,34.86,0.0,100438,2011,2011-06,Friday,4,17,True
100438,P108,Tea Set,1,2011-06-17 17:00:00,19.64,12149,Australia,False,False,False,19.64,19.64,0.0,100438,2011,2011-06,Friday,4,17,True
100438,P110,Gift Wrap,2,2011-06-17 17:00:00,2.69,12149,Australia,False,False,False,5.38,5.38,0.0,100438,2011,2011-06,Friday,4,17,True
100439,P103,Wall Clock,4,2011-09-23 17:00:00,13.38,12588,Germany,False,False,False,53.52,53.52,0.0,100439,2011,2011-09,Friday,4,17,True
100439,P109,Desk Organizer,4,2011-09-23 17:00:00,12.52,12588,Australia,False,False,False,50.08,50.08,0.0,100439,2011,2011-09,Friday,4,17,True
100439,P104,Candle Set,5,2011-09-23 17:00:00,9.85,12588,Netherlands,False,False,False,49.25,49.25,0.0,100439,2011,2011-09,Friday,4,17,True
100440,P104,Candle Set,1,2010-12-12 15:00:00,11.31,12436,India,False,False,False,11.31,11.31,0.0,100440,2010,2010-12,Sunday,6,15,True
100440,P107,Photo Frame,2,2010-12-12 15:00:00,8.94,12436,Australia,False,False,False,17.88,17.88,0.0,100440,2010,2010-12,Sunday,6,15,True
100440,P103,Wall Clock,3,2010-12-12 15:00:00,13.15,12436,United Kingdom,False,False,False,39.45,39.45,0.0,100440,2010,2010-12,Sunday,6,15,True
100440,P109,Desk Organizer,5,2010-12-12 15:00:00,10.05,12436,United Kingdom,False,False,False,50.25,50.25,0.0,100440,2010,2010-12,Sunday,6,15,True
100441,P108,Tea Set,1,2011-03-02 18:00:00,17.81,12018,Spain,False,False,False,17.81,17.81,0.0,100441,2011,2011-03,Wednesday,2,18,True
100441,P104,Candle Set,10,2011-03-02 18:00:00,10.89,12018,Netherlands,False,False,False,108.9,108.9,0.0,100441,2011,2011-03,Wednesday,2,18,True
100442,P111,Serving Bowl,2,2011-10-08 10:00:00,13.37,12583,Germany,False,False,False,26.74,26.74,0.0,100442,2011,2011-10,Saturday,5,10,True
100442,P103,Wall Clock,7,2011-10-08 10:00:00,13.96,12583,Australia,False,False,False,97.72,97.72,0.0,100442,2011,2011-10,Saturday,5,10,True
100442,P102,Notebook,1,2011-10-08 10:00:00,4.26,12583,Australia,False,False,False,4.26,4.26,0.0,100442,2011,2011-10,Saturday,5,10,True
100442,P104,Candle Set,1,2011-10-08 10:00:00,10.94,12583,Spain,False,False,False,10.94,10.94,0.0,100442,2011,2011-10,Saturday,5,10,True
100443,P101,Ceramic Mug,2,2011-04-05 09:00:00,7.41,12409,Netherlands,False,False,False,14.82,14.82,0.0,100443,2011,2011-04,Tuesday,1,9,True
100444,P109,Desk Organizer,3,2011-11-01 14:00:00,11.3,12380,Netherlands,False,False,False,33.900000000000006,33.900000000000006,0.0,100444,2011,2011-11,Tuesday,1,14,True
100444,P104,Candle Set,2,2011-11-01 14:00:00,10.97,12380,Germany,False,False,False,21.94,21.94,0.0,100444,2011,2011-11,Tuesday,1,14,True
100445,P107,Photo Frame,4,2010-12-24 17:00:00,8.0,12469,Spain,False,False,False,32.0,32.0,0.0,100445,2010,2010-12,Friday,4,17,True
100445,P100,Gift Box,2,2010-12-24 17:00:00,4.51,12469,France,False,False,False,9.02,9.02,0.0,100445,2010,2010-12,Friday,4,17,True
100445,P111,Serving Bowl,1,2010-12-24 17:00:00,13.68,12469,Netherlands,False,False,False,13.68,13.68,0.0,100445,2010,2010-12,Friday,4,17,True
100446,P108,Tea Set,2,2011-06-02 09:00:00,19.22,12104,Australia,False,False,False,38.44,38.44,0.0,100446,2011,2011-06,Thursday,3,9,True
100446,P107,Photo Frame,17,2011-06-02 09:00:00,8.51,12104,Germany,False,False,False,144.67,144.67,0.0,100446,2011,2011-06,Thursday,3,9,True
100447,P108,Tea Set,1,2011-11-02 18:00:00,18.75,12022,United Kingdom,False,False,False,18.75,18.75,0.0,100447,2011,2011-11,Wednesday,2,18,True
100447,P105,Tote Bag,3,2011-11-02 18:00:00,6.21,12022,France,False,False,False,18.63,18.63,0.0,100447,2011,2011-11,Wednesday,2,18,True
100447,P100,Gift Box,1,2011-11-02 18:00:00,5.17,12022,Spain,False,False,False,5.17,5.17,0.0,100447,2011,2011-11,Wednesday,2,18,True
100447,P104,Candle Set,2,2011-11-02 18:00:00,9.02,12022,Australia,False,False,False,18.04,18.04,0.0,100447,2011,2011-11,Wednesday,2,18,True
100448,P104,Candle Set,36,2011-10-08 14:00:00,10.51,12531,Netherlands,False,False,False,378.36,378.36,0.0,100448,2011,2011-10,Saturday,5,14,True
100448,P105,Tote Bag,2,2011-10-08 14:00:00,7.19,12531,Spain,False,False,False,14.38,14.38,0.0,100448,2011,2011-10,Saturday,5,14,True
100448,P106,Glass Jar,1,2011-10-08 14:00:00,5.22,12531,Netherlands,False,False,False,5.22,5.22,0.0,100448,2011,2011-10,Saturday,5,14,True
100449,P105,Tote Bag,5,2011-07-24 14:00:00,6.84,12068,United Kingdom,False,False,False,34.2,34.2,0.0,100449,2011,2011-07,Sunday,6,14,True
100450,P111,Serving Bowl,1,2010-12-08 16:00:00,13.2,12041,Germany,False,False,False,13.2,13.2,0.0,100450,2010,2010-12,Wednesday,2,16,True
100450,P103,Wall Clock,4,2010-12-08 16:00:00,11.52,12041,United Kingdom,False,False,False,46.08,46.08,0.0,100450,2010,2010-12,Wednesday,2,16,True
100450,P109,Desk Organizer,7,2010-12-08 16:00:00,11.32,12041,France,False,False,False,79.24000000000001,79.24000000000001,0.0,100450,2010,2010-12,Wednesday,2,16,True
100450,P102,Notebook,2,2010-12-08 16:00:00,3.53,12041,Spain,False,False,False,7.06,7.06,0.0,100450,2010,2010-12,Wednesday,2,16,True
100451,P102,Notebook,2,2011-05-15 14:00:00,4.26,12550,France,False,False,False,8.52,8.52,0.0,100451,2011,2011-05,Sunday,6,14,True
100451,P106,Glass Jar,8,2011-05-15 14:00:00,5.13,12550,Netherlands,False,False,False,41.04,41.04,0.0,100451,2011,2011-05,Sunday,6,14,True
100451,P109,Desk Organizer,7,2011-05-15 14:00:00,11.35,12550,France,False,False,False,79.45,79.45,0.0,100451,2011,2011-05,Sunday,6,14,True
100451,P100,Gift Box,3,2011-05-15 14:00:00,4.95,12550,United Kingdom,False,False,False,14.850000000000001,14.850000000000001,0.0,100451,2011,2011-05,Sunday,6,14,True
100452,P103,Wall Clock,38,2011-09-21 18:00:00,12.19,12490,Spain,False,False,False,463.21999999999997,463.21999999999997,0.0,100452,2011,2011-09,Wednesday,2,18,True
100453,P108,Tea Set,2,2011-05-26 10:00:00,17.32,12287,Spain,False,False,False,34.64,34.64,0.0,100453,2011,2011-05,Thursday,3,10,True
100453,P109,Desk Organizer,18,2011-05-26 10:00:00,10.56,12287,Germany,False,False,False,190.08,190.08,0.0,100453,2011,2011-05,Thursday,3,10,True
100453,P110,Gift Wrap,4,2011-05-26 10:00:00,2.66,12287,United Kingdom,False,False,False,10.64,10.64,0.0,100453,2011,2011-05,Thursday,3,10,True
100454,P104,Candle Set,1,2011-08-14 17:00:00,9.05,12318,Spain,False,False,False,9.05,9.05,0.0,100454,2011,2011-08,Sunday,6,17,True
100455,P103,Wall Clock,2,2011-06-15 12:00:00,13.25,12387,Spain,False,False,False,26.5,26.5,0.0,100455,2011,2011-06,Wednesday,2,12,True
100455,P105,Tote Bag,4,2011-06-15 12:00:00,6.35,12387,France,False,False,False,25.4,25.4,0.0,100455,2011,2011-06,Wednesday,2,12,True
100455,P102,Notebook,3,2011-06-15 12:00:00,3.89,12387,United Kingdom,False,False,False,11.67,11.67,0.0,100455,2011,2011-06,Wednesday,2,12,True
100455,P109,Desk Organizer,6,2011-06-15 12:00:00,12.03,12387,Germany,False,False,False,72.17999999999999,72.17999999999999,0.0,100455,2011,2011-06,Wednesday,2,12,True
100456,P104,Candle Set,2,2011-04-08 15:00:00,11.31,12067,Netherlands,False,False,False,22.62,22.62,0.0,100456,2011,2011-04,Friday,4,15,True
100456,P107,Photo Frame,3,2011-04-08 15:00:00,7.71,12067,United Kingdom,False,False,False,23.13,23.13,0.0,100456,2011,2011-04,Friday,4,15,True
100456,P103,Wall Clock,2,2011-04-08 15:00:00,12.94,12067,United Kingdom,False,False,False,25.88,25.88,0.0,100456,2011,2011-04,Friday,4,15,True
100457,P104,Candle Set,7,2011-10-03 15:00:00,9.18,12079,Germany,False,False,False,64.25999999999999,64.25999999999999,0.0,100457,2011,2011-10,Monday,0,15,True
100457,P111,Serving Bowl,1,2011-10-03 15:00:00,16.34,12079,Australia,False,False,False,16.34,16.34,0.0,100457,2011,2011-10,Monday,0,15,True
100457,P106,Glass Jar,3,2011-10-03 15:00:00,6.07,12079,Netherlands,False,False,False,18.21,18.21,0.0,100457,2011,2011-10,Monday,0,15,True
100458,P104,Candle Set,4,2011-04-12 17:00:00,10.14,12569,Netherlands,False,False,False,40.56,40.56,0.0,100458,2011,2011-04,Tuesday,1,17,True
100458,P101,Ceramic Mug,8,2011-04-12 17:00:00,8.02,12569,Netherlands,False,False,False,64.16,64.16,0.0,100458,2011,2011-04,Tuesday,1,17,True
100458,P100,Gift Box,3,2011-04-12 17:00:00,4.06,12569,United Kingdom,False,False,False,12.18,12.18,0.0,100458,2011,2011-04,Tuesday,1,17,True
100459,P111,Serving Bowl,2,2011-07-20 16:00:00,16.49,12028,United Kingdom,False,False,False,32.98,32.98,0.0,100459,2011,2011-07,Wednesday,2,16,True
100460,P110,Gift Wrap,10,2011-06-10 18:00:00,2.23,12680,France,False,False,False,22.3,22.3,0.0,100460,2011,2011-06,Friday,4,18,True
100460,P107,Photo Frame,2,2011-06-10 18:00:00,8.31,12680,Australia,False,False,False,16.62,16.62,0.0,100460,2011,2011-06,Friday,4,18,True
100460,P101,Ceramic Mug,14,2011-06-10 18:00:00,8.06,12680,France,False,False,False,112.84,112.84,0.0,100460,2011,2011-06,Friday,4,18,True
100461,P109,Desk Organizer,108,2011-11-03 16:00:00,12.04,12066,Spain,False,False,False,1300.32,1300.32,0.0,100461,2011,2011-11,Thursday,3,16,True
100462,P109,Desk Organizer,2,2011-12-04 13:00:00,11.09,12256,India,False,False,False,22.18,22.18,0.0,100462,2011,2011-12,Sunday,6,13,True
100462,P104,Candle Set,5,2011-12-04 13:00:00,9.47,12256,United Kingdom,False,False,False,47.35,47.35,0.0,100462,2011,2011-12,Sunday,6,13,True
100463,P107,Photo Frame,4,2010-12-11 19:00:00,8.68,12008,France,False,False,False,34.72,34.72,0.0,100463,2010,2010-12,Saturday,5,19,True
100464,P108,Tea Set,1,2011-03-15 09:00:00,16.81,12138,Germany,False,False,False,16.81,16.81,0.0,100464,2011,2011-03,Tuesday,1,9,True
100464,P110,Gift Wrap,5,2011-03-15 09:00:00,2.27,12138,Australia,False,False,False,11.35,11.35,0.0,100464,2011,2011-03,Tuesday,1,9,True
100464,P103,Wall Clock,1,2011-03-15 09:00:00,13.21,12138,Netherlands,False,False,False,13.21,13.21,0.0,100464,2011,2011-03,Tuesday,1,9,True
100464,P111,Serving Bowl,1,2011-03-15 09:00:00,13.75,12138,Germany,False,False,False,13.75,13.75,0.0,100464,2011,2011-03,Tuesday,1,9,True
100465,P100,Gift Box,1,2011-01-13 14:00:00,4.44,12007,India,False,False,False,4.44,4.44,0.0,100465,2011,2011-01,Thursday,3,14,True
100465,P110,Gift Wrap,1,2011-01-13 14:00:00,2.53,12007,Spain,False,False,False,2.53,2.53,0.0,100465,2011,2011-01,Thursday,3,14,True
100465,P101,Ceramic Mug,1,2011-01-13 14:00:00,7.15,12007,France,False,False,False,7.15,7.15,0.0,100465,2011,2011-01,Thursday,3,14,True
100466,P103,Wall Clock,1,2010-12-25 08:00:00,12.59,12265,United Kingdom,False,False,False,12.59,12.59,0.0,100466,2010,2010-12,Saturday,5,8,True
100466,P106,Glass Jar,1,2010-12-25 08:00:00,5.13,12265,India,False,False,False,5.13,5.13,0.0,100466,2010,2010-12,Saturday,5,8,True
100466,P101,Ceramic Mug,8,2010-12-25 08:00:00,7.17,12265,Germany,False,False,False,57.36,57.36,0.0,100466,2010,2010-12,Saturday,5,8,True
100467,P109,Desk Organizer,3,2011-02-13 19:00:00,9.9,12061,United Kingdom,False,False,False,29.700000000000003,29.700000000000003,0.0,100467,2011,2011-02,Sunday,6,19,True
100467,P104,Candle Set,2,2011-02-13 19:00:00,9.76,12061,India,False,False,False,19.52,19.52,0.0,100467,2011,2011-02,Sunday,6,19,True
100467,P100,Gift Box,1,2011-02-13 19:00:00,4.33,12061,Australia,False,False,False,4.33,4.33,0.0,100467,2011,2011-02,Sunday,6,19,True
100468,P101,Ceramic Mug,2,2010-12-03 08:00:00,6.95,12262,Germany,False,False,False,13.9,13.9,0.0,100468,2010,2010-12,Friday,4,8,True
100469,P107,Photo Frame,2,2011-10-06 10:00:00,7.77,12077,Spain,False,False,False,15.54,15.54,0.0,100469,2011,2011-10,Thursday,3,10,True
100469,P110,Gift Wrap,11,2011-10-06 10:00:00,2.53,12077,United Kingdom,False,False,False,27.83,27.83,0.0,100469,2011,2011-10,Thursday,3,10,True
100470,P103,Wall Clock,4,2011-04-26 17:00:00,12.37,12371,Australia,False,False,False,49.48,49.48,0.0,100470,2011,2011-04,Tuesday,1,17,True
100470,P108,Tea Set,4,2011-04-26 17:00:00,18.23,12371,United Kingdom,False,False,False,72.92,72.92,0.0,100470,2011,2011-04,Tuesday,1,17,True
100470,P111,Serving Bowl,120,2011-04-26 17:00:00,15.55,12371,Australia,False,False,False,1866.0,1866.0,0.0,100470,2011,2011-04,Tuesday,1,17,True
100471,P106,Glass Jar,2,2011-11-06 12:00:00,5.78,12288,Spain,False,False,False,11.56,11.56,0.0,100471,2011,2011-11,Sunday,6,12,True
100472,P106,Glass Jar,2,2011-05-20 08:00:00,6.31,12084,Germany,False,False,False,12.62,12.62,0.0,100472,2011,2011-05,Friday,4,8,True
100472,P104,Candle Set,4,2011-05-20 08:00:00,9.83,12084,Australia,False,False,False,39.32,39.32,0.0,100472,2011,2011-05,Friday,4,8,True
100472,P110,Gift Wrap,2,2011-05-20 08:00:00,2.65,12084,France,False,False,False,5.3,5.3,0.0,100472,2011,2011-05,Friday,4,8,True
100473,P108,Tea Set,16,2011-08-11 10:00:00,19.0,12380,Spain,False,False,False,304.0,304.0,0.0,100473,2011,2011-08,Thursday,3,10,True
100474,P110,Gift Wrap,2,2011-07-15 10:00:00,2.41,12549,United Kingdom,False,False,False,4.82,4.82,0.0,100474,2011,2011-07,Friday,4,10,True
100475,P100,Gift Box,5,2011-07-13 09:00:00,4.22,12500,Spain,False,False,False,21.099999999999998,21.099999999999998,0.0,100475,2011,2011-07,Wednesday,2,9,True
100475,P104,Candle Set,2,2011-07-13 09:00:00,8.99,12500,Netherlands,False,False,False,17.98,17.98,0.0,100475,2011,2011-07,Wednesday,2,9,True
100475,P109,Desk Organizer,1,2011-07-13 09:00:00,11.96,12500,Germany,False,False,False,11.96,11.96,0.0,100475,2011,2011-07,Wednesday,2,9,True
100475,P110,Gift Wrap,4,2011-07-13 09:00:00,2.25,12500,Germany,False,False,False,9.0,9.0,0.0,100475,2011,2011-07,Wednesday,2,9,True
100476,P106,Glass Jar,1,2011-04-08 16:00:00,5.73,12261,India,False,False,False,5.73,5.73,0.0,100476,2011,2011-04,Friday,4,16,True
100476,P102,Notebook,3,2011-04-08 16:00:00,3.88,12261,United Kingdom,False,False,False,11.64,11.64,0.0,100476,2011,2011-04,Friday,4,16,True
100477,P104,Candle Set,1,2011-02-23 13:00:00,9.47,12073,France,False,False,False,9.47,9.47,0.0,100477,2011,2011-02,Wednesday,2,13,True
100477,P105,Tote Bag,1,2011-02-23 13:00:00,6.94,12073,Germany,False,False,False,6.94,6.94,0.0,100477,2011,2011-02,Wednesday,2,13,True
100478,P101,Ceramic Mug,4,2011-06-02 14:00:00,8.17,12547,Netherlands,False,False,False,32.68,32.68,0.0,100478,2011,2011-06,Thursday,3,14,True
100478,P100,Gift Box,7,2011-06-02 14:00:00,4.99,12547,Australia,False,False,False,34.93,34.93,0.0,100478,2011,2011-06,Thursday,3,14,True
100478,P111,Serving Bowl,1,2011-06-02 14:00:00,14.34,12547,Germany,False,False,False,14.34,14.34,0.0,100478,2011,2011-06,Thursday,3,14,True
100478,P105,Tote Bag,3,2011-06-02 14:00:00,6.03,12547,Australia,False,False,False,18.09,18.09,0.0,100478,2011,2011-06,Thursday,3,14,True
100479,P110,Gift Wrap,2,2011-08-21 10:00:00,2.58,12213,Spain,False,False,False,5.16,5.16,0.0,100479,2011,2011-08,Sunday,6,10,True
100480,P101,Ceramic Mug,2,2011-05-17 10:00:00,7.31,12548,Spain,False,False,False,14.62,14.62,0.0,100480,2011,2011-05,Tuesday,1,10,True
100481,P104,Candle Set,4,2011-07-17 15:00:00,9.06,12052,Germany,False,False,False,36.24,36.24,0.0,100481,2011,2011-07,Sunday,6,15,True
100481,P100,Gift Box,2,2011-07-17 15:00:00,4.15,12052,Spain,False,False,False,8.3,8.3,0.0,100481,2011,2011-07,Sunday,6,15,True
100481,P109,Desk Organizer,1,2011-07-17 15:00:00,11.29,12052,United Kingdom,False,False,False,11.29,11.29,0.0,100481,2011,2011-07,Sunday,6,15,True
100481,P110,Gift Wrap,1,2011-07-17 15:00:00,2.59,12052,Australia,False,False,False,2.59,2.59,0.0,100481,2011,2011-07,Sunday,6,15,True
100482,P101,Ceramic Mug,2,2011-10-13 18:00:00,8.22,12632,Spain,False,False,False,16.44,16.44,0.0,100482,2011,2011-10,Thursday,3,18,True
100482,P106,Glass Jar,2,2011-10-13 18:00:00,5.07,12632,United Kingdom,False,False,False,10.14,10.14,0.0,100482,2011,2011-10,Thursday,3,18,True
100482,P108,Tea Set,2,2011-10-13 18:00:00,17.77,12632,India,False,False,False,35.54,35.54,0.0,100482,2011,2011-10,Thursday,3,18,True
100482,P111,Serving Bowl,2,2011-10-13 18:00:00,16.5,12632,Netherlands,False,False,False,33.0,33.0,0.0,100482,2011,2011-10,Thursday,3,18,True
100483,P106,Glass Jar,2,2011-01-21 16:00:00,5.62,12035,Netherlands,False,False,False,11.24,11.24,0.0,100483,2011,2011-01,Friday,4,16,True
100484,P110,Gift Wrap,1,2011-07-11 10:00:00,2.67,12054,India,False,False,False,2.67,2.67,0.0,100484,2011,2011-07,Monday,0,10,True
100484,P108,Tea Set,11,2011-07-11 10:00:00,17.32,12054,France,False,False,False,190.52,190.52,0.0,100484,2011,2011-07,Monday,0,10,True
100485,P104,Candle Set,6,2011-05-11 11:00:00,9.28,12660,Germany,False,False,False,55.67999999999999,55.67999999999999,0.0,100485,2011,2011-05,Wednesday,2,11,True
100485,P105,Tote Bag,7,2011-05-11 11:00:00,7.32,12660,India,False,False,False,51.24,51.24,0.0,100485,2011,2011-05,Wednesday,2,11,True
100485,P110,Gift Wrap,12,2011-05-11 11:00:00,2.54,12660,Australia,False,False,False,30.48,30.48,0.0,100485,2011,2011-05,Wednesday,2,11,True
100486,P104,Candle Set,2,2011-05-05 16:00:00,9.98,12657,Spain,False,False,False,19.96,19.96,0.0,100486,2011,2011-05,Thursday,3,16,True
100486,P108,Tea Set,1,2011-05-05 16:00:00,18.32,12657,United Kingdom,False,False,False,18.32,18.32,0.0,100486,2011,2011-05,Thursday,3,16,True
100486,P111,Serving Bowl,1,2011-05-05 16:00:00,14.94,12657,France,False,False,False,14.94,14.94,0.0,100486,2011,2011-05,Thursday,3,16,True
100487,P105,Tote Bag,2,2011-01-17 18:00:00,7.28,12577,United Kingdom,False,False,False,14.56,14.56,0.0,100487,2011,2011-01,Monday,0,18,True
100487,P106,Glass Jar,2,2011-01-17 18:00:00,5.92,12577,Spain,False,False,False,11.84,11.84,0.0,100487,2011,2011-01,Monday,0,18,True
100488,P110,Gift Wrap,6,2011-03-16 12:00:00,2.68,12048,Germany,False,False,False,16.080000000000002,16.080000000000002,0.0,100488,2011,2011-03,Wednesday,2,12,True
100488,P107,Photo Frame,2,2011-03-16 12:00:00,7.74,12048,United Kingdom,False,False,False,15.48,15.48,0.0,100488,2011,2011-03,Wednesday,2,12,True
100489,P111,Serving Bowl,2,2011-10-21 09:00:00,15.32,12064,Australia,False,False,False,30.64,30.64,0.0,100489,2011,2011-10,Friday,4,9,True
100490,P106,Glass Jar,2,2011-02-12 09:00:00,5.72,12074,France,False,False,False,11.44,11.44,0.0,100490,2011,2011-02,Saturday,5,9,True
100490,P100,Gift Box,2,2011-02-12 09:00:00,4.05,12074,Spain,False,False,False,8.1,8.1,0.0,100490,2011,2011-02,Saturday,5,9,True
100491,P108,Tea Set,8,2011-01-26 10:00:00,19.12,12253,India,False,False,False,152.96,152.96,0.0,100491,2011,2011-01,Wednesday,2,10,True
100492,P104,Candle Set,6,2011-02-17 12:00:00,11.08,12004,United Kingdom,False,False,False,66.48,66.48,0.0,100492,2011,2011-02,Thursday,3,12,True
100492,P111,Serving Bowl,1,2011-02-17 12:00:00,14.96,12004,Netherlands,False,False,False,14.96,14.96,0.0,100492,2011,2011-02,Thursday,3,12,True
100492,P109,Desk Organizer,2,2011-02-17 12:00:00,9.96,12004,Netherlands,False,False,False,19.92,19.92,0.0,100492,2011,2011-02,Thursday,3,12,True
100492,P105,Tote Bag,1,2011-02-17 12:00:00,6.61,12004,Australia,False,False,False,6.61,6.61,0.0,100492,2011,2011-02,Thursday,3,12,True
100493,P103,Wall Clock,34,2011-01-20 15:00:00,12.83,12146,Australia,False,False,False,436.22,436.22,0.0,100493,2011,2011-01,Thursday,3,15,True
100493,P101,Ceramic Mug,5,2011-01-20 15:00:00,7.52,12146,Spain,False,False,False,37.599999999999994,37.599999999999994,0.0,100493,2011,2011-01,Thursday,3,15,True
100494,P108,Tea Set,8,2011-06-02 15:00:00,19.62,12616,Netherlands,False,False,False,156.96,156.96,0.0,100494,2011,2011-06,Thursday,3,15,True
100494,P109,Desk Organizer,1,2011-06-02 15:00:00,11.25,12616,France,False,False,False,11.25,11.25,0.0,100494,2011,2011-06,Thursday,3,15,True
100494,P102,Notebook,2,2011-06-02 15:00:00,3.87,12616,United Kingdom,False,False,False,7.74,7.74,0.0,100494,2011,2011-06,Thursday,3,15,True
100494,P107,Photo Frame,1,2011-06-02 15:00:00,8.84,12616,Australia,False,False,False,8.84,8.84,0.0,100494,2011,2011-06,Thursday,3,15,True
100495,P100,Gift Box,16,2011-02-22 11:00:00,4.5,12454,Spain,False,False,False,72.0,72.0,0.0,100495,2011,2011-02,Tuesday,1,11,True
100495,P107,Photo Frame,8,2011-02-22 11:00:00,8.55,12454,Netherlands,False,False,False,68.4,68.4,0.0,100495,2011,2011-02,Tuesday,1,11,True
100495,P102,Notebook,3,2011-02-22 11:00:00,3.65,12454,India,False,False,False,10.95,10.95,0.0,100495,2011,2011-02,Tuesday,1,11,True
100496,P105,Tote Bag,1,2011-08-15 17:00:00,7.43,12086,Spain,False,False,False,7.43,7.43,0.0,100496,2011,2011-08,Monday,0,17,True
100497,P100,Gift Box,2,2011-10-25 08:00:00,4.23,12059,United Kingdom,False,False,False,8.46,8.46,0.0,100497,2011,2011-10,Tuesday,1,8,True
100497,P104,Candle Set,9,2011-10-25 08:00:00,10.0,12059,United Kingdom,False,False,False,90.0,90.0,0.0,100497,2011,2011-10,Tuesday,1,8,True
100497,P103,Wall Clock,1,2011-10-25 08:00:00,14.11,12059,France,False,False,False,14.11,14.11,0.0,100497,2011,2011-10,Tuesday,1,8,True
100498,P110,Gift Wrap,5,2011-03-08 14:00:00,2.51,12076,Australia,False,False,False,12.549999999999999,12.549999999999999,0.0,100498,2011,2011-03,Tuesday,1,14,True
100498,P109,Desk Organizer,4,2011-03-08 14:00:00,10.39,12076,Netherlands,False,False,False,41.56,41.56,0.0,100498,2011,2011-03,Tuesday,1,14,True
100498,P108,Tea Set,3,2011-03-08 14:00:00,18.31,12076,Netherlands,False,False,False,54.92999999999999,54.92999999999999,0.0,100498,2011,2011-03,Tuesday,1,14,True
100499,P104,Candle Set,6,2011-08-28 17:00:00,9.02,12372,Germany,False,False,False,54.12,54.12,0.0,100499,2011,2011-08,Sunday,6,17,True
100500,P111,Serving Bowl,4,2011-01-07 12:00:00,14.91,12051,United Kingdom,False,False,False,59.64,59.64,0.0,100500,2011,2011-01,Friday,4,12,True
100501,P102,Notebook,16,2010-12-31 13:00:00,3.9,12064,United Kingdom,False,False,False,62.4,62.4,0.0,100501,2010,2010-12,Friday,4,13,True
100501,P100,Gift Box,2,2010-12-31 13:00:00,4.33,12064,United Kingdom,False,False,False,8.66,8.66,0.0,100501,2010,2010-12,Friday,4,13,True
100501,P107,Photo Frame,4,2010-12-31 13:00:00,9.11,12064,Australia,False,False,False,36.44,36.44,0.0,100501,2010,2010-12,Friday,4,13,True
100501,P108,Tea Set,1,2010-12-31 13:00:00,19.45,12064,Australia,False,False,False,19.45,19.45,0.0,100501,2010,2010-12,Friday,4,13,True
100502,P101,Ceramic Mug,2,2011-03-14 12:00:00,7.17,12571,Spain,False,False,False,14.34,14.34,0.0,100502,2011,2011-03,Monday,0,12,True
100503,P107,Photo Frame,7,2011-08-16 09:00:00,9.32,12562,Netherlands,False,False,False,65.24000000000001,65.24000000000001,0.0,100503,2011,2011-08,Tuesday,1,9,True
100503,P102,Notebook,7,2011-08-16 09:00:00,3.9,12562,France,False,False,False,27.3,27.3,0.0,100503,2011,2011-08,Tuesday,1,9,True
100503,P108,Tea Set,1,2011-08-16 09:00:00,19.35,12562,India,False,False,False,19.35,19.35,0.0,100503,2011,2011-08,Tuesday,1,9,True
100504,P102,Notebook,3,2011-06-16 11:00:00,4.33,12366,France,False,False,False,12.99,12.99,0.0,100504,2011,2011-06,Thursday,3,11,True
100504,P103,Wall Clock,1,2011-06-16 11:00:00,13.59,12366,United Kingdom,False,False,False,13.59,13.59,0.0,100504,2011,2011-06,Thursday,3,11,True
100504,P104,Candle Set,13,2011-06-16 11:00:00,8.92,12366,United Kingdom,False,False,False,115.96,115.96,0.0,100504,2011,2011-06,Thursday,3,11,True
100505,P108,Tea Set,10,2011-10-11 18:00:00,19.82,12668,Australia,False,False,False,198.2,198.2,0.0,100505,2011,2011-10,Tuesday,1,18,True
100505,P105,Tote Bag,1,2011-10-11 18:00:00,6.28,12668,Australia,False,False,False,6.28,6.28,0.0,100505,2011,2011-10,Tuesday,1,18,True
100506,P109,Desk Organizer,3,2010-12-31 12:00:00,10.19,12021,Netherlands,False,False,False,30.57,30.57,0.0,100506,2010,2010-12,Friday,4,12,True
100506,P100,Gift Box,9,2010-12-31 12:00:00,4.06,12021,Australia,False,False,False,36.54,36.54,0.0,100506,2010,2010-12,Friday,4,12,True
100506,P101,Ceramic Mug,8,2010-12-31 12:00:00,7.4,12021,United Kingdom,False,False,False,59.2,59.2,0.0,100506,2010,2010-12,Friday,4,12,True
100507,P103,Wall Clock,9,2011-01-11 16:00:00,12.08,12686,Germany,False,False,False,108.72,108.72,0.0,100507,2011,2011-01,Tuesday,1,16,True
100508,P100,Gift Box,2,2011-04-05 11:00:00,5.07,12519,Australia,False,False,False,10.14,10.14,0.0,100508,2011,2011-04,Tuesday,1,11,True
100509,P104,Candle Set,2,2011-07-26 12:00:00,11.09,12308,Netherlands,False,False,False,22.18,22.18,0.0,100509,2011,2011-07,Tuesday,1,12,True
100510,P105,Tote Bag,9,2011-02-21 17:00:00,6.48,12304,Netherlands,False,False,False,58.32000000000001,58.32000000000001,0.0,100510,2011,2011-02,Monday,0,17,True
100510,P102,Notebook,1,2011-02-21 17:00:00,3.74,12304,India,False,False,False,3.74,3.74,0.0,100510,2011,2011-02,Monday,0,17,True
100511,P100,Gift Box,2,2011-01-04 09:00:00,4.4,12350,Spain,False,False,False,8.8,8.8,0.0,100511,2011,2011-01,Tuesday,1,9,True
100512,P105,Tote Bag,1,2011-08-02 15:00:00,7.13,12689,Germany,False,False,False,7.13,7.13,0.0,100512,2011,2011-08,Tuesday,1,15,True
100512,P103,Wall Clock,2,2011-08-02 15:00:00,14.01,12689,Germany,False,False,False,28.02,28.02,0.0,100512,2011,2011-08,Tuesday,1,15,True
100512,P110,Gift Wrap,1,2011-08-02 15:00:00,2.59,12689,India,False,False,False,2.59,2.59,0.0,100512,2011,2011-08,Tuesday,1,15,True
100513,P102,Notebook,9,2011-11-18 13:00:00,3.72,12517,Netherlands,False,False,False,33.480000000000004,33.480000000000004,0.0,100513,2011,2011-11,Friday,4,13,True
100514,P100,Gift Box,2,2011-06-07 15:00:00,4.79,12168,Australia,False,False,False,9.58,9.58,0.0,100514,2011,2011-06,Tuesday,1,15,True
100514,P104,Candle Set,2,2011-06-07 15:00:00,10.95,12168,France,False,False,False,21.9,21.9,0.0,100514,2011,2011-06,Tuesday,1,15,True
100514,P101,Ceramic Mug,1,2011-06-07 15:00:00,8.07,12168,United Kingdom,False,False,False,8.07,8.07,0.0,100514,2011,2011-06,Tuesday,1,15,True
100515,P100,Gift Box,7,2011-05-19 13:00:00,4.36,12284,Spain,False,False,False,30.520000000000003,30.520000000000003,0.0,100515,2011,2011-05,Thursday,3,13,True
100515,P108,Tea Set,1,2011-05-19 13:00:00,18.71,12284,Germany,False,False,False,18.71,18.71,0.0,100515,2011,2011-05,Thursday,3,13,True
100515,P104,Candle Set,7,2011-05-19 13:00:00,11.33,12284,India,False,False,False,79.31,79.31,0.0,100515,2011,2011-05,Thursday,3,13,True
100516,P102,Notebook,1,2011-01-15 18:00:00,3.57,12190,France,False,False,False,3.57,3.57,0.0,100516,2011,2011-01,Saturday,5,18,True
100516,P104,Candle Set,7,2011-01-15 18:00:00,10.47,12190,India,False,False,False,73.29,73.29,0.0,100516,2011,2011-01,Saturday,5,18,True
100517,P106,Glass Jar,2,2011-07-20 15:00:00,5.53,12548,France,False,False,False,11.06,11.06,0.0,100517,2011,2011-07,Wednesday,2,15,True
100517,P104,Candle Set,3,2011-07-20 15:00:00,9.87,12548,Germany,False,False,False,29.61,29.61,0.0,100517,2011,2011-07,Wednesday,2,15,True
100517,P109,Desk Organizer,2,2011-07-20 15:00:00,11.49,12548,India,False,False,False,22.98,22.98,0.0,100517,2011,2011-07,Wednesday,2,15,True
100518,P105,Tote Bag,2,2011-06-20 14:00:00,7.14,12517,Germany,False,False,False,14.28,14.28,0.0,100518,2011,2011-06,Monday,0,14,True
100518,P108,Tea Set,10,2011-06-20 14:00:00,16.47,12517,Germany,False,False,False,164.7,164.7,0.0,100518,2011,2011-06,Monday,0,14,True
100518,P102,Notebook,3,2011-06-20 14:00:00,3.51,12517,Germany,False,False,False,10.53,10.53,0.0,100518,2011,2011-06,Monday,0,14,True
100518,P107,Photo Frame,4,2011-06-20 14:00:00,8.8,12517,Netherlands,False,False,False,35.2,35.2,0.0,100518,2011,2011-06,Monday,0,14,True
100519,P109,Desk Organizer,2,2011-05-11 11:00:00,10.12,12003,Germany,False,False,False,20.24,20.24,0.0,100519,2011,2011-05,Wednesday,2,11,True
100520,P109,Desk Organizer,8,2011-09-22 11:00:00,11.76,12592,India,False,False,False,94.08,94.08,0.0,100520,2011,2011-09,Thursday,3,11,True
100520,P102,Notebook,2,2011-09-22 11:00:00,4.21,12592,Germany,False,False,False,8.42,8.42,0.0,100520,2011,2011-09,Thursday,3,11,True
100521,P104,Candle Set,5,2011-05-26 11:00:00,10.19,12530,Netherlands,False,False,False,50.949999999999996,50.949999999999996,0.0,100521,2011,2011-05,Thursday,3,11,True
100521,P100,Gift Box,3,2011-05-26 11:00:00,4.67,12530,United Kingdom,False,False,False,14.01,14.01,0.0,100521,2011,2011-05,Thursday,3,11,True
100522,P100,Gift Box,5,2011-04-11 11:00:00,4.62,12439,Netherlands,False,False,False,23.1,23.1,0.0,100522,2011,2011-04,Monday,0,11,True
100522,P104,Candle Set,7,2011-04-11 11:00:00,10.79,12439,United Kingdom,False,False,False,75.53,75.53,0.0,100522,2011,2011-04,Monday,0,11,True
100523,P100,Gift Box,3,2011-10-10 17:00:00,4.92,12112,Netherlands,False,False,False,14.76,14.76,0.0,100523,2011,2011-10,Monday,0,17,True
100523,P108,Tea Set,2,2011-10-10 17:00:00,16.91,12112,France,False,False,False,33.82,33.82,0.0,100523,2011,2011-10,Monday,0,17,True
100524,P104,Candle Set,2,2011-04-30 11:00:00,11.26,12384,Australia,False,False,False,22.52,22.52,0.0,100524,2011,2011-04,Saturday,5,11,True
100524,P109,Desk Organizer,5,2011-04-30 11:00:00,10.36,12384,Netherlands,False,False,False,51.8,51.8,0.0,100524,2011,2011-04,Saturday,5,11,True
100525,P108,Tea Set,1,2011-03-16 09:00:00,17.06,12079,France,False,False,False,17.06,17.06,0.0,100525,2011,2011-03,Wednesday,2,9,True
100526,P107,Photo Frame,1,2010-12-10 19:00:00,8.56,12029,Germany,False,False,False,8.56,8.56,0.0,100526,2010,2010-12,Friday,4,19,True
100526,P111,Serving Bowl,2,2010-12-10 19:00:00,15.3,12029,France,False,False,False,30.6,30.6,0.0,100526,2010,2010-12,Friday,4,19,True
100527,P106,Glass Jar,2,2011-09-04 13:00:00,5.03,12460,United Kingdom,False,False,False,10.06,10.06,0.0,100527,2011,2011-09,Sunday,6,13,True
100527,P101,Ceramic Mug,1,2011-09-04 13:00:00,7.74,12460,Netherlands,False,False,False,7.74,7.74,0.0,100527,2011,2011-09,Sunday,6,13,True
100527,P103,Wall Clock,1,2011-09-04 13:00:00,12.31,12460,United Kingdom,False,False,False,12.31,12.31,0.0,100527,2011,2011-09,Sunday,6,13,True
100528,P100,Gift Box,5,2011-07-11 15:00:00,5.17,12018,Germany,False,False,False,25.85,25.85,0.0,100528,2011,2011-07,Monday,0,15,True
100529,P103,Wall Clock,1,2011-07-02 16:00:00,12.28,12108,Netherlands,False,False,False,12.28,12.28,0.0,100529,2011,2011-07,Saturday,5,16,True
100529,P104,Candle Set,13,2011-07-02 16:00:00,11.15,12108,United Kingdom,False,False,False,144.95000000000002,144.95000000000002,0.0,100529,2011,2011-07,Saturday,5,16,True
100530,P103,Wall Clock,2,2011-01-02 11:00:00,13.28,12020,Netherlands,False,False,False,26.56,26.56,0.0,100530,2011,2011-01,Sunday,6,11,True
100530,P105,Tote Bag,1,2011-01-02 11:00:00,6.56,12020,France,False,False,False,6.56,6.56,0.0,100530,2011,2011-01,Sunday,6,11,True
100531,P111,Serving Bowl,2,2011-01-22 10:00:00,13.44,12089,Australia,False,False,False,26.88,26.88,0.0,100531,2011,2011-01,Saturday,5,10,True
100531,P105,Tote Bag,2,2011-01-22 10:00:00,7.15,12089,India,False,False,False,14.3,14.3,0.0,100531,2011,2011-01,Saturday,5,10,True
100532,P103,Wall Clock,10,2011-08-28 19:00:00,11.45,12641,Spain,False,False,False,114.5,114.5,0.0,100532,2011,2011-08,Sunday,6,19,True
100532,P109,Desk Organizer,4,2011-08-28 19:00:00,12.45,12641,United Kingdom,False,False,False,49.8,49.8,0.0,100532,2011,2011-08,Sunday,6,19,True
100532,P107,Photo Frame,2,2011-08-28 19:00:00,9.32,12641,Germany,False,False,False,18.64,18.64,0.0,100532,2011,2011-08,Sunday,6,19,True
100532,P102,Notebook,3,2011-08-28 19:00:00,3.72,12641,Germany,False,False,False,11.16,11.16,0.0,100532,2011,2011-08,Sunday,6,19,True
100533,P108,Tea Set,2,2011-07-28 17:00:00,19.56,12208,United Kingdom,False,False,False,39.12,39.12,0.0,100533,2011,2011-07,Thursday,3,17,True
100533,P109,Desk Organizer,1,2011-07-28 17:00:00,11.96,12208,Netherlands,False,False,False,11.96,11.96,0.0,100533,2011,2011-07,Thursday,3,17,True
100534,P107,Photo Frame,2,2011-11-07 12:00:00,8.92,12592,United Kingdom,False,False,False,17.84,17.84,0.0,100534,2011,2011-11,Monday,0,12,True
100535,P103,Wall Clock,4,2011-09-19 13:00:00,14.3,12154,United Kingdom,False,False,False,57.2,57.2,0.0,100535,2011,2011-09,Monday,0,13,True
100535,P102,Notebook,12,2011-09-19 13:00:00,3.97,12154,United Kingdom,False,False,False,47.64,47.64,0.0,100535,2011,2011-09,Monday,0,13,True
100535,P105,Tote Bag,2,2011-09-19 13:00:00,7.32,12154,Netherlands,False,False,False,14.64,14.64,0.0,100535,2011,2011-09,Monday,0,13,True
100536,P102,Notebook,15,2011-07-28 08:00:00,4.16,12289,Spain,False,False,False,62.400000000000006,62.400000000000006,0.0,100536,2011,2011-07,Thursday,3,8,True
100536,P107,Photo Frame,7,2011-07-28 08:00:00,9.21,12289,Spain,False,False,False,64.47,64.47,0.0,100536,2011,2011-07,Thursday,3,8,True
100536,P111,Serving Bowl,1,2011-07-28 08:00:00,13.48,12289,Australia,False,False,False,13.48,13.48,0.0,100536,2011,2011-07,Thursday,3,8,True
100536,P109,Desk Organizer,1,2011-07-28 08:00:00,10.69,12289,Netherlands,False,False,False,10.69,10.69,0.0,100536,2011,2011-07,Thursday,3,8,True
100537,P110,Gift Wrap,1,2011-01-21 12:00:00,2.51,12277,France,False,False,False,2.51,2.51,0.0,100537,2011,2011-01,Friday,4,12,True
100538,P110,Gift Wrap,2,2011-04-26 19:00:00,2.38,12022,Netherlands,False,False,False,4.76,4.76,0.0,100538,2011,2011-04,Tuesday,1,19,True
100538,P105,Tote Bag,10,2011-04-26 19:00:00,6.76,12022,Spain,False,False,False,67.6,67.6,0.0,100538,2011,2011-04,Tuesday,1,19,True
100538,P102,Notebook,5,2011-04-26 19:00:00,4.17,12022,India,False,False,False,20.85,20.85,0.0,100538,2011,2011-04,Tuesday,1,19,True
100539,P111,Serving Bowl,2,2011-07-20 19:00:00,14.2,12422,Australia,False,False,False,28.4,28.4,0.0,100539,2011,2011-07,Wednesday,2,19,True
100540,P100,Gift Box,2,2011-07-21 17:00:00,4.34,12321,India,False,False,False,8.68,8.68,0.0,100540,2011,2011-07,Thursday,3,17,True
100541,P110,Gift Wrap,7,2011-03-03 14:00:00,2.61,12612,India,False,False,False,18.27,18.27,0.0,100541,2011,2011-03,Thursday,3,14,True
100541,P107,Photo Frame,1,2011-03-03 14:00:00,9.2,12612,Australia,False,False,False,9.2,9.2,0.0,100541,2011,2011-03,Thursday,3,14,True
100541,P101,Ceramic Mug,6,2011-03-03 14:00:00,6.58,12612,United Kingdom,False,False,False,39.480000000000004,39.480000000000004,0.0,100541,2011,2011-03,Thursday,3,14,True
100541,P109,Desk Organizer,4,2011-03-03 14:00:00,12.59,12612,India,False,False,False,50.36,50.36,0.0,100541,2011,2011-03,Thursday,3,14,True
100542,P111,Serving Bowl,2,2011-04-26 16:00:00,15.06,12001,France,False,False,False,30.12,30.12,0.0,100542,2011,2011-04,Tuesday,1,16,True
100542,P102,Notebook,1,2011-04-26 16:00:00,3.88,12001,Australia,False,False,False,3.88,3.88,0.0,100542,2011,2011-04,Tuesday,1,16,True
100542,P109,Desk Organizer,13,2011-04-26 16:00:00,11.58,12001,Australia,False,False,False,150.54,150.54,0.0,100542,2011,2011-04,Tuesday,1,16,True
100543,P103,Wall Clock,17,2011-10-29 15:00:00,13.21,12000,United Kingdom,False,False,False,224.57000000000002,224.57000000000002,0.0,100543,2011,2011-10,Saturday,5,15,True
100544,P109,Desk Organizer,4,2011-09-25 16:00:00,10.13,12024,France,False,False,False,40.52,40.52,0.0,100544,2011,2011-09,Sunday,6,16,True
100544,P102,Notebook,1,2011-09-25 16:00:00,3.78,12024,United Kingdom,False,False,False,3.78,3.78,0.0,100544,2011,2011-09,Sunday,6,16,True
100545,P103,Wall Clock,5,2011-05-04 14:00:00,12.59,12076,India,False,False,False,62.95,62.95,0.0,100545,2011,2011-05,Wednesday,2,14,True
100545,P111,Serving Bowl,3,2011-05-04 14:00:00,13.56,12076,India,False,False,False,40.68,40.68,0.0,100545,2011,2011-05,Wednesday,2,14,True
100546,P110,Gift Wrap,3,2011-03-24 12:00:00,2.39,12308,India,False,False,False,7.17,7.17,0.0,100546,2011,2011-03,Thursday,3,12,True
100546,P101,Ceramic Mug,1,2011-03-24 12:00:00,7.25,12308,Spain,False,False,False,7.25,7.25,0.0,100546,2011,2011-03,Thursday,3,12,True
100547,P104,Candle Set,1,2011-01-04 15:00:00,11.37,12425,Germany,False,False,False,11.37,11.37,0.0,100547,2011,2011-01,Tuesday,1,15,True
100547,P106,Glass Jar,1,2011-01-04 15:00:00,6.1,12425,India,False,False,False,6.1,6.1,0.0,100547,2011,2011-01,Tuesday,1,15,True
100547,P101,Ceramic Mug,5,2011-01-04 15:00:00,7.62,12425,Spain,False,False,False,38.1,38.1,0.0,100547,2011,2011-01,Tuesday,1,15,True
100547,P103,Wall Clock,19,2011-01-04 15:00:00,11.82,12425,Spain,False,False,False,224.58,224.58,0.0,100547,2011,2011-01,Tuesday,1,15,True
100548,P105,Tote Bag,2,2011-04-23 13:00:00,6.63,12077,United Kingdom,False,False,False,13.26,13.26,0.0,100548,2011,2011-04,Saturday,5,13,True
100548,P111,Serving Bowl,25,2011-04-23 13:00:00,14.28,12077,Spain,False,False,False,357.0,357.0,0.0,100548,2011,2011-04,Saturday,5,13,True
100548,P110,Gift Wrap,1,2011-04-23 13:00:00,2.32,12077,United Kingdom,False,False,False,2.32,2.32,0.0,100548,2011,2011-04,Saturday,5,13,True
100549,P111,Serving Bowl,9,2011-11-19 15:00:00,14.98,12010,Spain,False,False,False,134.82,134.82,0.0,100549,2011,2011-11,Saturday,5,15,True
100549,P101,Ceramic Mug,2,2011-11-19 15:00:00,7.72,12010,Spain,False,False,False,15.44,15.44,0.0,100549,2011,2011-11,Saturday,5,15,True
100549,P103,Wall Clock,1,2011-11-19 15:00:00,12.5,12010,Netherlands,False,False,False,12.5,12.5,0.0,100549,2011,2011-11,Saturday,5,15,True
100549,P105,Tote Bag,8,2011-11-19 15:00:00,6.32,12010,India,False,False,False,50.56,50.56,0.0,100549,2011,2011-11,Saturday,5,15,True
100550,P105,Tote Bag,2,2011-10-21 11:00:00,6.54,12697,India,False,False,False,13.08,13.08,0.0,100550,2011,2011-10,Friday,4,11,True
100550,P104,Candle Set,1,2011-10-21 11:00:00,9.49,12697,Germany,False,False,False,9.49,9.49,0.0,100550,2011,2011-10,Friday,4,11,True
100550,P109,Desk Organizer,12,2011-10-21 11:00:00,11.06,12697,Germany,False,False,False,132.72,132.72,0.0,100550,2011,2011-10,Friday,4,11,True
100550,P108,Tea Set,4,2011-10-21 11:00:00,20.03,12697,Netherlands,False,False,False,80.12,80.12,0.0,100550,2011,2011-10,Friday,4,11,True
100551,P108,Tea Set,1,2011-01-24 12:00:00,19.51,12440,India,False,False,False,19.51,19.51,0.0,100551,2011,2011-01,Monday,0,12,True
100551,P104,Candle Set,5,2011-01-24 12:00:00,10.75,12440,Australia,False,False,False,53.75,53.75,0.0,100551,2011,2011-01,Monday,0,12,True
100552,P101,Ceramic Mug,1,2011-10-16 19:00:00,7.51,12564,Germany,False,False,False,7.51,7.51,0.0,100552,2011,2011-10,Sunday,6,19,True
100552,P102,Notebook,5,2011-10-16 19:00:00,4.1,12564,Spain,False,False,False,20.5,20.5,0.0,100552,2011,2011-10,Sunday,6,19,True
100553,P100,Gift Box,5,2011-05-31 14:00:00,4.78,12046,Spain,False,False,False,23.900000000000002,23.900000000000002,0.0,100553,2011,2011-05,Tuesday,1,14,True
100553,P102,Notebook,3,2011-05-31 14:00:00,4.34,12046,Germany,False,False,False,13.02,13.02,0.0,100553,2011,2011-05,Tuesday,1,14,True
100554,P110,Gift Wrap,5,2011-07-06 11:00:00,2.2,12626,India,False,False,False,11.0,11.0,0.0,100554,2011,2011-07,Wednesday,2,11,True
100554,P102,Notebook,2,2011-07-06 11:00:00,3.57,12626,Germany,False,False,False,7.14,7.14,0.0,100554,2011,2011-07,Wednesday,2,11,True
100555,P102,Notebook,10,2011-04-09 14:00:00,4.33,12379,Netherlands,False,False,False,43.3,43.3,0.0,100555,2011,2011-04,Saturday,5,14,True
100555,P108,Tea Set,3,2011-04-09 14:00:00,19.32,12379,India,False,False,False,57.96,57.96,0.0,100555,2011,2011-04,Saturday,5,14,True
100556,P105,Tote Bag,2,2011-04-08 12:00:00,6.13,12111,Germany,False,False,False,12.26,12.26,0.0,100556,2011,2011-04,Friday,4,12,True
100556,P100,Gift Box,3,2011-04-08 12:00:00,4.79,12111,Netherlands,False,False,False,14.370000000000001,14.370000000000001,0.0,100556,2011,2011-04,Friday,4,12,True
100556,P111,Serving Bowl,1,2011-04-08 12:00:00,13.3,12111,Australia,False,False,False,13.3,13.3,0.0,100556,2011,2011-04,Friday,4,12,True
100556,P110,Gift Wrap,1,2011-04-08 12:00:00,2.28,12111,Netherlands,False,False,False,2.28,2.28,0.0,100556,2011,2011-04,Friday,4,12,True
100557,P106,Glass Jar,3,2011-05-13 10:00:00,5.09,12050,Spain,False,False,False,15.27,15.27,0.0,100557,2011,2011-05,Friday,4,10,True
100558,P109,Desk Organizer,4,2010-12-10 18:00:00,10.44,12075,Australia,False,False,False,41.76,41.76,0.0,100558,2010,2010-12,Friday,4,18,True
100559,P107,Photo Frame,7,2011-09-10 15:00:00,8.55,12111,India,False,False,False,59.85000000000001,59.85000000000001,0.0,100559,2011,2011-09,Saturday,5,15,True
100559,P104,Candle Set,10,2011-09-10 15:00:00,10.06,12111,Germany,False,False,False,100.60000000000001,100.60000000000001,0.0,100559,2011,2011-09,Saturday,5,15,True
100559,P110,Gift Wrap,1,2011-09-10 15:00:00,2.28,12111,Spain,False,False,False,2.28,2.28,0.0,100559,2011,2011-09,Saturday,5,15,True
100560,P110,Gift Wrap,5,2011-09-18 15:00:00,2.43,12324,Netherlands,False,False,False,12.15,12.15,0.0,100560,2011,2011-09,Sunday,6,15,True
100560,P105,Tote Bag,4,2011-09-18 15:00:00,5.93,12324,Spain,False,False,False,23.72,23.72,0.0,100560,2011,2011-09,Sunday,6,15,True
100560,P103,Wall Clock,6,2011-09-18 15:00:00,11.32,12324,Australia,False,False,False,67.92,67.92,0.0,100560,2011,2011-09,Sunday,6,15,True
100561,P103,Wall Clock,6,2011-01-26 08:00:00,11.32,12288,Australia,False,False,False,67.92,67.92,0.0,100561,2011,2011-01,Wednesday,2,8,True
100561,P102,Notebook,1,2011-01-26 08:00:00,3.79,12288,United Kingdom,False,False,False,3.79,3.79,0.0,100561,2011,2011-01,Wednesday,2,8,True
100561,P106,Glass Jar,4,2011-01-26 08:00:00,5.97,12288,United Kingdom,False,False,False,23.88,23.88,0.0,100561,2011,2011-01,Wednesday,2,8,True
100561,P104,Candle Set,7,2011-01-26 08:00:00,9.24,12288,Spain,False,False,False,64.68,64.68,0.0,100561,2011,2011-01,Wednesday,2,8,True
100562,P111,Serving Bowl,1,2011-02-04 18:00:00,14.39,12636,United Kingdom,False,False,False,14.39,14.39,0.0,100562,2011,2011-02,Friday,4,18,True
100562,P108,Tea Set,1,2011-02-04 18:00:00,19.11,12636,United Kingdom,False,False,False,19.11,19.11,0.0,100562,2011,2011-02,Friday,4,18,True
100563,P100,Gift Box,5,2011-07-26 16:00:00,4.56,12684,Spain,False,False,False,22.799999999999997,22.799999999999997,0.0,100563,2011,2011-07,Tuesday,1,16,True
100564,P103,Wall Clock,1,2011-08-02 19:00:00,11.65,12586,France,False,False,False,11.65,11.65,0.0,100564,2011,2011-08,Tuesday,1,19,True
100564,P106,Glass Jar,3,2011-08-02 19:00:00,5.34,12586,India,False,False,False,16.02,16.02,0.0,100564,2011,2011-08,Tuesday,1,19,True
100565,P106,Glass Jar,4,2011-04-28 11:00:00,5.4,12340,Australia,False,False,False,21.6,21.6,0.0,100565,2011,2011-04,Thursday,3,11,True
100565,P102,Notebook,1,2011-04-28 11:00:00,3.79,12340,Australia,False,False,False,3.79,3.79,0.0,100565,2011,2011-04,Thursday,3,11,True
100566,P111,Serving Bowl,2,2011-11-10 14:00:00,13.82,12446,France,False,False,False,27.64,27.64,0.0,100566,2011,2011-11,Thursday,3,14,True
100566,P101,Ceramic Mug,3,2011-11-10 14:00:00,7.66,12446,France,False,False,False,22.98,22.98,0.0,100566,2011,2011-11,Thursday,3,14,True
100567,P100,Gift Box,2,2011-04-23 10:00:00,5.04,12607,Australia,False,False,False,10.08,10.08,0.0,100567,2011,2011-04,Saturday,5,10,True
100567,P105,Tote Bag,5,2011-04-23 10:00:00,6.72,12607,India,False,False,False,33.6,33.6,0.0,100567,2011,2011-04,Saturday,5,10,True
100567,P109,Desk Organizer,12,2011-04-23 10:00:00,10.26,12607,Germany,False,False,False,123.12,123.12,0.0,100567,2011,2011-04,Saturday,5,10,True
100568,P107,Photo Frame,3,2011-07-20 09:00:00,7.67,12008,India,False,False,False,23.009999999999998,23.009999999999998,0.0,100568,2011,2011-07,Wednesday,2,9,True
100568,P106,Glass Jar,4,2011-07-20 09:00:00,6.01,12008,United Kingdom,False,False,False,24.04,24.04,0.0,100568,2011,2011-07,Wednesday,2,9,True
100568,P109,Desk Organizer,3,2011-07-20 09:00:00,10.41,12008,United Kingdom,False,False,False,31.23,31.23,0.0,100568,2011,2011-07,Wednesday,2,9,True
100569,P111,Serving Bowl,1,2011-01-03 18:00:00,15.04,12039,Spain,False,False,False,15.04,15.04,0.0,100569,2011,2011-01,Monday,0,18,True
100569,P110,Gift Wrap,2,2011-01-03 18:00:00,2.73,12039,Germany,False,False,False,5.46,5.46,0.0,100569,2011,2011-01,Monday,0,18,True
100569,P103,Wall Clock,5,2011-01-03 18:00:00,12.43,12039,Germany,False,False,False,62.15,62.15,0.0,100569,2011,2011-01,Monday,0,18,True
100569,P109,Desk Organizer,2,2011-01-03 18:00:00,10.23,12039,United Kingdom,False,False,False,20.46,20.46,0.0,100569,2011,2011-01,Monday,0,18,True
100570,P105,Tote Bag,1,2011-09-19 17:00:00,5.87,12276,India,False,False,False,5.87,5.87,0.0,100570,2011,2011-09,Monday,0,17,True
100571,P110,Gift Wrap,5,2011-02-23 16:00:00,2.35,12050,Spain,False,False,False,11.75,11.75,0.0,100571,2011,2011-02,Wednesday,2,16,True
100571,P107,Photo Frame,1,2011-02-23 16:00:00,9.35,12050,France,False,False,False,9.35,9.35,0.0,100571,2011,2011-02,Wednesday,2,16,True
100571,P105,Tote Bag,4,2011-02-23 16:00:00,6.19,12050,Spain,False,False,False,24.76,24.76,0.0,100571,2011,2011-02,Wednesday,2,16,True
100571,P109,Desk Organizer,7,2011-02-23 16:00:00,11.54,12050,Spain,False,False,False,80.78,80.78,0.0,100571,2011,2011-02,Wednesday,2,16,True
100572,P102,Notebook,13,2011-04-18 18:00:00,3.52,12378,France,False,False,False,45.76,45.76,0.0,100572,2011,2011-04,Monday,0,18,True
100572,P101,Ceramic Mug,4,2011-04-18 18:00:00,7.83,12378,United Kingdom,False,False,False,31.32,31.32,0.0,100572,2011,2011-04,Monday,0,18,True
100573,P101,Ceramic Mug,1,2011-08-13 19:00:00,7.77,12043,Netherlands,False,False,False,7.77,7.77,0.0,100573,2011,2011-08,Saturday,5,19,True
100573,P103,Wall Clock,3,2011-08-13 19:00:00,11.53,12043,India,False,False,False,34.589999999999996,34.589999999999996,0.0,100573,2011,2011-08,Saturday,5,19,True
100573,P107,Photo Frame,1,2011-08-13 19:00:00,9.26,12043,Germany,False,False,False,9.26,9.26,0.0,100573,2011,2011-08,Saturday,5,19,True
100574,P108,Tea Set,2,2011-10-22 18:00:00,18.33,12529,Netherlands,False,False,False,36.66,36.66,0.0,100574,2011,2011-10,Saturday,5,18,True
100574,P101,Ceramic Mug,5,2011-10-22 18:00:00,7.05,12529,United Kingdom,False,False,False,35.25,35.25,0.0,100574,2011,2011-10,Saturday,5,18,True
100574,P107,Photo Frame,5,2011-10-22 18:00:00,8.48,12529,Germany,False,False,False,42.400000000000006,42.400000000000006,0.0,100574,2011,2011-10,Saturday,5,18,True
100575,P107,Photo Frame,1,2011-07-20 17:00:00,9.33,12447,Germany,False,False,False,9.33,9.33,0.0,100575,2011,2011-07,Wednesday,2,17,True
100575,P106,Glass Jar,1,2011-07-20 17:00:00,6.02,12447,India,False,False,False,6.02,6.02,0.0,100575,2011,2011-07,Wednesday,2,17,True
100575,P101,Ceramic Mug,10,2011-07-20 17:00:00,7.95,12447,Germany,False,False,False,79.5,79.5,0.0,100575,2011,2011-07,Wednesday,2,17,True
100575,P103,Wall Clock,1,2011-07-20 17:00:00,12.88,12447,Germany,False,False,False,12.88,12.88,0.0,100575,2011,2011-07,Wednesday,2,17,True
100576,P104,Candle Set,3,2011-05-12 11:00:00,10.27,12211,United Kingdom,False,False,False,30.81,30.81,0.0,100576,2011,2011-05,Thursday,3,11,True
100576,P111,Serving Bowl,2,2011-05-12 11:00:00,14.01,12211,Spain,False,False,False,28.02,28.02,0.0,100576,2011,2011-05,Thursday,3,11,True
100577,P100,Gift Box,1,2011-05-23 09:00:00,4.91,12004,India,False,False,False,4.91,4.91,0.0,100577,2011,2011-05,Monday,0,9,True
100578,P109,Desk Organizer,2,2011-01-10 16:00:00,11.91,12605,Netherlands,False,False,False,23.82,23.82,0.0,100578,2011,2011-01,Monday,0,16,True
100578,P108,Tea Set,2,2011-01-10 16:00:00,18.6,12605,Netherlands,False,False,False,37.2,37.2,0.0,100578,2011,2011-01,Monday,0,16,True
100578,P103,Wall Clock,1,2011-01-10 16:00:00,13.19,12605,Spain,False,False,False,13.19,13.19,0.0,100578,2011,2011-01,Monday,0,16,True
100579,P105,Tote Bag,7,2011-01-17 15:00:00,7.26,12308,France,False,False,False,50.82,50.82,0.0,100579,2011,2011-01,Monday,0,15,True
100579,P103,Wall Clock,14,2011-01-17 15:00:00,11.43,12308,Netherlands,False,False,False,160.01999999999998,160.01999999999998,0.0,100579,2011,2011-01,Monday,0,15,True
100579,P100,Gift Box,11,2011-01-17 15:00:00,4.24,12308,Germany,False,False,False,46.64,46.64,0.0,100579,2011,2011-01,Monday,0,15,True
100580,P110,Gift Wrap,8,2011-02-09 14:00:00,2.19,12054,India,False,False,False,17.52,17.52,0.0,100580,2011,2011-02,Wednesday,2,14,True
100580,P107,Photo Frame,5,2011-02-09 14:00:00,8.42,12054,Germany,False,False,False,42.1,42.1,0.0,100580,2011,2011-02,Wednesday,2,14,True
100580,P106,Glass Jar,3,2011-02-09 14:00:00,6.25,12054,Spain,False,False,False,18.75,18.75,0.0,100580,2011,2011-02,Wednesday,2,14,True
100580,P104,Candle Set,3,2011-02-09 14:00:00,11.33,12054,France,False,False,False,33.99,33.99,0.0,100580,2011,2011-02,Wednesday,2,14,True
100581,P103,Wall Clock,3,2011-06-22 13:00:00,12.18,12071,India,False,False,False,36.54,36.54,0.0,100581,2011,2011-06,Wednesday,2,13,True
100581,P100,Gift Box,9,2011-06-22 13:00:00,5.08,12071,India,False,False,False,45.72,45.72,0.0,100581,2011,2011-06,Wednesday,2,13,True
100581,P102,Notebook,1,2011-06-22 13:00:00,4.27,12071,Germany,False,False,False,4.27,4.27,0.0,100581,2011,2011-06,Wednesday,2,13,True
100582,P101,Ceramic Mug,1,2010-12-28 11:00:00,8.07,12619,Australia,False,False,False,8.07,8.07,0.0,100582,2010,2010-12,Tuesday,1,11,True
100583,P107,Photo Frame,17,2010-12-14 09:00:00,9.39,12355,France,False,False,False,159.63,159.63,0.0,100583,2010,2010-12,Tuesday,1,9,True
100583,P109,Desk Organizer,1,2010-12-14 09:00:00,10.91,12355,Australia,False,False,False,10.91,10.91,0.0,100583,2010,2010-12,Tuesday,1,9,True
100583,P101,Ceramic Mug,3,2010-12-14 09:00:00,7.9,12355,Germany,False,False,False,23.700000000000003,23.700000000000003,0.0,100583,2010,2010-12,Tuesday,1,9,True
100583,P103,Wall Clock,3,2010-12-14 09:00:00,14.37,12355,France,False,False,False,43.11,43.11,0.0,100583,2010,2010-12,Tuesday,1,9,True
100584,P104,Candle Set,2,2011-03-30 13:00:00,10.92,12340,United Kingdom,False,False,False,21.84,21.84,0.0,100584,2011,2011-03,Wednesday,2,13,True
100585,P105,Tote Bag,6,2011-07-16 15:00:00,7.45,12594,Germany,False,False,False,44.7,44.7,0.0,100585,2011,2011-07,Saturday,5,15,True
100585,P108,Tea Set,2,2011-07-16 15:00:00,20.24,12594,India,False,False,False,40.48,40.48,0.0,100585,2011,2011-07,Saturday,5,15,True
100586,P104,Candle Set,3,2011-11-30 09:00:00,10.75,12491,Germany,False,False,False,32.25,32.25,0.0,100586,2011,2011-11,Wednesday,2,9,True
100587,P104,Candle Set,1,2011-04-21 12:00:00,10.71,12387,Australia,False,False,False,10.71,10.71,0.0,100587,2011,2011-04,Thursday,3,12,True
100587,P110,Gift Wrap,1,2011-04-21 12:00:00,2.22,12387,Spain,False,False,False,2.22,2.22,0.0,100587,2011,2011-04,Thursday,3,12,True
100588,P100,Gift Box,2,2011-12-01 13:00:00,4.99,12032,France,False,False,False,9.98,9.98,0.0,100588,2011,2011-12,Thursday,3,13,True
100588,P102,Notebook,7,2011-12-01 13:00:00,3.97,12032,France,False,False,False,27.790000000000003,27.790000000000003,0.0,100588,2011,2011-12,Thursday,3,13,True
100589,P104,Candle Set,1,2011-08-20 08:00:00,11.17,12027,India,False,False,False,11.17,11.17,0.0,100589,2011,2011-08,Saturday,5,8,True
100589,P111,Serving Bowl,2,2011-08-20 08:00:00,13.97,12027,Germany,False,False,False,27.94,27.94,0.0,100589,2011,2011-08,Saturday,5,8,True
100589,P108,Tea Set,4,2011-08-20 08:00:00,17.63,12027,Australia,False,False,False,70.52,70.52,0.0,100589,2011,2011-08,Saturday,5,8,True
100590,P105,Tote Bag,2,2011-08-17 18:00:00,7.09,12530,France,False,False,False,14.18,14.18,0.0,100590,2011,2011-08,Wednesday,2,18,True
100591,P101,Ceramic Mug,2,2011-12-03 17:00:00,8.26,12505,Australia,False,False,False,16.52,16.52,0.0,100591,2011,2011-12,Saturday,5,17,True
100592,P107,Photo Frame,2,2011-07-31 13:00:00,8.68,12639,France,False,False,False,17.36,17.36,0.0,100592,2011,2011-07,Sunday,6,13,True
100593,P101,Ceramic Mug,4,2011-06-15 19:00:00,7.43,12241,United Kingdom,False,False,False,29.72,29.72,0.0,100593,2011,2011-06,Wednesday,2,19,True
100593,P109,Desk Organizer,1,2011-06-15 19:00:00,12.58,12241,United Kingdom,False,False,False,12.58,12.58,0.0,100593,2011,2011-06,Wednesday,2,19,True
100594,P105,Tote Bag,2,2011-08-02 16:00:00,6.94,12697,Netherlands,False,False,False,13.88,13.88,0.0,100594,2011,2011-08,Tuesday,1,16,True
100594,P104,Candle Set,2,2011-08-02 16:00:00,9.96,12697,Germany,False,False,False,19.92,19.92,0.0,100594,2011,2011-08,Tuesday,1,16,True
100594,P110,Gift Wrap,3,2011-08-02 16:00:00,2.31,12697,Germany,False,False,False,6.93,6.93,0.0,100594,2011,2011-08,Tuesday,1,16,True
100595,P109,Desk Organizer,6,2011-07-05 16:00:00,11.08,12074,France,False,False,False,66.48,66.48,0.0,100595,2011,2011-07,Tuesday,1,16,True
100595,P102,Notebook,2,2011-07-05 16:00:00,3.86,12074,Netherlands,False,False,False,7.72,7.72,0.0,100595,2011,2011-07,Tuesday,1,16,True
100595,P101,Ceramic Mug,4,2011-07-05 16:00:00,7.88,12074,Germany,False,False,False,31.52,31.52,0.0,100595,2011,2011-07,Tuesday,1,16,True
100595,P106,Glass Jar,2,2011-07-05 16:00:00,5.33,12074,Spain,False,False,False,10.66,10.66,0.0,100595,2011,2011-07,Tuesday,1,16,True
100596,P105,Tote Bag,4,2010-12-17 10:00:00,7.24,12267,Australia,False,False,False,28.96,28.96,0.0,100596,2010,2010-12,Friday,4,10,True
100596,P111,Serving Bowl,4,2010-12-17 10:00:00,14.01,12267,Australia,False,False,False,56.04,56.04,0.0,100596,2010,2010-12,Friday,4,10,True
100596,P106,Glass Jar,2,2010-12-17 10:00:00,5.55,12267,Netherlands,False,False,False,11.1,11.1,0.0,100596,2010,2010-12,Friday,4,10,True
100596,P107,Photo Frame,1,2010-12-17 10:00:00,9.07,12267,France,False,False,False,9.07,9.07,0.0,100596,2010,2010-12,Friday,4,10,True
100597,P101,Ceramic Mug,3,2011-04-26 08:00:00,7.95,12454,France,False,False,False,23.85,23.85,0.0,100597,2011,2011-04,Tuesday,1,8,True
100597,P102,Notebook,3,2011-04-26 08:00:00,3.97,12454,India,False,False,False,11.91,11.91,0.0,100597,2011,2011-04,Tuesday,1,8,True
100598,P109,Desk Organizer,2,2011-06-19 08:00:00,12.23,12365,Spain,False,False,False,24.46,24.46,0.0,100598,2011,2011-06,Sunday,6,8,True
100598,P106,Glass Jar,2,2011-06-19 08:00:00,5.12,12365,France,False,False,False,10.24,10.24,0.0,100598,2011,2011-06,Sunday,6,8,True
100599,P108,Tea Set,2,2010-12-11 13:00:00,16.22,12086,United Kingdom,False,False,False,32.44,32.44,0.0,100599,2010,2010-12,Saturday,5,13,True
100599,P103,Wall Clock,9,2010-12-11 13:00:00,14.31,12086,Australia,False,False,False,128.79,128.79,0.0,100599,2010,2010-12,Saturday,5,13,True
100599,P111,Serving Bowl,5,2010-12-11 13:00:00,13.37,12086,Netherlands,False,False,False,66.85,66.85,0.0,100599,2010,2010-12,Saturday,5,13,True
100600,P102,Notebook,7,2011-03-24 16:00:00,3.7,12655,Germany,False,False,False,25.900000000000002,25.900000000000002,0.0,100600,2011,2011-03,Thursday,3,16,True
100600,P103,Wall Clock,1,2011-03-24 16:00:00,14.27,12655,France,False,False,False,14.27,14.27,0.0,100600,2011,2011-03,Thursday,3,16,True
100600,P104,Candle Set,2,2011-03-24 16:00:00,10.25,12655,Australia,False,False,False,20.5,20.5,0.0,100600,2011,2011-03,Thursday,3,16,True
100600,P105,Tote Bag,6,2011-03-24 16:00:00,6.14,12655,United Kingdom,False,False,False,36.839999999999996,36.839999999999996,0.0,100600,2011,2011-03,Thursday,3,16,True
100601,P108,Tea Set,13,2011-10-15 15:00:00,17.91,12147,India,False,False,False,232.83,232.83,0.0,100601,2011,2011-10,Saturday,5,15,True
100602,P110,Gift Wrap,2,2011-03-11 15:00:00,2.73,12045,Netherlands,False,False,False,5.46,5.46,0.0,100602,2011,2011-03,Friday,4,15,True
100602,P103,Wall Clock,2,2011-03-11 15:00:00,13.09,12045,Netherlands,False,False,False,26.18,26.18,0.0,100602,2011,2011-03,Friday,4,15,True
100602,P105,Tote Bag,3,2011-03-11 15:00:00,6.37,12045,Netherlands,False,False,False,19.11,19.11,0.0,100602,2011,2011-03,Friday,4,15,True
100602,P107,Photo Frame,2,2011-03-11 15:00:00,9.37,12045,Netherlands,False,False,False,18.74,18.74,0.0,100602,2011,2011-03,Friday,4,15,True
100603,P105,Tote Bag,5,2011-05-18 15:00:00,6.09,12369,Australia,False,False,False,30.45,30.45,0.0,100603,2011,2011-05,Wednesday,2,15,True
100603,P103,Wall Clock,2,2011-05-18 15:00:00,14.27,12369,France,False,False,False,28.54,28.54,0.0,100603,2011,2011-05,Wednesday,2,15,True
100603,P109,Desk Organizer,4,2011-05-18 15:00:00,11.56,12369,Netherlands,False,False,False,46.24,46.24,0.0,100603,2011,2011-05,Wednesday,2,15,True
100604,P107,Photo Frame,1,2011-03-05 11:00:00,7.93,12079,Spain,False,False,False,7.93,7.93,0.0,100604,2011,2011-03,Saturday,5,11,True
100604,P104,Candle Set,2,2011-03-05 11:00:00,9.59,12079,India,False,False,False,19.18,19.18,0.0,100604,2011,2011-03,Saturday,5,11,True
100605,P102,Notebook,2,2011-11-06 11:00:00,3.97,12236,Australia,False,False,False,7.94,7.94,0.0,100605,2011,2011-11,Sunday,6,11,True
100605,P100,Gift Box,3,2011-11-06 11:00:00,4.27,12236,France,False,False,False,12.809999999999999,12.809999999999999,0.0,100605,2011,2011-11,Sunday,6,11,True
100606,P108,Tea Set,7,2011-09-01 18:00:00,16.77,12056,Australia,False,False,False,117.39,117.39,0.0,100606,2011,2011-09,Thursday,3,18,True
100607,P103,Wall Clock,2,2011-06-03 16:00:00,11.35,12461,United Kingdom,False,False,False,22.7,22.7,0.0,100607,2011,2011-06,Friday,4,16,True
100607,P100,Gift Box,4,2011-06-03 16:00:00,4.14,12461,France,False,False,False,16.56,16.56,0.0,100607,2011,2011-06,Friday,4,16,True
100608,P100,Gift Box,3,2011-06-19 08:00:00,4.42,12029,Australia,False,False,False,13.26,13.26,0.0,100608,2011,2011-06,Sunday,6,8,True
100608,P108,Tea Set,5,2011-06-19 08:00:00,17.82,12029,Spain,False,False,False,89.1,89.1,0.0,100608,2011,2011-06,Sunday,6,8,True
100608,P111,Serving Bowl,8,2011-06-19 08:00:00,15.44,12029,Germany,False,False,False,123.52,123.52,0.0,100608,2011,2011-06,Sunday,6,8,True
100609,P108,Tea Set,3,2011-05-19 18:00:00,18.83,12263,United Kingdom,False,False,False,56.489999999999995,56.489999999999995,0.0,100609,2011,2011-05,Thursday,3,18,True
100609,P101,Ceramic Mug,2,2011-05-19 18:00:00,7.13,12263,India,False,False,False,14.26,14.26,0.0,100609,2011,2011-05,Thursday,3,18,True
100610,P107,Photo Frame,1,2011-09-21 19:00:00,9.08,12346,India,False,False,False,9.08,9.08,0.0,100610,2011,2011-09,Wednesday,2,19,True
100610,P106,Glass Jar,1,2011-09-21 19:00:00,5.14,12346,France,False,False,False,5.14,5.14,0.0,100610,2011,2011-09,Wednesday,2,19,True
100611,P110,Gift Wrap,5,2011-05-10 18:00:00,2.55,12146,Netherlands,False,False,False,12.75,12.75,0.0,100611,2011,2011-05,Tuesday,1,18,True
100611,P108,Tea Set,1,2011-05-10 18:00:00,20.0,12146,Germany,False,False,False,20.0,20.0,0.0,100611,2011,2011-05,Tuesday,1,18,True
100611,P107,Photo Frame,1,2011-05-10 18:00:00,8.28,12146,United Kingdom,False,False,False,8.28,8.28,0.0,100611,2011,2011-05,Tuesday,1,18,True
100611,P111,Serving Bowl,5,2011-05-10 18:00:00,15.07,12146,India,False,False,False,75.35,75.35,0.0,100611,2011,2011-05,Tuesday,1,18,True
100612,P100,Gift Box,6,2011-09-21 10:00:00,4.29,12016,India,False,False,False,25.740000000000002,25.740000000000002,0.0,100612,2011,2011-09,Wednesday,2,10,True
100612,P106,Glass Jar,1,2011-09-21 10:00:00,5.9,12016,Netherlands,False,False,False,5.9,5.9,0.0,100612,2011,2011-09,Wednesday,2,10,True
100613,P103,Wall Clock,4,2011-06-06 15:00:00,12.15,12242,France,False,False,False,48.6,48.6,0.0,100613,2011,2011-06,Monday,0,15,True
100614,P100,Gift Box,4,2011-10-31 16:00:00,4.34,12375,Spain,False,False,False,17.36,17.36,0.0,100614,2011,2011-10,Monday,0,16,True
100614,P109,Desk Organizer,5,2011-10-31 16:00:00,10.29,12375,Germany,False,False,False,51.449999999999996,51.449999999999996,0.0,100614,2011,2011-10,Monday,0,16,True
100614,P102,Notebook,8,2011-10-31 16:00:00,3.57,12375,United Kingdom,False,False,False,28.56,28.56,0.0,100614,2011,2011-10,Monday,0,16,True
100615,P101,Ceramic Mug,3,2011-08-08 14:00:00,7.42,12525,Netherlands,False,False,False,22.259999999999998,22.259999999999998,0.0,100615,2011,2011-08,Monday,0,14,True
100615,P108,Tea Set,2,2011-08-08 14:00:00,19.97,12525,India,False,False,False,39.94,39.94,0.0,100615,2011,2011-08,Monday,0,14,True
100615,P110,Gift Wrap,16,2011-08-08 14:00:00,2.43,12525,Netherlands,False,False,False,38.88,38.88,0.0,100615,2011,2011-08,Monday,0,14,True
100616,P106,Glass Jar,1,2011-04-27 13:00:00,6.13,12602,Australia,False,False,False,6.13,6.13,0.0,100616,2011,2011-04,Wednesday,2,13,True
100616,P109,Desk Organizer,5,2011-04-27 13:00:00,10.16,12602,Germany,False,False,False,50.8,50.8,0.0,100616,2011,2011-04,Wednesday,2,13,True
100616,P103,Wall Clock,5,2011-04-27 13:00:00,11.67,12602,Australia,False,False,False,58.35,58.35,0.0,100616,2011,2011-04,Wednesday,2,13,True
100616,P111,Serving Bowl,1,2011-04-27 13:00:00,16.5,12602,Australia,False,False,False,16.5,16.5,0.0,100616,2011,2011-04,Wednesday,2,13,True
100617,P104,Candle Set,1,2011-06-25 19:00:00,10.93,12603,Spain,False,False,False,10.93,10.93,0.0,100617,2011,2011-06,Saturday,5,19,True
100617,P100,Gift Box,2,2011-06-25 19:00:00,5.14,12603,France,False,False,False,10.28,10.28,0.0,100617,2011,2011-06,Saturday,5,19,True
100618,P102,Notebook,3,2011-08-24 09:00:00,3.73,12396,United Kingdom,False,False,False,11.19,11.19,0.0,100618,2011,2011-08,Wednesday,2,9,True
100618,P100,Gift Box,3,2011-08-24 09:00:00,4.35,12396,United Kingdom,False,False,False,13.049999999999999,13.049999999999999,0.0,100618,2011,2011-08,Wednesday,2,9,True
100619,P109,Desk Organizer,4,2011-11-16 13:00:00,12.55,12148,France,False,False,False,50.2,50.2,0.0,100619,2011,2011-11,Wednesday,2,13,True
100620,P101,Ceramic Mug,3,2010-12-07 15:00:00,7.25,12316,India,False,False,False,21.75,21.75,0.0,100620,2010,2010-12,Tuesday,1,15,True
100620,P103,Wall Clock,6,2010-12-07 15:00:00,11.78,12316,France,False,False,False,70.67999999999999,70.67999999999999,0.0,100620,2010,2010-12,Tuesday,1,15,True
100620,P106,Glass Jar,4,2010-12-07 15:00:00,5.58,12316,Germany,False,False,False,22.32,22.32,0.0,100620,2010,2010-12,Tuesday,1,15,True
100621,P103,Wall Clock,3,2011-11-10 16:00:00,14.09,12049,Netherlands,False,False,False,42.269999999999996,42.269999999999996,0.0,100621,2011,2011-11,Thursday,3,16,True
100621,P102,Notebook,7,2011-11-10 16:00:00,3.98,12049,India,False,False,False,27.86,27.86,0.0,100621,2011,2011-11,Thursday,3,16,True
100621,P110,Gift Wrap,2,2011-11-10 16:00:00,2.69,12049,Netherlands,False,False,False,5.38,5.38,0.0,100621,2011,2011-11,Thursday,3,16,True
100622,P106,Glass Jar,3,2011-01-27 10:00:00,5.17,12367,India,False,False,False,15.51,15.51,0.0,100622,2011,2011-01,Thursday,3,10,True
100623,P103,Wall Clock,2,2011-01-17 18:00:00,11.96,12148,Australia,False,False,False,23.92,23.92,0.0,100623,2011,2011-01,Monday,0,18,True
100624,P105,Tote Bag,3,2011-09-22 19:00:00,7.44,12182,Netherlands,False,False,False,22.32,22.32,0.0,100624,2011,2011-09,Thursday,3,19,True
100625,P103,Wall Clock,2,2011-12-01 16:00:00,11.79,12049,India,False,False,False,23.58,23.58,0.0,100625,2011,2011-12,Thursday,3,16,True
100625,P107,Photo Frame,11,2011-12-01 16:00:00,8.08,12049,Spain,False,False,False,88.88,88.88,0.0,100625,2011,2011-12,Thursday,3,16,True
100625,P100,Gift Box,2,2011-12-01 16:00:00,4.1,12049,India,False,False,False,8.2,8.2,0.0,100625,2011,2011-12,Thursday,3,16,True
100626,P103,Wall Clock,1,2011-05-14 08:00:00,13.52,12567,United Kingdom,False,False,False,13.52,13.52,0.0,100626,2011,2011-05,Saturday,5,8,True
100626,P104,Candle Set,2,2011-05-14 08:00:00,10.99,12567,Netherlands,False,False,False,21.98,21.98,0.0,100626,2011,2011-05,Saturday,5,8,True
100626,P110,Gift Wrap,1,2011-05-14 08:00:00,2.34,12567,Netherlands,False,False,False,2.34,2.34,0.0,100626,2011,2011-05,Saturday,5,8,True
100626,P102,Notebook,5,2011-05-14 08:00:00,3.54,12567,United Kingdom,False,False,False,17.7,17.7,0.0,100626,2011,2011-05,Saturday,5,8,True
100627,P111,Serving Bowl,1,2011-02-22 14:00:00,13.76,12641,Australia,False,False,False,13.76,13.76,0.0,100627,2011,2011-02,Tuesday,1,14,True
100627,P103,Wall Clock,1,2011-02-22 14:00:00,13.43,12641,Australia,False,False,False,13.43,13.43,0.0,100627,2011,2011-02,Tuesday,1,14,True
100627,P102,Notebook,7,2011-02-22 14:00:00,4.04,12641,Australia,False,False,False,28.28,28.28,0.0,100627,2011,2011-02,Tuesday,1,14,True
100627,P104,Candle Set,5,2011-02-22 14:00:00,9.55,12641,Australia,False,False,False,47.75,47.75,0.0,100627,2011,2011-02,Tuesday,1,14,True
100628,P100,Gift Box,2,2011-03-23 14:00:00,4.37,12154,Germany,False,False,False,8.74,8.74,0.0,100628,2011,2011-03,Wednesday,2,14,True
100629,P108,Tea Set,3,2011-03-06 16:00:00,19.92,12066,Netherlands,False,False,False,59.760000000000005,59.760000000000005,0.0,100629,2011,2011-03,Sunday,6,16,True
100629,P107,Photo Frame,1,2011-03-06 16:00:00,8.45,12066,Netherlands,False,False,False,8.45,8.45,0.0,100629,2011,2011-03,Sunday,6,16,True
100630,P103,Wall Clock,9,2011-07-01 10:00:00,12.47,12592,United Kingdom,False,False,False,112.23,112.23,0.0,100630,2011,2011-07,Friday,4,10,True
100630,P110,Gift Wrap,5,2011-07-01 10:00:00,2.29,12592,Australia,False,False,False,11.45,11.45,0.0,100630,2011,2011-07,Friday,4,10,True
100630,P111,Serving Bowl,4,2011-07-01 10:00:00,16.59,12592,Germany,False,False,False,66.36,66.36,0.0,100630,2011,2011-07,Friday,4,10,True
100631,P102,Notebook,1,2011-01-29 12:00:00,4.01,12047,United Kingdom,False,False,False,4.01,4.01,0.0,100631,2011,2011-01,Saturday,5,12,True
100631,P107,Photo Frame,4,2011-01-29 12:00:00,7.9,12047,Netherlands,False,False,False,31.6,31.6,0.0,100631,2011,2011-01,Saturday,5,12,True
100631,P108,Tea Set,3,2011-01-29 12:00:00,16.35,12047,France,False,False,False,49.050000000000004,49.050000000000004,0.0,100631,2011,2011-01,Saturday,5,12,True
100631,P110,Gift Wrap,2,2011-01-29 12:00:00,2.41,12047,Germany,False,False,False,4.82,4.82,0.0,100631,2011,2011-01,Saturday,5,12,True
100632,P108,Tea Set,15,2011-05-04 17:00:00,20.36,12346,Spain,False,False,False,305.4,305.4,0.0,100632,2011,2011-05,Wednesday,2,17,True
100633,P107,Photo Frame,3,2011-10-31 16:00:00,7.91,12247,United Kingdom,False,False,False,23.73,23.73,0.0,100633,2011,2011-10,Monday,0,16,True
100633,P105,Tote Bag,1,2011-10-31 16:00:00,6.45,12247,Spain,False,False,False,6.45,6.45,0.0,100633,2011,2011-10,Monday,0,16,True
100633,P102,Notebook,1,2011-10-31 16:00:00,4.33,12247,Germany,False,False,False,4.33,4.33,0.0,100633,2011,2011-10,Monday,0,16,True
100634,P108,Tea Set,10,2011-01-20 19:00:00,18.06,12162,Spain,False,False,False,180.6,180.6,0.0,100634,2011,2011-01,Thursday,3,19,True
100634,P110,Gift Wrap,1,2011-01-20 19:00:00,2.36,12162,Spain,False,False,False,2.36,2.36,0.0,100634,2011,2011-01,Thursday,3,19,True
100634,P102,Notebook,6,2011-01-20 19:00:00,3.55,12162,Spain,False,False,False,21.299999999999997,21.299999999999997,0.0,100634,2011,2011-01,Thursday,3,19,True
100634,P106,Glass Jar,4,2011-01-20 19:00:00,5.85,12162,Netherlands,False,False,False,23.4,23.4,0.0,100634,2011,2011-01,Thursday,3,19,True
100635,P109,Desk Organizer,11,2011-06-19 10:00:00,11.33,12054,Netherlands,False,False,False,124.63,124.63,0.0,100635,2011,2011-06,Sunday,6,10,True
100635,P103,Wall Clock,1,2011-06-19 10:00:00,14.24,12054,Netherlands,False,False,False,14.24,14.24,0.0,100635,2011,2011-06,Sunday,6,10,True
100635,P107,Photo Frame,1,2011-06-19 10:00:00,9.31,12054,Germany,False,False,False,9.31,9.31,0.0,100635,2011,2011-06,Sunday,6,10,True
100636,P105,Tote Bag,5,2011-02-01 17:00:00,6.07,12036,Germany,False,False,False,30.35,30.35,0.0,100636,2011,2011-02,Tuesday,1,17,True
100637,P108,Tea Set,9,2011-07-13 18:00:00,17.32,12446,Netherlands,False,False,False,155.88,155.88,0.0,100637,2011,2011-07,Wednesday,2,18,True
100638,P100,Gift Box,2,2011-09-08 14:00:00,5.14,12293,Spain,False,False,False,10.28,10.28,0.0,100638,2011,2011-09,Thursday,3,14,True
100638,P101,Ceramic Mug,5,2011-09-08 14:00:00,7.8,12293,Spain,False,False,False,39.0,39.0,0.0,100638,2011,2011-09,Thursday,3,14,True
100639,P103,Wall Clock,1,2011-04-09 12:00:00,12.41,12218,Australia,False,False,False,12.41,12.41,0.0,100639,2011,2011-04,Saturday,5,12,True
100640,P103,Wall Clock,2,2011-10-13 16:00:00,11.58,12157,Netherlands,False,False,False,23.16,23.16,0.0,100640,2011,2011-10,Thursday,3,16,True
100640,P106,Glass Jar,4,2011-10-13 16:00:00,5.43,12157,United Kingdom,False,False,False,21.72,21.72,0.0,100640,2011,2011-10,Thursday,3,16,True
100640,P108,Tea Set,67,2011-10-13 16:00:00,16.24,12157,France,False,False,False,1088.08,1088.08,0.0,100640,2011,2011-10,Thursday,3,16,True
100640,P107,Photo Frame,2,2011-10-13 16:00:00,7.95,12157,Netherlands,False,False,False,15.9,15.9,0.0,100640,2011,2011-10,Thursday,3,16,True
100641,P104,Candle Set,3,2011-01-09 12:00:00,10.62,12000,Germany,False,False,False,31.86,31.86,0.0,100641,2011,2011-01,Sunday,6,12,True
100641,P111,Serving Bowl,1,2011-01-09 12:00:00,16.29,12000,Netherlands,False,False,False,16.29,16.29,0.0,100641,2011,2011-01,Sunday,6,12,True
100641,P101,Ceramic Mug,5,2011-01-09 12:00:00,7.03,12000,Australia,False,False,False,35.15,35.15,0.0,100641,2011,2011-01,Sunday,6,12,True
100641,P106,Glass Jar,2,2011-01-09 12:00:00,6.15,12000,United Kingdom,False,False,False,12.3,12.3,0.0,100641,2011,2011-01,Sunday,6,12,True
100642,P111,Serving Bowl,9,2011-09-11 13:00:00,15.59,12071,India,False,False,False,140.31,140.31,0.0,100642,2011,2011-09,Sunday,6,13,True
100642,P109,Desk Organizer,6,2011-09-11 13:00:00,10.43,12071,France,False,False,False,62.58,62.58,0.0,100642,2011,2011-09,Sunday,6,13,True
100642,P105,Tote Bag,2,2011-09-11 13:00:00,6.8,12071,United Kingdom,False,False,False,13.6,13.6,0.0,100642,2011,2011-09,Sunday,6,13,True
100642,P100,Gift Box,5,2011-09-11 13:00:00,4.17,12071,United Kingdom,False,False,False,20.85,20.85,0.0,100642,2011,2011-09,Sunday,6,13,True
100643,P101,Ceramic Mug,4,2011-04-30 16:00:00,7.98,12136,United Kingdom,False,False,False,31.92,31.92,0.0,100643,2011,2011-04,Saturday,5,16,True
100643,P102,Notebook,3,2011-04-30 16:00:00,3.44,12136,France,False,False,False,10.32,10.32,0.0,100643,2011,2011-04,Saturday,5,16,True
100644,P109,Desk Organizer,7,2011-08-19 18:00:00,12.09,12011,India,False,False,False,84.63,84.63,0.0,100644,2011,2011-08,Friday,4,18,True
100644,P108,Tea Set,1,2011-08-19 18:00:00,16.92,12011,Netherlands,False,False,False,16.92,16.92,0.0,100644,2011,2011-08,Friday,4,18,True
100645,P111,Serving Bowl,5,2011-08-17 18:00:00,13.48,12040,Germany,False,False,False,67.4,67.4,0.0,100645,2011,2011-08,Wednesday,2,18,True
100645,P105,Tote Bag,1,2011-08-17 18:00:00,6.54,12040,Spain,False,False,False,6.54,6.54,0.0,100645,2011,2011-08,Wednesday,2,18,True
100646,P111,Serving Bowl,1,2011-03-12 10:00:00,14.58,12275,Netherlands,False,False,False,14.58,14.58,0.0,100646,2011,2011-03,Saturday,5,10,True
100646,P102,Notebook,3,2011-03-12 10:00:00,3.72,12275,France,False,False,False,11.16,11.16,0.0,100646,2011,2011-03,Saturday,5,10,True
100646,P103,Wall Clock,4,2011-03-12 10:00:00,14.29,12275,Germany,False,False,False,57.16,57.16,0.0,100646,2011,2011-03,Saturday,5,10,True
100646,P106,Glass Jar,1,2011-03-12 10:00:00,5.87,12275,Netherlands,False,False,False,5.87,5.87,0.0,100646,2011,2011-03,Saturday,5,10,True
100647,P108,Tea Set,2,2011-04-14 13:00:00,18.66,12168,Spain,False,False,False,37.32,37.32,0.0,100647,2011,2011-04,Thursday,3,13,True
100648,P103,Wall Clock,1,2011-09-06 18:00:00,11.84,12683,Spain,False,False,False,11.84,11.84,0.0,100648,2011,2011-09,Tuesday,1,18,True
100648,P102,Notebook,1,2011-09-06 18:00:00,4.07,12683,Australia,False,False,False,4.07,4.07,0.0,100648,2011,2011-09,Tuesday,1,18,True
100648,P105,Tote Bag,3,2011-09-06 18:00:00,6.33,12683,Netherlands,False,False,False,18.990000000000002,18.990000000000002,0.0,100648,2011,2011-09,Tuesday,1,18,True
100648,P106,Glass Jar,1,2011-09-06 18:00:00,6.25,12683,Australia,False,False,False,6.25,6.25,0.0,100648,2011,2011-09,Tuesday,1,18,True
100649,P102,Notebook,1,2011-10-14 08:00:00,4.34,12078,United Kingdom,False,False,False,4.34,4.34,0.0,100649,2011,2011-10,Friday,4,8,True
100650,P107,Photo Frame,42,2011-03-25 14:00:00,9.19,12082,India,False,False,False,385.97999999999996,385.97999999999996,0.0,100650,2011,2011-03,Friday,4,14,True
100650,P102,Notebook,3,2011-03-25 14:00:00,4.16,12082,United Kingdom,False,False,False,12.48,12.48,0.0,100650,2011,2011-03,Friday,4,14,True
100650,P106,Glass Jar,2,2011-03-25 14:00:00,5.19,12082,Germany,False,False,False,10.38,10.38,0.0,100650,2011,2011-03,Friday,4,14,True
100651,P103,Wall Clock,4,2011-08-09 11:00:00,11.32,12478,India,False,False,False,45.28,45.28,0.0,100651,2011,2011-08,Tuesday,1,11,True
100652,P103,Wall Clock,1,2011-05-10 11:00:00,11.73,12399,Spain,False,False,False,11.73,11.73,0.0,100652,2011,2011-05,Tuesday,1,11,True
100653,P111,Serving Bowl,3,2011-06-05 10:00:00,16.38,12675,France,False,False,False,49.14,49.14,0.0,100653,2011,2011-06,Sunday,6,10,True
100653,P103,Wall Clock,4,2011-06-05 10:00:00,13.29,12675,Netherlands,False,False,False,53.16,53.16,0.0,100653,2011,2011-06,Sunday,6,10,True
100653,P100,Gift Box,3,2011-06-05 10:00:00,4.62,12675,Netherlands,False,False,False,13.86,13.86,0.0,100653,2011,2011-06,Sunday,6,10,True
100654,P102,Notebook,4,2011-06-12 11:00:00,3.64,12099,Germany,False,False,False,14.56,14.56,0.0,100654,2011,2011-06,Sunday,6,11,True
100654,P109,Desk Organizer,5,2011-06-12 11:00:00,10.67,12099,Spain,False,False,False,53.35,53.35,0.0,100654,2011,2011-06,Sunday,6,11,True
100655,P106,Glass Jar,4,2011-09-26 17:00:00,6.1,12004,Spain,False,False,False,24.4,24.4,0.0,100655,2011,2011-09,Monday,0,17,True
100656,P108,Tea Set,5,2011-09-11 08:00:00,18.02,12645,India,False,False,False,90.1,90.1,0.0,100656,2011,2011-09,Sunday,6,8,True
100656,P101,Ceramic Mug,10,2011-09-11 08:00:00,6.77,12645,Australia,False,False,False,67.69999999999999,67.69999999999999,0.0,100656,2011,2011-09,Sunday,6,8,True
100657,P111,Serving Bowl,2,2010-12-19 14:00:00,15.22,12619,Germany,False,False,False,30.44,30.44,0.0,100657,2010,2010-12,Sunday,6,14,True
100657,P100,Gift Box,5,2010-12-19 14:00:00,4.32,12619,Netherlands,False,False,False,21.6,21.6,0.0,100657,2010,2010-12,Sunday,6,14,True
100658,P103,Wall Clock,3,2011-06-09 18:00:00,12.48,12649,India,False,False,False,37.44,37.44,0.0,100658,2011,2011-06,Thursday,3,18,True
100658,P111,Serving Bowl,1,2011-06-09 18:00:00,15.05,12649,France,False,False,False,15.05,15.05,0.0,100658,2011,2011-06,Thursday,3,18,True
100659,P104,Candle Set,4,2011-05-25 15:00:00,9.25,12024,India,False,False,False,37.0,37.0,0.0,100659,2011,2011-05,Wednesday,2,15,True
100660,P111,Serving Bowl,3,2011-10-05 10:00:00,16.43,12531,Netherlands,False,False,False,49.29,49.29,0.0,100660,2011,2011-10,Wednesday,2,10,True
100660,P108,Tea Set,1,2011-10-05 10:00:00,16.7,12531,United Kingdom,False,False,False,16.7,16.7,0.0,100660,2011,2011-10,Wednesday,2,10,True
100660,P109,Desk Organizer,8,2011-10-05 10:00:00,10.4,12531,Australia,False,False,False,83.2,83.2,0.0,100660,2011,2011-10,Wednesday,2,10,True
100661,P108,Tea Set,2,2011-03-17 11:00:00,19.18,12001,Germany,False,False,False,38.36,38.36,0.0,100661,2011,2011-03,Thursday,3,11,True
100661,P109,Desk Organizer,4,2011-03-17 11:00:00,11.85,12001,Netherlands,False,False,False,47.4,47.4,0.0,100661,2011,2011-03,Thursday,3,11,True
100661,P106,Glass Jar,3,2011-03-17 11:00:00,5.88,12001,Australia,False,False,False,17.64,17.64,0.0,100661,2011,2011-03,Thursday,3,11,True
100661,P103,Wall Clock,1,2011-03-17 11:00:00,12.2,12001,Spain,False,False,False,12.2,12.2,0.0,100661,2011,2011-03,Thursday,3,11,True
100662,P102,Notebook,3,2011-11-19 18:00:00,4.27,12057,Australia,False,False,False,12.809999999999999,12.809999999999999,0.0,100662,2011,2011-11,Saturday,5,18,True
100663,P103,Wall Clock,1,2011-05-18 10:00:00,11.32,12412,Germany,False,False,False,11.32,11.32,0.0,100663,2011,2011-05,Wednesday,2,10,True
100663,P106,Glass Jar,3,2011-05-18 10:00:00,5.17,12412,France,False,False,False,15.51,15.51,0.0,100663,2011,2011-05,Wednesday,2,10,True
100663,P107,Photo Frame,1,2011-05-18 10:00:00,7.38,12412,Netherlands,False,False,False,7.38,7.38,0.0,100663,2011,2011-05,Wednesday,2,10,True
100663,P111,Serving Bowl,14,2011-05-18 10:00:00,13.56,12412,United Kingdom,False,False,False,189.84,189.84,0.0,100663,2011,2011-05,Wednesday,2,10,True
100664,P105,Tote Bag,4,2011-05-12 19:00:00,7.11,12217,Australia,False,False,False,28.44,28.44,0.0,100664,2011,2011-05,Thursday,3,19,True
100664,P106,Glass Jar,1,2011-05-12 19:00:00,5.54,12217,India,False,False,False,5.54,5.54,0.0,100664,2011,2011-05,Thursday,3,19,True
100664,P100,Gift Box,2,2011-05-12 19:00:00,4.39,12217,Germany,False,False,False,8.78,8.78,0.0,100664,2011,2011-05,Thursday,3,19,True
100665,P102,Notebook,3,2011-05-20 15:00:00,3.57,12688,United Kingdom,False,False,False,10.709999999999999,10.709999999999999,0.0,100665,2011,2011-05,Friday,4,15,True
100665,P110,Gift Wrap,3,2011-05-20 15:00:00,2.23,12688,Spain,False,False,False,6.6899999999999995,6.6899999999999995,0.0,100665,2011,2011-05,Friday,4,15,True
100665,P104,Candle Set,3,2011-05-20 15:00:00,10.61,12688,Spain,False,False,False,31.83,31.83,0.0,100665,2011,2011-05,Friday,4,15,True
100666,P101,Ceramic Mug,4,2011-02-04 09:00:00,8.11,12442,Germany,False,False,False,32.44,32.44,0.0,100666,2011,2011-02,Friday,4,9,True
100666,P106,Glass Jar,3,2011-02-04 09:00:00,5.65,12442,Germany,False,False,False,16.950000000000003,16.950000000000003,0.0,100666,2011,2011-02,Friday,4,9,True
100666,P102,Notebook,3,2011-02-04 09:00:00,3.52,12442,France,False,False,False,10.56,10.56,0.0,100666,2011,2011-02,Friday,4,9,True
100666,P110,Gift Wrap,8,2011-02-04 09:00:00,2.4,12442,India,False,False,False,19.2,19.2,0.0,100666,2011,2011-02,Friday,4,9,True
100667,P111,Serving Bowl,1,2011-06-17 09:00:00,14.43,12003,India,False,False,False,14.43,14.43,0.0,100667,2011,2011-06,Friday,4,9,True
100667,P105,Tote Bag,1,2011-06-17 09:00:00,6.6,12003,India,False,False,False,6.6,6.6,0.0,100667,2011,2011-06,Friday,4,9,True
100668,P104,Candle Set,7,2011-07-27 15:00:00,10.31,12075,United Kingdom,False,False,False,72.17,72.17,0.0,100668,2011,2011-07,Wednesday,2,15,True
100668,P101,Ceramic Mug,4,2011-07-27 15:00:00,6.98,12075,Australia,False,False,False,27.92,27.92,0.0,100668,2011,2011-07,Wednesday,2,15,True
100668,P109,Desk Organizer,2,2011-07-27 15:00:00,11.71,12075,Australia,False,False,False,23.42,23.42,0.0,100668,2011,2011-07,Wednesday,2,15,True
100668,P107,Photo Frame,2,2011-07-27 15:00:00,8.6,12075,United Kingdom,False,False,False,17.2,17.2,0.0,100668,2011,2011-07,Wednesday,2,15,True
100669,P111,Serving Bowl,3,2011-10-26 08:00:00,15.87,12015,United Kingdom,False,False,False,47.61,47.61,0.0,100669,2011,2011-10,Wednesday,2,8,True
100669,P106,Glass Jar,2,2011-10-26 08:00:00,5.9,12015,United Kingdom,False,False,False,11.8,11.8,0.0,100669,2011,2011-10,Wednesday,2,8,True
100670,P108,Tea Set,3,2011-01-20 15:00:00,19.91,12331,Spain,False,False,False,59.730000000000004,59.730000000000004,0.0,100670,2011,2011-01,Thursday,3,15,True
100670,P111,Serving Bowl,3,2011-01-20 15:00:00,13.09,12331,Netherlands,False,False,False,39.269999999999996,39.269999999999996,0.0,100670,2011,2011-01,Thursday,3,15,True
100670,P102,Notebook,2,2011-01-20 15:00:00,3.56,12331,India,False,False,False,7.12,7.12,0.0,100670,2011,2011-01,Thursday,3,15,True
100670,P104,Candle Set,15,2011-01-20 15:00:00,9.19,12331,Germany,False,False,False,137.85,137.85,0.0,100670,2011,2011-01,Thursday,3,15,True
100671,P108,Tea Set,10,2011-03-13 13:00:00,16.78,12276,Germany,False,False,False,167.8,167.8,0.0,100671,2011,2011-03,Sunday,6,13,True
100672,P104,Candle Set,1,2011-07-12 08:00:00,10.86,12009,India,False,False,False,10.86,10.86,0.0,100672,2011,2011-07,Tuesday,1,8,True
100673,P104,Candle Set,2,2011-08-22 16:00:00,9.01,12000,United Kingdom,False,False,False,18.02,18.02,0.0,100673,2011,2011-08,Monday,0,16,True
100674,P106,Glass Jar,2,2011-03-18 13:00:00,5.12,12514,Australia,False,False,False,10.24,10.24,0.0,100674,2011,2011-03,Friday,4,13,True
100674,P111,Serving Bowl,10,2011-03-18 13:00:00,14.42,12514,Germany,False,False,False,144.2,144.2,0.0,100674,2011,2011-03,Friday,4,13,True
100674,P102,Notebook,21,2011-03-18 13:00:00,3.68,12514,Spain,False,False,False,77.28,77.28,0.0,100674,2011,2011-03,Friday,4,13,True
100674,P108,Tea Set,5,2011-03-18 13:00:00,19.08,12514,France,False,False,False,95.39999999999999,95.39999999999999,0.0,100674,2011,2011-03,Friday,4,13,True
100675,P101,Ceramic Mug,4,2011-08-27 15:00:00,8.02,12001,India,False,False,False,32.08,32.08,0.0,100675,2011,2011-08,Saturday,5,15,True
100675,P108,Tea Set,6,2011-08-27 15:00:00,18.06,12001,Spain,False,False,False,108.35999999999999,108.35999999999999,0.0,100675,2011,2011-08,Saturday,5,15,True
100675,P111,Serving Bowl,2,2011-08-27 15:00:00,13.55,12001,Australia,False,False,False,27.1,27.1,0.0,100675,2011,2011-08,Saturday,5,15,True
100676,P101,Ceramic Mug,6,2011-02-27 13:00:00,6.66,12063,Germany,False,False,False,39.96,39.96,0.0,100676,2011,2011-02,Sunday,6,13,True
100677,P103,Wall Clock,2,2011-01-26 15:00:00,11.57,12063,United Kingdom,False,False,False,23.14,23.14,0.0,100677,2011,2011-01,Wednesday,2,15,True
100677,P107,Photo Frame,3,2011-01-26 15:00:00,8.77,12063,Australia,False,False,False,26.31,26.31,0.0,100677,2011,2011-01,Wednesday,2,15,True
100677,P104,Candle Set,1,2011-01-26 15:00:00,10.89,12063,Germany,False,False,False,10.89,10.89,0.0,100677,2011,2011-01,Wednesday,2,15,True
100677,P101,Ceramic Mug,1,2011-01-26 15:00:00,6.76,12063,Australia,False,False,False,6.76,6.76,0.0,100677,2011,2011-01,Wednesday,2,15,True
100678,P101,Ceramic Mug,1,2011-01-19 11:00:00,7.07,12660,Australia,False,False,False,7.07,7.07,0.0,100678,2011,2011-01,Wednesday,2,11,True
100678,P107,Photo Frame,3,2011-01-19 11:00:00,8.06,12660,Spain,False,False,False,24.18,24.18,0.0,100678,2011,2011-01,Wednesday,2,11,True
100679,P105,Tote Bag,1,2011-07-02 14:00:00,6.51,12459,United Kingdom,False,False,False,6.51,6.51,0.0,100679,2011,2011-07,Saturday,5,14,True
100679,P106,Glass Jar,2,2011-07-02 14:00:00,5.24,12459,United Kingdom,False,False,False,10.48,10.48,0.0,100679,2011,2011-07,Saturday,5,14,True
100680,P100,Gift Box,7,2011-02-13 14:00:00,4.71,12495,India,False,False,False,32.97,32.97,0.0,100680,2011,2011-02,Sunday,6,14,True
100680,P109,Desk Organizer,2,2011-02-13 14:00:00,12.27,12495,Australia,False,False,False,24.54,24.54,0.0,100680,2011,2011-02,Sunday,6,14,True
100680,P108,Tea Set,2,2011-02-13 14:00:00,20.23,12495,India,False,False,False,40.46,40.46,0.0,100680,2011,2011-02,Sunday,6,14,True
100680,P103,Wall Clock,2,2011-02-13 14:00:00,13.56,12495,Germany,False,False,False,27.12,27.12,0.0,100680,2011,2011-02,Sunday,6,14,True
100681,P108,Tea Set,8,2011-07-05 18:00:00,20.48,12586,India,False,False,False,163.84,163.84,0.0,100681,2011,2011-07,Tuesday,1,18,True
100682,P106,Glass Jar,2,2010-12-24 14:00:00,5.84,12282,France,False,False,False,11.68,11.68,0.0,100682,2010,2010-12,Friday,4,14,True
100683,P102,Notebook,3,2011-11-13 10:00:00,4.16,12447,India,False,False,False,12.48,12.48,0.0,100683,2011,2011-11,Sunday,6,10,True
100683,P106,Glass Jar,6,2011-11-13 10:00:00,6.05,12447,Netherlands,False,False,False,36.3,36.3,0.0,100683,2011,2011-11,Sunday,6,10,True
100683,P100,Gift Box,1,2011-11-13 10:00:00,4.22,12447,United Kingdom,False,False,False,4.22,4.22,0.0,100683,2011,2011-11,Sunday,6,10,True
100684,P102,Notebook,3,2011-01-20 12:00:00,3.62,12321,Australia,False,False,False,10.86,10.86,0.0,100684,2011,2011-01,Thursday,3,12,True
100684,P106,Glass Jar,3,2011-01-20 12:00:00,5.77,12321,India,False,False,False,17.31,17.31,0.0,100684,2011,2011-01,Thursday,3,12,True
100684,P103,Wall Clock,5,2011-01-20 12:00:00,12.52,12321,India,False,False,False,62.599999999999994,62.599999999999994,0.0,100684,2011,2011-01,Thursday,3,12,True
100685,P109,Desk Organizer,4,2011-06-03 15:00:00,12.32,12139,India,False,False,False,49.28,49.28,0.0,100685,2011,2011-06,Friday,4,15,True
100685,P101,Ceramic Mug,3,2011-06-03 15:00:00,8.17,12139,Netherlands,False,False,False,24.509999999999998,24.509999999999998,0.0,100685,2011,2011-06,Friday,4,15,True
100685,P103,Wall Clock,3,2011-06-03 15:00:00,12.81,12139,Spain,False,False,False,38.43,38.43,0.0,100685,2011,2011-06,Friday,4,15,True
100685,P104,Candle Set,2,2011-06-03 15:00:00,10.83,12139,United Kingdom,False,False,False,21.66,21.66,0.0,100685,2011,2011-06,Friday,4,15,True
100686,P108,Tea Set,3,2011-03-19 17:00:00,17.97,12008,France,False,False,False,53.91,53.91,0.0,100686,2011,2011-03,Saturday,5,17,True
100687,P110,Gift Wrap,2,2011-01-14 14:00:00,2.63,12056,United Kingdom,False,False,False,5.26,5.26,0.0,100687,2011,2011-01,Friday,4,14,True
100687,P103,Wall Clock,6,2011-01-14 14:00:00,12.0,12056,Australia,False,False,False,72.0,72.0,0.0,100687,2011,2011-01,Friday,4,14,True
100688,P107,Photo Frame,3,2011-04-30 18:00:00,8.21,12524,Germany,False,False,False,24.630000000000003,24.630000000000003,0.0,100688,2011,2011-04,Saturday,5,18,True
100688,P102,Notebook,2,2011-04-30 18:00:00,3.93,12524,Australia,False,False,False,7.86,7.86,0.0,100688,2011,2011-04,Saturday,5,18,True
100689,P110,Gift Wrap,1,2011-02-20 18:00:00,2.44,12575,India,False,False,False,2.44,2.44,0.0,100689,2011,2011-02,Sunday,6,18,True
100689,P104,Candle Set,9,2011-02-20 18:00:00,9.85,12575,Netherlands,False,False,False,88.64999999999999,88.64999999999999,0.0,100689,2011,2011-02,Sunday,6,18,True
100689,P107,Photo Frame,18,2011-02-20 18:00:00,7.67,12575,Germany,False,False,False,138.06,138.06,0.0,100689,2011,2011-02,Sunday,6,18,True
100690,P111,Serving Bowl,4,2011-07-21 17:00:00,16.43,12663,Netherlands,False,False,False,65.72,65.72,0.0,100690,2011,2011-07,Thursday,3,17,True
100690,P110,Gift Wrap,6,2011-07-21 17:00:00,2.62,12663,India,False,False,False,15.72,15.72,0.0,100690,2011,2011-07,Thursday,3,17,True
100691,P107,Photo Frame,4,2011-06-02 16:00:00,8.06,12498,United Kingdom,False,False,False,32.24,32.24,0.0,100691,2011,2011-06,Thursday,3,16,True
100691,P100,Gift Box,1,2011-06-02 16:00:00,4.81,12498,Australia,False,False,False,4.81,4.81,0.0,100691,2011,2011-06,Thursday,3,16,True
100691,P104,Candle Set,136,2011-06-02 16:00:00,9.51,12498,Netherlands,False,False,False,1293.36,1293.36,0.0,100691,2011,2011-06,Thursday,3,16,True
100691,P109,Desk Organizer,3,2011-06-02 16:00:00,11.43,12498,Netherlands,False,False,False,34.29,34.29,0.0,100691,2011,2011-06,Thursday,3,16,True
100692,P104,Candle Set,9,2011-04-16 19:00:00,10.96,12039,France,False,False,False,98.64000000000001,98.64000000000001,0.0,100692,2011,2011-04,Saturday,5,19,True
100692,P103,Wall Clock,1,2011-04-16 19:00:00,11.49,12039,India,False,False,False,11.49,11.49,0.0,100692,2011,2011-04,Saturday,5,19,True
100692,P108,Tea Set,3,2011-04-16 19:00:00,19.01,12039,India,False,False,False,57.03,57.03,0.0,100692,2011,2011-04,Saturday,5,19,True
100693,P107,Photo Frame,1,2011-10-13 14:00:00,7.96,12260,Australia,False,False,False,7.96,7.96,0.0,100693,2011,2011-10,Thursday,3,14,True
100693,P111,Serving Bowl,4,2011-10-13 14:00:00,16.25,12260,Australia,False,False,False,65.0,65.0,0.0,100693,2011,2011-10,Thursday,3,14,True
100694,P104,Candle Set,11,2011-10-03 09:00:00,10.5,12042,Spain,False,False,False,115.5,115.5,0.0,100694,2011,2011-10,Monday,0,9,True
100694,P100,Gift Box,10,2011-10-03 09:00:00,4.08,12042,Australia,False,False,False,40.8,40.8,0.0,100694,2011,2011-10,Monday,0,9,True
100694,P103,Wall Clock,3,2011-10-03 09:00:00,11.62,12042,Australia,False,False,False,34.86,34.86,0.0,100694,2011,2011-10,Monday,0,9,True
100694,P109,Desk Organizer,4,2011-10-03 09:00:00,11.13,12042,France,False,False,False,44.52,44.52,0.0,100694,2011,2011-10,Monday,0,9,True
100695,P103,Wall Clock,7,2010-12-28 18:00:00,13.28,12403,India,False,False,False,92.96,92.96,0.0,100695,2010,2010-12,Tuesday,1,18,True
100696,P103,Wall Clock,12,2011-04-25 18:00:00,13.63,12428,France,False,False,False,163.56,163.56,0.0,100696,2011,2011-04,Monday,0,18,True
100696,P104,Candle Set,1,2011-04-25 18:00:00,9.11,12428,Germany,False,False,False,9.11,9.11,0.0,100696,2011,2011-04,Monday,0,18,True
100696,P111,Serving Bowl,4,2011-04-25 18:00:00,16.27,12428,Germany,False,False,False,65.08,65.08,0.0,100696,2011,2011-04,Monday,0,18,True
100696,P102,Notebook,5,2011-04-25 18:00:00,4.28,12428,Germany,False,False,False,21.400000000000002,21.400000000000002,0.0,100696,2011,2011-04,Monday,0,18,True
100697,P110,Gift Wrap,3,2011-06-26 11:00:00,2.52,12098,India,False,False,False,7.5600000000000005,7.5600000000000005,0.0,100697,2011,2011-06,Sunday,6,11,True
100698,P101,Ceramic Mug,1,2010-12-02 08:00:00,6.64,12072,Germany,False,False,False,6.64,6.64,0.0,100698,2010,2010-12,Thursday,3,8,True
100698,P102,Notebook,2,2010-12-02 08:00:00,4.21,12072,Netherlands,False,False,False,8.42,8.42,0.0,100698,2010,2010-12,Thursday,3,8,True
100699,P111,Serving Bowl,4,2011-06-12 15:00:00,16.16,12632,France,False,False,False,64.64,64.64,0.0,100699,2011,2011-06,Sunday,6,15,True
100700,P104,Candle Set,2,2011-11-05 10:00:00,9.45,12209,Netherlands,False,False,False,18.9,18.9,0.0,100700,2011,2011-11,Saturday,5,10,True
100700,P102,Notebook,4,2011-11-05 10:00:00,4.06,12209,United Kingdom,False,False,False,16.24,16.24,0.0,100700,2011,2011-11,Saturday,5,10,True
100700,P107,Photo Frame,3,2011-11-05 10:00:00,8.79,12209,Spain,False,False,False,26.369999999999997,26.369999999999997,0.0,100700,2011,2011-11,Saturday,5,10,True
100700,P101,Ceramic Mug,2,2011-11-05 10:00:00,7.32,12209,Netherlands,False,False,False,14.64,14.64,0.0,100700,2011,2011-11,Saturday,5,10,True
100701,P110,Gift Wrap,1,2011-04-13 18:00:00,2.65,12027,India,False,False,False,2.65,2.65,0.0,100701,2011,2011-04,Wednesday,2,18,True
100702,P100,Gift Box,10,2011-08-31 13:00:00,4.57,12255,India,False,False,False,45.7,45.7,0.0,100702,2011,2011-08,Wednesday,2,13,True
100702,P104,Candle Set,2,2011-08-31 13:00:00,9.69,12255,Germany,False,False,False,19.38,19.38,0.0,100702,2011,2011-08,Wednesday,2,13,True
100702,P110,Gift Wrap,2,2011-08-31 13:00:00,2.59,12255,Netherlands,False,False,False,5.18,5.18,0.0,100702,2011,2011-08,Wednesday,2,13,True
100702,P105,Tote Bag,5,2011-08-31 13:00:00,6.58,12255,Spain,False,False,False,32.9,32.9,0.0,100702,2011,2011-08,Wednesday,2,13,True
100703,P100,Gift Box,1,2011-11-02 12:00:00,5.0,12522,United Kingdom,False,False,False,5.0,5.0,0.0,100703,2011,2011-11,Wednesday,2,12,True
100703,P109,Desk Organizer,7,2011-11-02 12:00:00,12.24,12522,United Kingdom,False,False,False,85.68,85.68,0.0,100703,2011,2011-11,Wednesday,2,12,True
100703,P104,Candle Set,1,2011-11-02 12:00:00,11.07,12522,Australia,False,False,False,11.07,11.07,0.0,100703,2011,2011-11,Wednesday,2,12,True
100704,P107,Photo Frame,1,2011-04-09 13:00:00,8.24,12568,Netherlands,False,False,False,8.24,8.24,0.0,100704,2011,2011-04,Saturday,5,13,True
100704,P103,Wall Clock,6,2011-04-09 13:00:00,13.42,12568,India,False,False,False,80.52,80.52,0.0,100704,2011,2011-04,Saturday,5,13,True
100704,P106,Glass Jar,3,2011-04-09 13:00:00,5.15,12568,France,False,False,False,15.450000000000001,15.450000000000001,0.0,100704,2011,2011-04,Saturday,5,13,True
100704,P102,Notebook,1,2011-04-09 13:00:00,3.64,12568,India,False,False,False,3.64,3.64,0.0,100704,2011,2011-04,Saturday,5,13,True
100705,P103,Wall Clock,9,2011-08-08 19:00:00,12.34,12011,Germany,False,False,False,111.06,111.06,0.0,100705,2011,2011-08,Monday,0,19,True
100705,P104,Candle Set,3,2011-08-08 19:00:00,10.07,12011,India,False,False,False,30.21,30.21,0.0,100705,2011,2011-08,Monday,0,19,True
100705,P102,Notebook,12,2011-08-08 19:00:00,3.64,12011,Australia,False,False,False,43.68,43.68,0.0,100705,2011,2011-08,Monday,0,19,True
100706,P111,Serving Bowl,4,2010-12-18 11:00:00,13.5,12143,Australia,False,False,False,54.0,54.0,0.0,100706,2010,2010-12,Saturday,5,11,True
100706,P107,Photo Frame,7,2010-12-18 11:00:00,8.77,12143,United Kingdom,False,False,False,61.39,61.39,0.0,100706,2010,2010-12,Saturday,5,11,True
100706,P100,Gift Box,2,2010-12-18 11:00:00,5.07,12143,Australia,False,False,False,10.14,10.14,0.0,100706,2010,2010-12,Saturday,5,11,True
100706,P110,Gift Wrap,13,2010-12-18 11:00:00,2.62,12143,Australia,False,False,False,34.06,34.06,0.0,100706,2010,2010-12,Saturday,5,11,True
100707,P100,Gift Box,3,2011-05-18 13:00:00,4.89,12008,Spain,False,False,False,14.669999999999998,14.669999999999998,0.0,100707,2011,2011-05,Wednesday,2,13,True
100707,P106,Glass Jar,3,2011-05-18 13:00:00,5.59,12008,Netherlands,False,False,False,16.77,16.77,0.0,100707,2011,2011-05,Wednesday,2,13,True
100707,P104,Candle Set,2,2011-05-18 13:00:00,9.55,12008,Netherlands,False,False,False,19.1,19.1,0.0,100707,2011,2011-05,Wednesday,2,13,True
100708,P103,Wall Clock,1,2011-05-30 12:00:00,12.65,12034,France,False,False,False,12.65,12.65,0.0,100708,2011,2011-05,Monday,0,12,True
100708,P110,Gift Wrap,1,2011-05-30 12:00:00,2.67,12034,Australia,False,False,False,2.67,2.67,0.0,100708,2011,2011-05,Monday,0,12,True
100708,P102,Notebook,6,2011-05-30 12:00:00,4.13,12034,Netherlands,False,False,False,24.78,24.78,0.0,100708,2011,2011-05,Monday,0,12,True
100709,P104,Candle Set,1,2011-09-13 12:00:00,11.37,12648,India,False,False,False,11.37,11.37,0.0,100709,2011,2011-09,Tuesday,1,12,True
100709,P111,Serving Bowl,2,2011-09-13 12:00:00,14.24,12648,Spain,False,False,False,28.48,28.48,0.0,100709,2011,2011-09,Tuesday,1,12,True
100709,P101,Ceramic Mug,10,2011-09-13 12:00:00,6.57,12648,Australia,False,False,False,65.7,65.7,0.0,100709,2011,2011-09,Tuesday,1,12,True
100710,P102,Notebook,4,2011-10-02 08:00:00,3.53,12697,Spain,False,False,False,14.12,14.12,0.0,100710,2011,2011-10,Sunday,6,8,True
100710,P109,Desk Organizer,4,2011-10-02 08:00:00,11.78,12697,India,False,False,False,47.12,47.12,0.0,100710,2011,2011-10,Sunday,6,8,True
100710,P107,Photo Frame,1,2011-10-02 08:00:00,8.39,12697,Spain,False,False,False,8.39,8.39,0.0,100710,2011,2011-10,Sunday,6,8,True
100710,P104,Candle Set,3,2011-10-02 08:00:00,10.38,12697,France,False,False,False,31.14,31.14,0.0,100710,2011,2011-10,Sunday,6,8,True
100711,P109,Desk Organizer,2,2011-05-24 12:00:00,12.17,12102,Germany,False,False,False,24.34,24.34,0.0,100711,2011,2011-05,Tuesday,1,12,True
100711,P102,Notebook,1,2011-05-24 12:00:00,4.28,12102,United Kingdom,False,False,False,4.28,4.28,0.0,100711,2011,2011-05,Tuesday,1,12,True
100711,P101,Ceramic Mug,6,2011-05-24 12:00:00,6.68,12102,Germany,False,False,False,40.08,40.08,0.0,100711,2011,2011-05,Tuesday,1,12,True
100712,P101,Ceramic Mug,4,2011-02-20 18:00:00,8.11,12423,Germany,False,False,False,32.44,32.44,0.0,100712,2011,2011-02,Sunday,6,18,True
100712,P102,Notebook,1,2011-02-20 18:00:00,4.3,12423,Australia,False,False,False,4.3,4.3,0.0,100712,2011,2011-02,Sunday,6,18,True
100713,P100,Gift Box,7,2011-08-18 15:00:00,4.4,12344,Australia,False,False,False,30.800000000000004,30.800000000000004,0.0,100713,2011,2011-08,Thursday,3,15,True
100714,P100,Gift Box,7,2011-11-08 10:00:00,4.51,12652,India,False,False,False,31.57,31.57,0.0,100714,2011,2011-11,Tuesday,1,10,True
100714,P102,Notebook,1,2011-11-08 10:00:00,4.24,12652,Spain,False,False,False,4.24,4.24,0.0,100714,2011,2011-11,Tuesday,1,10,True
100714,P109,Desk Organizer,1,2011-11-08 10:00:00,10.98,12652,Netherlands,False,False,False,10.98,10.98,0.0,100714,2011,2011-11,Tuesday,1,10,True
100714,P104,Candle Set,13,2011-11-08 10:00:00,10.52,12652,France,False,False,False,136.76,136.76,0.0,100714,2011,2011-11,Tuesday,1,10,True
100715,P101,Ceramic Mug,3,2011-01-05 18:00:00,8.0,12500,France,False,False,False,24.0,24.0,0.0,100715,2011,2011-01,Wednesday,2,18,True
100715,P102,Notebook,2,2011-01-05 18:00:00,4.03,12500,Spain,False,False,False,8.06,8.06,0.0,100715,2011,2011-01,Wednesday,2,18,True
100716,P110,Gift Wrap,1,2011-02-22 09:00:00,2.36,12286,United Kingdom,False,False,False,2.36,2.36,0.0,100716,2011,2011-02,Tuesday,1,9,True
100716,P106,Glass Jar,4,2011-02-22 09:00:00,5.97,12286,United Kingdom,False,False,False,23.88,23.88,0.0,100716,2011,2011-02,Tuesday,1,9,True
100717,P108,Tea Set,6,2011-03-15 11:00:00,18.91,12031,France,False,False,False,113.46000000000001,113.46000000000001,0.0,100717,2011,2011-03,Tuesday,1,11,True
100717,P109,Desk Organizer,1,2011-03-15 11:00:00,11.59,12031,Germany,False,False,False,11.59,11.59,0.0,100717,2011,2011-03,Tuesday,1,11,True
100717,P105,Tote Bag,1,2011-03-15 11:00:00,6.74,12031,Netherlands,False,False,False,6.74,6.74,0.0,100717,2011,2011-03,Tuesday,1,11,True
100718,P100,Gift Box,3,2011-07-27 11:00:00,4.28,12303,Spain,False,False,False,12.84,12.84,0.0,100718,2011,2011-07,Wednesday,2,11,True
100719,P103,Wall Clock,2,2011-07-22 08:00:00,12.83,12302,Netherlands,False,False,False,25.66,25.66,0.0,100719,2011,2011-07,Friday,4,8,True
100719,P110,Gift Wrap,1,2011-07-22 08:00:00,2.57,12302,United Kingdom,False,False,False,2.57,2.57,0.0,100719,2011,2011-07,Friday,4,8,True
100720,P109,Desk Organizer,1,2011-03-25 08:00:00,11.31,12684,United Kingdom,False,False,False,11.31,11.31,0.0,100720,2011,2011-03,Friday,4,8,True
100720,P106,Glass Jar,3,2011-03-25 08:00:00,5.92,12684,Germany,False,False,False,17.759999999999998,17.759999999999998,0.0,100720,2011,2011-03,Friday,4,8,True
100720,P105,Tote Bag,4,2011-03-25 08:00:00,7.29,12684,Spain,False,False,False,29.16,29.16,0.0,100720,2011,2011-03,Friday,4,8,True
100721,P111,Serving Bowl,1,2011-01-06 16:00:00,16.67,12019,India,False,False,False,16.67,16.67,0.0,100721,2011,2011-01,Thursday,3,16,True
100722,P110,Gift Wrap,2,2011-02-03 09:00:00,2.72,12078,France,False,False,False,5.44,5.44,0.0,100722,2011,2011-02,Thursday,3,9,True
100723,P103,Wall Clock,3,2011-09-03 14:00:00,12.98,12209,India,False,False,False,38.94,38.94,0.0,100723,2011,2011-09,Saturday,5,14,True
100723,P102,Notebook,1,2011-09-03 14:00:00,3.96,12209,United Kingdom,False,False,False,3.96,3.96,0.0,100723,2011,2011-09,Saturday,5,14,True
100723,P108,Tea Set,10,2011-09-03 14:00:00,19.21,12209,United Kingdom,False,False,False,192.10000000000002,192.10000000000002,0.0,100723,2011,2011-09,Saturday,5,14,True
100723,P107,Photo Frame,2,2011-09-03 14:00:00,8.33,12209,Netherlands,False,False,False,16.66,16.66,0.0,100723,2011,2011-09,Saturday,5,14,True
100724,P104,Candle Set,1,2011-03-23 15:00:00,9.52,12427,Netherlands,False,False,False,9.52,9.52,0.0,100724,2011,2011-03,Wednesday,2,15,True
100724,P107,Photo Frame,1,2011-03-23 15:00:00,8.2,12427,Australia,False,False,False,8.2,8.2,0.0,100724,2011,2011-03,Wednesday,2,15,True
100724,P111,Serving Bowl,1,2011-03-23 15:00:00,16.59,12427,India,False,False,False,16.59,16.59,0.0,100724,2011,2011-03,Wednesday,2,15,True
100724,P101,Ceramic Mug,2,2011-03-23 15:00:00,6.85,12427,India,False,False,False,13.7,13.7,0.0,100724,2011,2011-03,Wednesday,2,15,True
100725,P105,Tote Bag,8,2011-11-18 17:00:00,6.18,12328,Spain,False,False,False,49.44,49.44,0.0,100725,2011,2011-11,Friday,4,17,True
100725,P102,Notebook,8,2011-11-18 17:00:00,3.95,12328,Netherlands,False,False,False,31.6,31.6,0.0,100725,2011,2011-11,Friday,4,17,True
100725,P101,Ceramic Mug,2,2011-11-18 17:00:00,7.41,12328,France,False,False,False,14.82,14.82,0.0,100725,2011,2011-11,Friday,4,17,True
100726,P103,Wall Clock,4,2011-02-04 10:00:00,12.02,12289,United Kingdom,False,False,False,48.08,48.08,0.0,100726,2011,2011-02,Friday,4,10,True
100726,P104,Candle Set,1,2011-02-04 10:00:00,9.53,12289,Netherlands,False,False,False,9.53,9.53,0.0,100726,2011,2011-02,Friday,4,10,True
100726,P110,Gift Wrap,5,2011-02-04 10:00:00,2.24,12289,Spain,False,False,False,11.200000000000001,11.200000000000001,0.0,100726,2011,2011-02,Friday,4,10,True
100726,P107,Photo Frame,1,2011-02-04 10:00:00,8.58,12289,Germany,False,False,False,8.58,8.58,0.0,100726,2011,2011-02,Friday,4,10,True
100727,P101,Ceramic Mug,2,2011-11-26 12:00:00,6.9,12584,United Kingdom,False,False,False,13.8,13.8,0.0,100727,2011,2011-11,Saturday,5,12,True
100728,P109,Desk Organizer,3,2011-10-04 15:00:00,10.9,12047,Germany,False,False,False,32.7,32.7,0.0,100728,2011,2011-10,Tuesday,1,15,True
100728,P105,Tote Bag,5,2011-10-04 15:00:00,6.37,12047,Australia,False,False,False,31.85,31.85,0.0,100728,2011,2011-10,Tuesday,1,15,True
100728,P106,Glass Jar,1,2011-10-04 15:00:00,5.44,12047,Australia,False,False,False,5.44,5.44,0.0,100728,2011,2011-10,Tuesday,1,15,True
100728,P102,Notebook,3,2011-10-04 15:00:00,3.66,12047,Australia,False,False,False,10.98,10.98,0.0,100728,2011,2011-10,Tuesday,1,15,True
100729,P111,Serving Bowl,4,2010-12-31 14:00:00,16.48,12364,United Kingdom,False,False,False,65.92,65.92,0.0,100729,2010,2010-12,Friday,4,14,True
100730,P101,Ceramic Mug,1,2011-10-24 16:00:00,8.24,12314,United Kingdom,False,False,False,8.24,8.24,0.0,100730,2011,2011-10,Monday,0,16,True
100731,P110,Gift Wrap,5,2011-05-14 16:00:00,2.5,12049,Netherlands,False,False,False,12.5,12.5,0.0,100731,2011,2011-05,Saturday,5,16,True
100731,P107,Photo Frame,1,2011-05-14 16:00:00,8.59,12049,United Kingdom,False,False,False,8.59,8.59,0.0,100731,2011,2011-05,Saturday,5,16,True
100731,P106,Glass Jar,4,2011-05-14 16:00:00,6.06,12049,France,False,False,False,24.24,24.24,0.0,100731,2011,2011-05,Saturday,5,16,True
100732,P110,Gift Wrap,3,2011-02-04 17:00:00,2.47,12637,Australia,False,False,False,7.41,7.41,0.0,100732,2011,2011-02,Friday,4,17,True
100732,P109,Desk Organizer,2,2011-02-04 17:00:00,11.3,12637,India,False,False,False,22.6,22.6,0.0,100732,2011,2011-02,Friday,4,17,True
100732,P103,Wall Clock,1,2011-02-04 17:00:00,12.94,12637,India,False,False,False,12.94,12.94,0.0,100732,2011,2011-02,Friday,4,17,True
100732,P111,Serving Bowl,3,2011-02-04 17:00:00,14.84,12637,India,False,False,False,44.519999999999996,44.519999999999996,0.0,100732,2011,2011-02,Friday,4,17,True
100733,P109,Desk Organizer,11,2011-11-05 13:00:00,11.34,12093,Australia,False,False,False,124.74,124.74,0.0,100733,2011,2011-11,Saturday,5,13,True
100733,P110,Gift Wrap,1,2011-11-05 13:00:00,2.56,12093,Australia,False,False,False,2.56,2.56,0.0,100733,2011,2011-11,Saturday,5,13,True
100733,P108,Tea Set,3,2011-11-05 13:00:00,20.34,12093,Netherlands,False,False,False,61.019999999999996,61.019999999999996,0.0,100733,2011,2011-11,Saturday,5,13,True
100733,P102,Notebook,1,2011-11-05 13:00:00,3.52,12093,Netherlands,False,False,False,3.52,3.52,0.0,100733,2011,2011-11,Saturday,5,13,True
100734,P107,Photo Frame,2,2011-01-24 16:00:00,7.67,12004,France,False,False,False,15.34,15.34,0.0,100734,2011,2011-01,Monday,0,16,True
100734,P103,Wall Clock,1,2011-01-24 16:00:00,13.29,12004,Australia,False,False,False,13.29,13.29,0.0,100734,2011,2011-01,Monday,0,16,True
100735,P100,Gift Box,2,2011-06-24 16:00:00,4.11,12057,Netherlands,False,False,False,8.22,8.22,0.0,100735,2011,2011-06,Friday,4,16,True
100735,P107,Photo Frame,2,2011-06-24 16:00:00,8.78,12057,France,False,False,False,17.56,17.56,0.0,100735,2011,2011-06,Friday,4,16,True
100735,P102,Notebook,2,2011-06-24 16:00:00,3.48,12057,India,False,False,False,6.96,6.96,0.0,100735,2011,2011-06,Friday,4,16,True
100735,P110,Gift Wrap,5,2011-06-24 16:00:00,2.65,12057,Germany,False,False,False,13.25,13.25,0.0,100735,2011,2011-06,Friday,4,16,True
100736,P111,Serving Bowl,4,2011-10-13 10:00:00,15.36,12076,Spain,False,False,False,61.44,61.44,0.0,100736,2011,2011-10,Thursday,3,10,True
100736,P110,Gift Wrap,14,2011-10-13 10:00:00,2.27,12076,Spain,False,False,False,31.78,31.78,0.0,100736,2011,2011-10,Thursday,3,10,True
100736,P108,Tea Set,4,2011-10-13 10:00:00,18.58,12076,Germany,False,False,False,74.32,74.32,0.0,100736,2011,2011-10,Thursday,3,10,True
100737,P103,Wall Clock,2,2011-02-24 16:00:00,12.4,12045,Netherlands,False,False,False,24.8,24.8,0.0,100737,2011,2011-02,Thursday,3,16,True
100737,P102,Notebook,1,2011-02-24 16:00:00,3.64,12045,Australia,False,False,False,3.64,3.64,0.0,100737,2011,2011-02,Thursday,3,16,True
100737,P108,Tea Set,1,2011-02-24 16:00:00,16.25,12045,Netherlands,False,False,False,16.25,16.25,0.0,100737,2011,2011-02,Thursday,3,16,True
100737,P106,Glass Jar,1,2011-02-24 16:00:00,5.18,12045,India,False,False,False,5.18,5.18,0.0,100737,2011,2011-02,Thursday,3,16,True
100738,P107,Photo Frame,1,2011-04-24 19:00:00,8.74,12448,Australia,False,False,False,8.74,8.74,0.0,100738,2011,2011-04,Sunday,6,19,True
100738,P106,Glass Jar,1,2011-04-24 19:00:00,5.39,12448,Spain,False,False,False,5.39,5.39,0.0,100738,2011,2011-04,Sunday,6,19,True
100738,P101,Ceramic Mug,2,2011-04-24 19:00:00,7.51,12448,Netherlands,False,False,False,15.02,15.02,0.0,100738,2011,2011-04,Sunday,6,19,True
100738,P108,Tea Set,5,2011-04-24 19:00:00,19.46,12448,Spain,False,False,False,97.30000000000001,97.30000000000001,0.0,100738,2011,2011-04,Sunday,6,19,True
100739,P109,Desk Organizer,3,2011-10-22 18:00:00,11.16,12034,India,False,False,False,33.480000000000004,33.480000000000004,0.0,100739,2011,2011-10,Saturday,5,18,True
100739,P100,Gift Box,1,2011-10-22 18:00:00,4.81,12034,Spain,False,False,False,4.81,4.81,0.0,100739,2011,2011-10,Saturday,5,18,True
100739,P111,Serving Bowl,1,2011-10-22 18:00:00,14.59,12034,France,False,False,False,14.59,14.59,0.0,100739,2011,2011-10,Saturday,5,18,True
100739,P108,Tea Set,1,2011-10-22 18:00:00,17.82,12034,India,False,False,False,17.82,17.82,0.0,100739,2011,2011-10,Saturday,5,18,True
100740,P106,Glass Jar,1,2011-07-07 11:00:00,6.32,12473,Germany,False,False,False,6.32,6.32,0.0,100740,2011,2011-07,Thursday,3,11,True
100740,P109,Desk Organizer,1,2011-07-07 11:00:00,12.56,12473,Australia,False,False,False,12.56,12.56,0.0,100740,2011,2011-07,Thursday,3,11,True
100741,P104,Candle Set,15,2011-06-24 14:00:00,10.64,12632,France,False,False,False,159.60000000000002,159.60000000000002,0.0,100741,2011,2011-06,Friday,4,14,True
100742,P102,Notebook,92,2011-04-29 14:00:00,4.23,12141,Spain,False,False,False,389.16,389.16,0.0,100742,2011,2011-04,Friday,4,14,True
100742,P100,Gift Box,13,2011-04-29 14:00:00,4.55,12141,Australia,False,False,False,59.15,59.15,0.0,100742,2011,2011-04,Friday,4,14,True
100742,P111,Serving Bowl,1,2011-04-29 14:00:00,13.26,12141,Australia,False,False,False,13.26,13.26,0.0,100742,2011,2011-04,Friday,4,14,True
100743,P105,Tote Bag,1,2011-06-22 18:00:00,6.04,12119,United Kingdom,False,False,False,6.04,6.04,0.0,100743,2011,2011-06,Wednesday,2,18,True
100743,P102,Notebook,5,2011-06-22 18:00:00,3.71,12119,Germany,False,False,False,18.55,18.55,0.0,100743,2011,2011-06,Wednesday,2,18,True
100744,P106,Glass Jar,1,2011-01-17 15:00:00,4.95,12469,Germany,False,False,False,4.95,4.95,0.0,100744,2011,2011-01,Monday,0,15,True
100744,P107,Photo Frame,1,2011-01-17 15:00:00,7.56,12469,Netherlands,False,False,False,7.56,7.56,0.0,100744,2011,2011-01,Monday,0,15,True
100744,P111,Serving Bowl,2,2011-01-17 15:00:00,16.63,12469,Spain,False,False,False,33.26,33.26,0.0,100744,2011,2011-01,Monday,0,15,True
100744,P104,Candle Set,1,2011-01-17 15:00:00,10.41,12469,Australia,False,False,False,10.41,10.41,0.0,100744,2011,2011-01,Monday,0,15,True
100745,P103,Wall Clock,2,2011-09-24 11:00:00,14.35,12056,Australia,False,False,False,28.7,28.7,0.0,100745,2011,2011-09,Saturday,5,11,True
100745,P107,Photo Frame,4,2011-09-24 11:00:00,8.59,12056,Netherlands,False,False,False,34.36,34.36,0.0,100745,2011,2011-09,Saturday,5,11,True
100746,P103,Wall Clock,2,2010-12-09 12:00:00,13.76,12042,Germany,False,False,False,27.52,27.52,0.0,100746,2010,2010-12,Thursday,3,12,True
100746,P102,Notebook,4,2010-12-09 12:00:00,4.27,12042,Germany,False,False,False,17.08,17.08,0.0,100746,2010,2010-12,Thursday,3,12,True
100746,P107,Photo Frame,3,2010-12-09 12:00:00,9.21,12042,Spain,False,False,False,27.630000000000003,27.630000000000003,0.0,100746,2010,2010-12,Thursday,3,12,True
100747,P111,Serving Bowl,2,2011-09-25 08:00:00,16.25,12075,France,False,False,False,32.5,32.5,0.0,100747,2011,2011-09,Sunday,6,8,True
100747,P106,Glass Jar,19,2011-09-25 08:00:00,5.57,12075,India,False,False,False,105.83000000000001,105.83000000000001,0.0,100747,2011,2011-09,Sunday,6,8,True
100747,P105,Tote Bag,2,2011-09-25 08:00:00,6.91,12075,Germany,False,False,False,13.82,13.82,0.0,100747,2011,2011-09,Sunday,6,8,True
100747,P104,Candle Set,6,2011-09-25 08:00:00,10.75,12075,Netherlands,False,False,False,64.5,64.5,0.0,100747,2011,2011-09,Sunday,6,8,True
100748,P102,Notebook,25,2011-04-15 14:00:00,4.08,12438,Germany,False,False,False,102.0,102.0,0.0,100748,2011,2011-04,Friday,4,14,True
100748,P108,Tea Set,1,2011-04-15 14:00:00,19.17,12438,Spain,False,False,False,19.17,19.17,0.0,100748,2011,2011-04,Friday,4,14,True
100749,P107,Photo Frame,8,2011-01-13 14:00:00,7.82,12052,Netherlands,False,False,False,62.56,62.56,0.0,100749,2011,2011-01,Thursday,3,14,True
100750,P103,Wall Clock,2,2011-10-31 18:00:00,13.15,12055,India,False,False,False,26.3,26.3,0.0,100750,2011,2011-10,Monday,0,18,True
100751,P103,Wall Clock,2,2011-01-28 11:00:00,11.95,12004,United Kingdom,False,False,False,23.9,23.9,0.0,100751,2011,2011-01,Friday,4,11,True
100751,P104,Candle Set,5,2011-01-28 11:00:00,10.0,12004,Australia,False,False,False,50.0,50.0,0.0,100751,2011,2011-01,Friday,4,11,True
100751,P101,Ceramic Mug,3,2011-01-28 11:00:00,7.17,12004,Netherlands,False,False,False,21.509999999999998,21.509999999999998,0.0,100751,2011,2011-01,Friday,4,11,True
100751,P100,Gift Box,4,2011-01-28 11:00:00,4.25,12004,Netherlands,False,False,False,17.0,17.0,0.0,100751,2011,2011-01,Friday,4,11,True
100752,P103,Wall Clock,2,2011-09-15 08:00:00,12.65,12006,United Kingdom,False,False,False,25.3,25.3,0.0,100752,2011,2011-09,Thursday,3,8,True
100752,P101,Ceramic Mug,5,2011-09-15 08:00:00,7.37,12006,Germany,False,False,False,36.85,36.85,0.0,100752,2011,2011-09,Thursday,3,8,True
100752,P110,Gift Wrap,10,2011-09-15 08:00:00,2.64,12006,United Kingdom,False,False,False,26.400000000000002,26.400000000000002,0.0,100752,2011,2011-09,Thursday,3,8,True
100753,P104,Candle Set,5,2011-02-22 19:00:00,11.3,12427,United Kingdom,False,False,False,56.5,56.5,0.0,100753,2011,2011-02,Tuesday,1,19,True
100753,P109,Desk Organizer,8,2011-02-22 19:00:00,10.41,12427,Australia,False,False,False,83.28,83.28,0.0,100753,2011,2011-02,Tuesday,1,19,True
100753,P100,Gift Box,1,2011-02-22 19:00:00,4.99,12427,Netherlands,False,False,False,4.99,4.99,0.0,100753,2011,2011-02,Tuesday,1,19,True
100754,P100,Gift Box,3,2011-04-23 12:00:00,4.46,12126,Spain,False,False,False,13.379999999999999,13.379999999999999,0.0,100754,2011,2011-04,Saturday,5,12,True
100755,P111,Serving Bowl,11,2011-01-28 14:00:00,14.86,12024,Netherlands,False,False,False,163.45999999999998,163.45999999999998,0.0,100755,2011,2011-01,Friday,4,14,True
100756,P100,Gift Box,1,2011-07-05 14:00:00,4.05,12035,Germany,False,False,False,4.05,4.05,0.0,100756,2011,2011-07,Tuesday,1,14,True
100756,P105,Tote Bag,2,2011-07-05 14:00:00,6.92,12035,Spain,False,False,False,13.84,13.84,0.0,100756,2011,2011-07,Tuesday,1,14,True
100757,P103,Wall Clock,1,2011-08-22 10:00:00,12.35,12058,Australia,False,False,False,12.35,12.35,0.0,100757,2011,2011-08,Monday,0,10,True
100757,P101,Ceramic Mug,5,2011-08-22 10:00:00,8.04,12058,United Kingdom,False,False,False,40.199999999999996,40.199999999999996,0.0,100757,2011,2011-08,Monday,0,10,True
100758,P100,Gift Box,3,2011-06-28 17:00:00,4.66,12463,Australia,False,False,False,13.98,13.98,0.0,100758,2011,2011-06,Tuesday,1,17,True
100758,P109,Desk Organizer,4,2011-06-28 17:00:00,11.81,12463,Spain,False,False,False,47.24,47.24,0.0,100758,2011,2011-06,Tuesday,1,17,True
100758,P101,Ceramic Mug,5,2011-06-28 17:00:00,6.84,12463,Netherlands,False,False,False,34.2,34.2,0.0,100758,2011,2011-06,Tuesday,1,17,True
100758,P110,Gift Wrap,3,2011-06-28 17:00:00,2.59,12463,Netherlands,False,False,False,7.77,7.77,0.0,100758,2011,2011-06,Tuesday,1,17,True
100759,P110,Gift Wrap,2,2011-12-05 17:00:00,2.31,12274,Australia,False,False,False,4.62,4.62,0.0,100759,2011,2011-12,Monday,0,17,True
100759,P103,Wall Clock,1,2011-12-05 17:00:00,12.54,12274,Germany,False,False,False,12.54,12.54,0.0,100759,2011,2011-12,Monday,0,17,True
100759,P109,Desk Organizer,1,2011-12-05 17:00:00,10.46,12274,Netherlands,False,False,False,10.46,10.46,0.0,100759,2011,2011-12,Monday,0,17,True
100760,P101,Ceramic Mug,2,2011-06-16 16:00:00,6.54,12319,India,False,False,False,13.08,13.08,0.0,100760,2011,2011-06,Thursday,3,16,True
100761,P104,Candle Set,3,2011-05-21 14:00:00,9.61,12506,India,False,False,False,28.83,28.83,0.0,100761,2011,2011-05,Saturday,5,14,True
100761,P110,Gift Wrap,2,2011-05-21 14:00:00,2.7,12506,United Kingdom,False,False,False,5.4,5.4,0.0,100761,2011,2011-05,Saturday,5,14,True
100761,P100,Gift Box,1,2011-05-21 14:00:00,4.69,12506,Germany,False,False,False,4.69,4.69,0.0,100761,2011,2011-05,Saturday,5,14,True
100761,P107,Photo Frame,5,2011-05-21 14:00:00,7.87,12506,Germany,False,False,False,39.35,39.35,0.0,100761,2011,2011-05,Saturday,5,14,True
100762,P105,Tote Bag,6,2011-02-12 14:00:00,7.06,12353,United Kingdom,False,False,False,42.36,42.36,0.0,100762,2011,2011-02,Saturday,5,14,True
100762,P100,Gift Box,8,2011-02-12 14:00:00,4.57,12353,India,False,False,False,36.56,36.56,0.0,100762,2011,2011-02,Saturday,5,14,True
100762,P110,Gift Wrap,1,2011-02-12 14:00:00,2.75,12353,Netherlands,False,False,False,2.75,2.75,0.0,100762,2011,2011-02,Saturday,5,14,True
100762,P104,Candle Set,3,2011-02-12 14:00:00,10.45,12353,India,False,False,False,31.349999999999998,31.349999999999998,0.0,100762,2011,2011-02,Saturday,5,14,True
100763,P101,Ceramic Mug,3,2011-02-09 14:00:00,7.76,12042,Germany,False,False,False,23.28,23.28,0.0,100763,2011,2011-02,Wednesday,2,14,True
100763,P106,Glass Jar,1,2011-02-09 14:00:00,5.34,12042,Spain,False,False,False,5.34,5.34,0.0,100763,2011,2011-02,Wednesday,2,14,True
100763,P109,Desk Organizer,2,2011-02-09 14:00:00,11.55,12042,Australia,False,False,False,23.1,23.1,0.0,100763,2011,2011-02,Wednesday,2,14,True
100763,P110,Gift Wrap,1,2011-02-09 14:00:00,2.65,12042,Netherlands,False,False,False,2.65,2.65,0.0,100763,2011,2011-02,Wednesday,2,14,True
100764,P105,Tote Bag,1,2011-06-25 12:00:00,6.43,12079,Australia,False,False,False,6.43,6.43,0.0,100764,2011,2011-06,Saturday,5,12,True
100764,P103,Wall Clock,1,2011-06-25 12:00:00,12.42,12079,France,False,False,False,12.42,12.42,0.0,100764,2011,2011-06,Saturday,5,12,True
100765,P108,Tea Set,8,2010-12-13 16:00:00,17.57,12212,Germany,False,False,False,140.56,140.56,0.0,100765,2010,2010-12,Monday,0,16,True
100766,P103,Wall Clock,2,2011-01-28 10:00:00,14.17,12132,France,False,False,False,28.34,28.34,0.0,100766,2011,2011-01,Friday,4,10,True
100766,P102,Notebook,13,2011-01-28 10:00:00,4.17,12132,France,False,False,False,54.21,54.21,0.0,100766,2011,2011-01,Friday,4,10,True
100766,P106,Glass Jar,7,2011-01-28 10:00:00,5.34,12132,United Kingdom,False,False,False,37.379999999999995,37.379999999999995,0.0,100766,2011,2011-01,Friday,4,10,True
100766,P101,Ceramic Mug,5,2011-01-28 10:00:00,6.87,12132,India,False,False,False,34.35,34.35,0.0,100766,2011,2011-01,Friday,4,10,True
100767,P110,Gift Wrap,5,2011-01-17 10:00:00,2.61,12630,Australia,False,False,False,13.049999999999999,13.049999999999999,0.0,100767,2011,2011-01,Monday,0,10,True
100768,P109,Desk Organizer,1,2011-10-31 09:00:00,11.37,12442,Australia,False,False,False,11.37,11.37,0.0,100768,2011,2011-10,Monday,0,9,True
100768,P111,Serving Bowl,1,2011-10-31 09:00:00,14.25,12442,India,False,False,False,14.25,14.25,0.0,100768,2011,2011-10,Monday,0,9,True
100768,P105,Tote Bag,1,2011-10-31 09:00:00,6.55,12442,Australia,False,False,False,6.55,6.55,0.0,100768,2011,2011-10,Monday,0,9,True
100769,P107,Photo Frame,1,2011-11-21 13:00:00,9.1,12423,India,False,False,False,9.1,9.1,0.0,100769,2011,2011-11,Monday,0,13,True
100770,P103,Wall Clock,1,2011-08-01 08:00:00,11.47,12040,United Kingdom,False,False,False,11.47,11.47,0.0,100770,2011,2011-08,Monday,0,8,True
100770,P107,Photo Frame,2,2011-08-01 08:00:00,9.35,12040,Netherlands,False,False,False,18.7,18.7,0.0,100770,2011,2011-08,Monday,0,8,True
100770,P108,Tea Set,1,2011-08-01 08:00:00,18.56,12040,France,False,False,False,18.56,18.56,0.0,100770,2011,2011-08,Monday,0,8,True
100770,P105,Tote Bag,5,2011-08-01 08:00:00,6.12,12040,Australia,False,False,False,30.6,30.6,0.0,100770,2011,2011-08,Monday,0,8,True
100771,P101,Ceramic Mug,2,2011-03-03 14:00:00,6.72,12460,India,False,False,False,13.44,13.44,0.0,100771,2011,2011-03,Thursday,3,14,True
100771,P108,Tea Set,2,2011-03-03 14:00:00,19.34,12460,Australia,False,False,False,38.68,38.68,0.0,100771,2011,2011-03,Thursday,3,14,True
100771,P100,Gift Box,4,2011-03-03 14:00:00,4.61,12460,Netherlands,False,False,False,18.44,18.44,0.0,100771,2011,2011-03,Thursday,3,14,True
100772,P106,Glass Jar,1,2011-08-04 10:00:00,5.0,12024,Netherlands,False,False,False,5.0,5.0,0.0,100772,2011,2011-08,Thursday,3,10,True
100773,P102,Notebook,4,2011-11-20 09:00:00,4.19,12672,Spain,False,False,False,16.76,16.76,0.0,100773,2011,2011-11,Sunday,6,9,True
100773,P105,Tote Bag,5,2011-11-20 09:00:00,7.39,12672,Netherlands,False,False,False,36.949999999999996,36.949999999999996,0.0,100773,2011,2011-11,Sunday,6,9,True
100774,P105,Tote Bag,10,2011-03-16 12:00:00,5.87,12568,India,False,False,False,58.7,58.7,0.0,100774,2011,2011-03,Wednesday,2,12,True
100774,P104,Candle Set,2,2011-03-16 12:00:00,10.02,12568,France,False,False,False,20.04,20.04,0.0,100774,2011,2011-03,Wednesday,2,12,True
100775,P103,Wall Clock,4,2010-12-07 08:00:00,11.28,12073,India,False,False,False,45.12,45.12,0.0,100775,2010,2010-12,Tuesday,1,8,True
100775,P101,Ceramic Mug,14,2010-12-07 08:00:00,8.06,12073,Australia,False,False,False,112.84,112.84,0.0,100775,2010,2010-12,Tuesday,1,8,True
100775,P102,Notebook,10,2010-12-07 08:00:00,4.22,12073,Germany,False,False,False,42.199999999999996,42.199999999999996,0.0,100775,2010,2010-12,Tuesday,1,8,True
100776,P104,Candle Set,3,2011-06-25 11:00:00,9.71,12049,India,False,False,False,29.130000000000003,29.130000000000003,0.0,100776,2011,2011-06,Saturday,5,11,True
100776,P108,Tea Set,2,2011-06-25 11:00:00,20.34,12049,Spain,False,False,False,40.68,40.68,0.0,100776,2011,2011-06,Saturday,5,11,True
100776,P107,Photo Frame,4,2011-06-25 11:00:00,8.77,12049,India,False,False,False,35.08,35.08,0.0,100776,2011,2011-06,Saturday,5,11,True
100777,P101,Ceramic Mug,13,2011-09-17 18:00:00,7.36,12207,India,False,False,False,95.68,95.68,0.0,100777,2011,2011-09,Saturday,5,18,True
100777,P100,Gift Box,6,2011-09-17 18:00:00,4.21,12207,Spain,False,False,False,25.259999999999998,25.259999999999998,0.0,100777,2011,2011-09,Saturday,5,18,True
100778,P105,Tote Bag,2,2011-04-11 12:00:00,7.3,12287,United Kingdom,False,False,False,14.6,14.6,0.0,100778,2011,2011-04,Monday,0,12,True
100778,P100,Gift Box,3,2011-04-11 12:00:00,5.05,12287,United Kingdom,False,False,False,15.149999999999999,15.149999999999999,0.0,100778,2011,2011-04,Monday,0,12,True
100778,P101,Ceramic Mug,1,2011-04-11 12:00:00,7.72,12287,Germany,False,False,False,7.72,7.72,0.0,100778,2011,2011-04,Monday,0,12,True
100779,P106,Glass Jar,2,2011-01-02 13:00:00,5.02,12448,Australia,False,False,False,10.04,10.04,0.0,100779,2011,2011-01,Sunday,6,13,True
100779,P107,Photo Frame,2,2011-01-02 13:00:00,8.57,12448,Australia,False,False,False,17.14,17.14,0.0,100779,2011,2011-01,Sunday,6,13,True
100780,P101,Ceramic Mug,21,2011-04-08 14:00:00,7.33,12057,Australia,False,False,False,153.93,153.93,0.0,100780,2011,2011-04,Friday,4,14,True
100781,P101,Ceramic Mug,3,2011-04-11 19:00:00,7.65,12000,Australia,False,False,False,22.950000000000003,22.950000000000003,0.0,100781,2011,2011-04,Monday,0,19,True
100781,P105,Tote Bag,2,2011-04-11 19:00:00,6.99,12000,Spain,False,False,False,13.98,13.98,0.0,100781,2011,2011-04,Monday,0,19,True
100782,P111,Serving Bowl,29,2010-12-15 14:00:00,13.06,12294,Germany,False,False,False,378.74,378.74,0.0,100782,2010,2010-12,Wednesday,2,14,True
100782,P102,Notebook,1,2010-12-15 14:00:00,3.95,12294,India,False,False,False,3.95,3.95,0.0,100782,2010,2010-12,Wednesday,2,14,True
100783,P100,Gift Box,6,2011-08-14 11:00:00,4.8,12000,Netherlands,False,False,False,28.799999999999997,28.799999999999997,0.0,100783,2011,2011-08,Sunday,6,11,True
100784,P107,Photo Frame,5,2011-09-02 16:00:00,8.12,12424,France,False,False,False,40.599999999999994,40.599999999999994,0.0,100784,2011,2011-09,Friday,4,16,True
100784,P110,Gift Wrap,3,2011-09-02 16:00:00,2.33,12424,France,False,False,False,6.99,6.99,0.0,100784,2011,2011-09,Friday,4,16,True
100785,P102,Notebook,2,2011-08-10 10:00:00,3.42,12494,United Kingdom,False,False,False,6.84,6.84,0.0,100785,2011,2011-08,Wednesday,2,10,True
100785,P108,Tea Set,1,2011-08-10 10:00:00,19.73,12494,United Kingdom,False,False,False,19.73,19.73,0.0,100785,2011,2011-08,Wednesday,2,10,True
100785,P100,Gift Box,6,2011-08-10 10:00:00,4.09,12494,Netherlands,False,False,False,24.54,24.54,0.0,100785,2011,2011-08,Wednesday,2,10,True
100786,P103,Wall Clock,2,2011-11-10 09:00:00,12.42,12502,Germany,False,False,False,24.84,24.84,0.0,100786,2011,2011-11,Thursday,3,9,True
100786,P106,Glass Jar,2,2011-11-10 09:00:00,6.28,12502,India,False,False,False,12.56,12.56,0.0,100786,2011,2011-11,Thursday,3,9,True
100786,P110,Gift Wrap,1,2011-11-10 09:00:00,2.41,12502,India,False,False,False,2.41,2.41,0.0,100786,2011,2011-11,Thursday,3,9,True
100786,P109,Desk Organizer,4,2011-11-10 09:00:00,12.07,12502,Netherlands,False,False,False,48.28,48.28,0.0,100786,2011,2011-11,Thursday,3,9,True
100787,P104,Candle Set,8,2011-02-21 10:00:00,9.02,12414,India,False,False,False,72.16,72.16,0.0,100787,2011,2011-02,Monday,0,10,True
100787,P103,Wall Clock,16,2011-02-21 10:00:00,13.89,12414,Spain,False,False,False,222.24,222.24,0.0,100787,2011,2011-02,Monday,0,10,True
100787,P107,Photo Frame,1,2011-02-21 10:00:00,7.76,12414,France,False,False,False,7.76,7.76,0.0,100787,2011,2011-02,Monday,0,10,True
100787,P106,Glass Jar,3,2011-02-21 10:00:00,5.64,12414,France,False,False,False,16.919999999999998,16.919999999999998,0.0,100787,2011,2011-02,Monday,0,10,True
100788,P108,Tea Set,4,2011-01-16 08:00:00,20.64,12071,Netherlands,False,False,False,82.56,82.56,0.0,100788,2011,2011-01,Sunday,6,8,True
100788,P109,Desk Organizer,4,2011-01-16 08:00:00,11.41,12071,Germany,False,False,False,45.64,45.64,0.0,100788,2011,2011-01,Sunday,6,8,True
100788,P104,Candle Set,1,2011-01-16 08:00:00,9.21,12071,Australia,False,False,False,9.21,9.21,0.0,100788,2011,2011-01,Sunday,6,8,True
100788,P111,Serving Bowl,5,2011-01-16 08:00:00,13.15,12071,France,False,False,False,65.75,65.75,0.0,100788,2011,2011-01,Sunday,6,8,True
100789,P100,Gift Box,1,2011-05-30 14:00:00,4.96,12298,France,False,False,False,4.96,4.96,0.0,100789,2011,2011-05,Monday,0,14,True
100789,P102,Notebook,3,2011-05-30 14:00:00,3.97,12298,Germany,False,False,False,11.91,11.91,0.0,100789,2011,2011-05,Monday,0,14,True
100789,P110,Gift Wrap,3,2011-05-30 14:00:00,2.28,12298,United Kingdom,False,False,False,6.84,6.84,0.0,100789,2011,2011-05,Monday,0,14,True
100789,P107,Photo Frame,1,2011-05-30 14:00:00,8.18,12298,India,False,False,False,8.18,8.18,0.0,100789,2011,2011-05,Monday,0,14,True
100790,P105,Tote Bag,2,2011-10-09 15:00:00,7.36,12282,United Kingdom,False,False,False,14.72,14.72,0.0,100790,2011,2011-10,Sunday,6,15,True
100791,P108,Tea Set,4,2011-03-10 16:00:00,17.96,12072,Australia,False,False,False,71.84,71.84,0.0,100791,2011,2011-03,Thursday,3,16,True
100791,P105,Tote Bag,2,2011-03-10 16:00:00,6.43,12072,Spain,False,False,False,12.86,12.86,0.0,100791,2011,2011-03,Thursday,3,16,True
100792,P105,Tote Bag,1,2011-05-16 11:00:00,6.96,12538,Spain,False,False,False,6.96,6.96,0.0,100792,2011,2011-05,Monday,0,11,True
100792,P103,Wall Clock,4,2011-05-16 11:00:00,13.47,12538,France,False,False,False,53.88,53.88,0.0,100792,2011,2011-05,Monday,0,11,True
100793,P107,Photo Frame,2,2011-06-15 14:00:00,8.4,12533,India,False,False,False,16.8,16.8,0.0,100793,2011,2011-06,Wednesday,2,14,True
100793,P106,Glass Jar,4,2011-06-15 14:00:00,5.1,12533,Australia,False,False,False,20.4,20.4,0.0,100793,2011,2011-06,Wednesday,2,14,True
100793,P110,Gift Wrap,1,2011-06-15 14:00:00,2.63,12533,Spain,False,False,False,2.63,2.63,0.0,100793,2011,2011-06,Wednesday,2,14,True
100793,P101,Ceramic Mug,3,2011-06-15 14:00:00,6.51,12533,France,False,False,False,19.53,19.53,0.0,100793,2011,2011-06,Wednesday,2,14,True
100794,P109,Desk Organizer,2,2011-06-02 15:00:00,10.29,12400,Australia,False,False,False,20.58,20.58,0.0,100794,2011,2011-06,Thursday,3,15,True
100794,P108,Tea Set,1,2011-06-02 15:00:00,18.79,12400,United Kingdom,False,False,False,18.79,18.79,0.0,100794,2011,2011-06,Thursday,3,15,True
100794,P100,Gift Box,5,2011-06-02 15:00:00,4.55,12400,United Kingdom,False,False,False,22.75,22.75,0.0,100794,2011,2011-06,Thursday,3,15,True
100794,P105,Tote Bag,4,2011-06-02 15:00:00,7.16,12400,India,False,False,False,28.64,28.64,0.0,100794,2011,2011-06,Thursday,3,15,True
100795,P110,Gift Wrap,1,2011-11-13 09:00:00,2.32,12631,Spain,False,False,False,2.32,2.32,0.0,100795,2011,2011-11,Sunday,6,9,True
100795,P107,Photo Frame,2,2011-11-13 09:00:00,8.44,12631,France,False,False,False,16.88,16.88,0.0,100795,2011,2011-11,Sunday,6,9,True
100795,P105,Tote Bag,2,2011-11-13 09:00:00,6.62,12631,Netherlands,False,False,False,13.24,13.24,0.0,100795,2011,2011-11,Sunday,6,9,True
100796,P101,Ceramic Mug,3,2010-12-31 12:00:00,7.35,12004,Germany,False,False,False,22.049999999999997,22.049999999999997,0.0,100796,2010,2010-12,Friday,4,12,True
100796,P107,Photo Frame,1,2010-12-31 12:00:00,8.25,12004,Australia,False,False,False,8.25,8.25,0.0,100796,2010,2010-12,Friday,4,12,True
100796,P109,Desk Organizer,3,2010-12-31 12:00:00,10.68,12004,Netherlands,False,False,False,32.04,32.04,0.0,100796,2010,2010-12,Friday,4,12,True
100797,P111,Serving Bowl,4,2011-09-07 11:00:00,14.15,12224,France,False,False,False,56.6,56.6,0.0,100797,2011,2011-09,Wednesday,2,11,True
100797,P102,Notebook,1,2011-09-07 11:00:00,3.94,12224,Germany,False,False,False,3.94,3.94,0.0,100797,2011,2011-09,Wednesday,2,11,True
100797,P109,Desk Organizer,2,2011-09-07 11:00:00,10.13,12224,United Kingdom,False,False,False,20.26,20.26,0.0,100797,2011,2011-09,Wednesday,2,11,True
100798,P110,Gift Wrap,1,2010-12-18 14:00:00,2.63,12064,Spain,False,False,False,2.63,2.63,0.0,100798,2010,2010-12,Saturday,5,14,True
100798,P107,Photo Frame,4,2010-12-18 14:00:00,8.19,12064,Spain,False,False,False,32.76,32.76,0.0,100798,2010,2010-12,Saturday,5,14,True
100799,P101,Ceramic Mug,1,2011-07-20 16:00:00,6.84,12674,United Kingdom,False,False,False,6.84,6.84,0.0,100799,2011,2011-07,Wednesday,2,16,True
100799,P100,Gift Box,4,2011-07-20 16:00:00,4.32,12674,Germany,False,False,False,17.28,17.28,0.0,100799,2011,2011-07,Wednesday,2,16,True
100799,P106,Glass Jar,4,2011-07-20 16:00:00,5.5,12674,Netherlands,False,False,False,22.0,22.0,0.0,100799,2011,2011-07,Wednesday,2,16,True
100800,P108,Tea Set,3,2011-05-31 13:00:00,16.43,12015,Germany,False,False,False,49.29,49.29,0.0,100800,2011,2011-05,Tuesday,1,13,True
100800,P104,Candle Set,2,2011-05-31 13:00:00,10.48,12015,Spain,False,False,False,20.96,20.96,0.0,100800,2011,2011-05,Tuesday,1,13,True
100801,P110,Gift Wrap,3,2011-03-09 08:00:00,2.73,12030,Netherlands,False,False,False,8.19,8.19,0.0,100801,2011,2011-03,Wednesday,2,8,True
100801,P102,Notebook,2,2011-03-09 08:00:00,3.75,12030,France,False,False,False,7.5,7.5,0.0,100801,2011,2011-03,Wednesday,2,8,True
100802,P101,Ceramic Mug,1,2011-09-24 15:00:00,7.88,12414,France,False,False,False,7.88,7.88,0.0,100802,2011,2011-09,Saturday,5,15,True
100802,P107,Photo Frame,1,2011-09-24 15:00:00,7.42,12414,Spain,False,False,False,7.42,7.42,0.0,100802,2011,2011-09,Saturday,5,15,True
100802,P104,Candle Set,4,2011-09-24 15:00:00,10.85,12414,United Kingdom,False,False,False,43.4,43.4,0.0,100802,2011,2011-09,Saturday,5,15,True
100803,P107,Photo Frame,12,2011-01-30 13:00:00,8.92,12142,Netherlands,False,False,False,107.03999999999999,107.03999999999999,0.0,100803,2011,2011-01,Sunday,6,13,True
100803,P104,Candle Set,2,2011-01-30 13:00:00,11.13,12142,Germany,False,False,False,22.26,22.26,0.0,100803,2011,2011-01,Sunday,6,13,True
100803,P100,Gift Box,2,2011-01-30 13:00:00,4.17,12142,France,False,False,False,8.34,8.34,0.0,100803,2011,2011-01,Sunday,6,13,True
100803,P101,Ceramic Mug,3,2011-01-30 13:00:00,6.6,12142,Spain,False,False,False,19.799999999999997,19.799999999999997,0.0,100803,2011,2011-01,Sunday,6,13,True
100804,P111,Serving Bowl,7,2011-04-07 10:00:00,14.93,12434,Germany,False,False,False,104.50999999999999,104.50999999999999,0.0,100804,2011,2011-04,Thursday,3,10,True
100805,P105,Tote Bag,1,2011-06-11 19:00:00,6.25,12659,Spain,False,False,False,6.25,6.25,0.0,100805,2011,2011-06,Saturday,5,19,True
100806,P101,Ceramic Mug,2,2011-10-08 08:00:00,8.15,12311,France,False,False,False,16.3,16.3,0.0,100806,2011,2011-10,Saturday,5,8,True
100806,P106,Glass Jar,4,2011-10-08 08:00:00,6.21,12311,United Kingdom,False,False,False,24.84,24.84,0.0,100806,2011,2011-10,Saturday,5,8,True
100807,P104,Candle Set,4,2011-04-25 19:00:00,9.98,12017,Spain,False,False,False,39.92,39.92,0.0,100807,2011,2011-04,Monday,0,19,True
100807,P101,Ceramic Mug,6,2011-04-25 19:00:00,7.06,12017,United Kingdom,False,False,False,42.36,42.36,0.0,100807,2011,2011-04,Monday,0,19,True
100807,P108,Tea Set,8,2011-04-25 19:00:00,18.1,12017,Australia,False,False,False,144.8,144.8,0.0,100807,2011,2011-04,Monday,0,19,True
100807,P111,Serving Bowl,2,2011-04-25 19:00:00,15.51,12017,Germany,False,False,False,31.02,31.02,0.0,100807,2011,2011-04,Monday,0,19,True
100808,P101,Ceramic Mug,4,2011-09-13 08:00:00,7.32,12155,Spain,False,False,False,29.28,29.28,0.0,100808,2011,2011-09,Tuesday,1,8,True
100808,P108,Tea Set,6,2011-09-13 08:00:00,18.94,12155,India,False,False,False,113.64000000000001,113.64000000000001,0.0,100808,2011,2011-09,Tuesday,1,8,True
100809,P100,Gift Box,3,2011-11-25 19:00:00,4.56,12032,Netherlands,False,False,False,13.68,13.68,0.0,100809,2011,2011-11,Friday,4,19,True
100809,P106,Glass Jar,1,2011-11-25 19:00:00,5.05,12032,United Kingdom,False,False,False,5.05,5.05,0.0,100809,2011,2011-11,Friday,4,19,True
100809,P102,Notebook,1,2011-11-25 19:00:00,4.25,12032,Australia,False,False,False,4.25,4.25,0.0,100809,2011,2011-11,Friday,4,19,True
100810,P101,Ceramic Mug,1,2011-10-04 13:00:00,6.85,12504,Spain,False,False,False,6.85,6.85,0.0,100810,2011,2011-10,Tuesday,1,13,True
100810,P105,Tote Bag,3,2011-10-04 13:00:00,6.8,12504,United Kingdom,False,False,False,20.4,20.4,0.0,100810,2011,2011-10,Tuesday,1,13,True
100810,P104,Candle Set,3,2011-10-04 13:00:00,10.59,12504,France,False,False,False,31.77,31.77,0.0,100810,2011,2011-10,Tuesday,1,13,True
100811,P107,Photo Frame,1,2011-11-21 18:00:00,8.78,12490,Australia,False,False,False,8.78,8.78,0.0,100811,2011,2011-11,Monday,0,18,True
100811,P105,Tote Bag,1,2011-11-21 18:00:00,7.24,12490,Netherlands,False,False,False,7.24,7.24,0.0,100811,2011,2011-11,Monday,0,18,True
100812,P111,Serving Bowl,3,2011-07-13 19:00:00,16.56,12038,Netherlands,False,False,False,49.67999999999999,49.67999999999999,0.0,100812,2011,2011-07,Wednesday,2,19,True
100812,P108,Tea Set,2,2011-07-13 19:00:00,17.59,12038,Spain,False,False,False,35.18,35.18,0.0,100812,2011,2011-07,Wednesday,2,19,True
100813,P106,Glass Jar,1,2011-08-16 18:00:00,5.27,12543,France,False,False,False,5.27,5.27,0.0,100813,2011,2011-08,Tuesday,1,18,True
100813,P109,Desk Organizer,2,2011-08-16 18:00:00,12.15,12543,France,False,False,False,24.3,24.3,0.0,100813,2011,2011-08,Tuesday,1,18,True
100813,P107,Photo Frame,7,2011-08-16 18:00:00,8.81,12543,United Kingdom,False,False,False,61.67,61.67,0.0,100813,2011,2011-08,Tuesday,1,18,True
100813,P105,Tote Bag,3,2011-08-16 18:00:00,6.63,12543,Netherlands,False,False,False,19.89,19.89,0.0,100813,2011,2011-08,Tuesday,1,18,True
100814,P101,Ceramic Mug,2,2011-01-18 14:00:00,6.66,12419,Germany,False,False,False,13.32,13.32,0.0,100814,2011,2011-01,Tuesday,1,14,True
100814,P104,Candle Set,1,2011-01-18 14:00:00,9.63,12419,India,False,False,False,9.63,9.63,0.0,100814,2011,2011-01,Tuesday,1,14,True
100814,P107,Photo Frame,5,2011-01-18 14:00:00,8.38,12419,Spain,False,False,False,41.900000000000006,41.900000000000006,0.0,100814,2011,2011-01,Tuesday,1,14,True
100814,P102,Notebook,3,2011-01-18 14:00:00,3.83,12419,Netherlands,False,False,False,11.49,11.49,0.0,100814,2011,2011-01,Tuesday,1,14,True
100815,P111,Serving Bowl,12,2011-06-03 14:00:00,16.62,12541,Spain,False,False,False,199.44,199.44,0.0,100815,2011,2011-06,Friday,4,14,True
100815,P107,Photo Frame,1,2011-06-03 14:00:00,8.97,12541,Netherlands,False,False,False,8.97,8.97,0.0,100815,2011,2011-06,Friday,4,14,True
100815,P108,Tea Set,5,2011-06-03 14:00:00,20.15,12541,India,False,False,False,100.75,100.75,0.0,100815,2011,2011-06,Friday,4,14,True
100815,P110,Gift Wrap,1,2011-06-03 14:00:00,2.4,12541,United Kingdom,False,False,False,2.4,2.4,0.0,100815,2011,2011-06,Friday,4,14,True
100816,P100,Gift Box,7,2011-01-22 16:00:00,4.78,12389,France,False,False,False,33.46,33.46,0.0,100816,2011,2011-01,Saturday,5,16,True
100817,P109,Desk Organizer,4,2011-02-11 17:00:00,12.01,12396,India,False,False,False,48.04,48.04,0.0,100817,2011,2011-02,Friday,4,17,True
100817,P105,Tote Bag,4,2011-02-11 17:00:00,6.3,12396,India,False,False,False,25.2,25.2,0.0,100817,2011,2011-02,Friday,4,17,True
100817,P104,Candle Set,2,2011-02-11 17:00:00,11.35,12396,Netherlands,False,False,False,22.7,22.7,0.0,100817,2011,2011-02,Friday,4,17,True
100817,P103,Wall Clock,2,2011-02-11 17:00:00,13.68,12396,Australia,False,False,False,27.36,27.36,0.0,100817,2011,2011-02,Friday,4,17,True
100818,P100,Gift Box,3,2011-05-27 14:00:00,4.46,12602,Australia,False,False,False,13.379999999999999,13.379999999999999,0.0,100818,2011,2011-05,Friday,4,14,True
100818,P103,Wall Clock,4,2011-05-27 14:00:00,14.19,12602,Germany,False,False,False,56.76,56.76,0.0,100818,2011,2011-05,Friday,4,14,True
100818,P108,Tea Set,2,2011-05-27 14:00:00,19.88,12602,Spain,False,False,False,39.76,39.76,0.0,100818,2011,2011-05,Friday,4,14,True
100819,P103,Wall Clock,2,2011-09-12 09:00:00,12.08,12245,Germany,False,False,False,24.16,24.16,0.0,100819,2011,2011-09,Monday,0,9,True
100819,P110,Gift Wrap,5,2011-09-12 09:00:00,2.55,12245,France,False,False,False,12.75,12.75,0.0,100819,2011,2011-09,Monday,0,9,True
100820,P111,Serving Bowl,4,2011-05-22 16:00:00,13.83,12549,Australia,False,False,False,55.32,55.32,0.0,100820,2011,2011-05,Sunday,6,16,True
100820,P107,Photo Frame,1,2011-05-22 16:00:00,7.98,12549,France,False,False,False,7.98,7.98,0.0,100820,2011,2011-05,Sunday,6,16,True
100821,P100,Gift Box,5,2011-03-03 14:00:00,4.43,12163,Germany,False,False,False,22.15,22.15,0.0,100821,2011,2011-03,Thursday,3,14,True
100821,P102,Notebook,3,2011-03-03 14:00:00,4.13,12163,United Kingdom,False,False,False,12.39,12.39,0.0,100821,2011,2011-03,Thursday,3,14,True
100821,P101,Ceramic Mug,12,2011-03-03 14:00:00,6.95,12163,France,False,False,False,83.4,83.4,0.0,100821,2011,2011-03,Thursday,3,14,True
100821,P107,Photo Frame,9,2011-03-03 14:00:00,7.66,12163,India,False,False,False,68.94,68.94,0.0,100821,2011,2011-03,Thursday,3,14,True
100822,P108,Tea Set,1,2010-12-12 08:00:00,17.58,12041,United Kingdom,False,False,False,17.58,17.58,0.0,100822,2010,2010-12,Sunday,6,8,True
100822,P102,Notebook,1,2010-12-12 08:00:00,3.52,12041,Spain,False,False,False,3.52,3.52,0.0,100822,2010,2010-12,Sunday,6,8,True
100822,P110,Gift Wrap,1,2010-12-12 08:00:00,2.49,12041,United Kingdom,False,False,False,2.49,2.49,0.0,100822,2010,2010-12,Sunday,6,8,True
100822,P106,Glass Jar,6,2010-12-12 08:00:00,5.35,12041,France,False,False,False,32.099999999999994,32.099999999999994,0.0,100822,2010,2010-12,Sunday,6,8,True
100823,P104,Candle Set,7,2011-02-23 15:00:00,9.09,12639,Germany,False,False,False,63.629999999999995,63.629999999999995,0.0,100823,2011,2011-02,Wednesday,2,15,True
100823,P107,Photo Frame,1,2011-02-23 15:00:00,7.92,12639,Netherlands,False,False,False,7.92,7.92,0.0,100823,2011,2011-02,Wednesday,2,15,True
100824,P102,Notebook,1,2011-04-11 19:00:00,4.04,12659,United Kingdom,False,False,False,4.04,4.04,0.0,100824,2011,2011-04,Monday,0,19,True
100825,P104,Candle Set,5,2011-03-26 14:00:00,9.73,12409,India,False,False,False,48.650000000000006,48.650000000000006,0.0,100825,2011,2011-03,Saturday,5,14,True
100825,P105,Tote Bag,8,2011-03-26 14:00:00,6.05,12409,India,False,False,False,48.4,48.4,0.0,100825,2011,2011-03,Saturday,5,14,True
100825,P109,Desk Organizer,1,2011-03-26 14:00:00,11.65,12409,India,False,False,False,11.65,11.65,0.0,100825,2011,2011-03,Saturday,5,14,True
100825,P100,Gift Box,4,2011-03-26 14:00:00,5.07,12409,United Kingdom,False,False,False,20.28,20.28,0.0,100825,2011,2011-03,Saturday,5,14,True
100826,P102,Notebook,7,2011-04-23 08:00:00,4.27,12424,United Kingdom,False,False,False,29.889999999999997,29.889999999999997,0.0,100826,2011,2011-04,Saturday,5,8,True
100826,P105,Tote Bag,3,2011-04-23 08:00:00,6.95,12424,United Kingdom,False,False,False,20.85,20.85,0.0,100826,2011,2011-04,Saturday,5,8,True
100826,P107,Photo Frame,9,2011-04-23 08:00:00,8.94,12424,Spain,False,False,False,80.46,80.46,0.0,100826,2011,2011-04,Saturday,5,8,True
100826,P104,Candle Set,1,2011-04-23 08:00:00,9.57,12424,Germany,False,False,False,9.57,9.57,0.0,100826,2011,2011-04,Saturday,5,8,True
100827,P108,Tea Set,1,2011-01-04 08:00:00,16.86,12007,Netherlands,False,False,False,16.86,16.86,0.0,100827,2011,2011-01,Tuesday,1,8,True
100828,P100,Gift Box,2,2011-09-29 15:00:00,5.01,12061,Germany,False,False,False,10.02,10.02,0.0,100828,2011,2011-09,Thursday,3,15,True
100828,P102,Notebook,3,2011-09-29 15:00:00,4.27,12061,Australia,False,False,False,12.809999999999999,12.809999999999999,0.0,100828,2011,2011-09,Thursday,3,15,True
100828,P105,Tote Bag,2,2011-09-29 15:00:00,6.46,12061,United Kingdom,False,False,False,12.92,12.92,0.0,100828,2011,2011-09,Thursday,3,15,True
100828,P111,Serving Bowl,1,2011-09-29 15:00:00,13.93,12061,Spain,False,False,False,13.93,13.93,0.0,100828,2011,2011-09,Thursday,3,15,True
100829,P110,Gift Wrap,4,2011-10-18 10:00:00,2.26,12196,Spain,False,False,False,9.04,9.04,0.0,100829,2011,2011-10,Tuesday,1,10,True
100829,P104,Candle Set,2,2011-10-18 10:00:00,10.09,12196,Australia,False,False,False,20.18,20.18,0.0,100829,2011,2011-10,Tuesday,1,10,True
100829,P107,Photo Frame,6,2011-10-18 10:00:00,7.43,12196,United Kingdom,False,False,False,44.58,44.58,0.0,100829,2011,2011-10,Tuesday,1,10,True
100830,P107,Photo Frame,4,2011-11-15 19:00:00,9.29,12520,India,False,False,False,37.16,37.16,0.0,100830,2011,2011-11,Tuesday,1,19,True
100830,P104,Candle Set,6,2011-11-15 19:00:00,10.9,12520,Australia,False,False,False,65.4,65.4,0.0,100830,2011,2011-11,Tuesday,1,19,True
100831,P111,Serving Bowl,2,2011-03-02 14:00:00,16.38,12000,Germany,False,False,False,32.76,32.76,0.0,100831,2011,2011-03,Wednesday,2,14,True
100831,P105,Tote Bag,1,2011-03-02 14:00:00,7.13,12000,Australia,False,False,False,7.13,7.13,0.0,100831,2011,2011-03,Wednesday,2,14,True
100831,P107,Photo Frame,6,2011-03-02 14:00:00,8.18,12000,Australia,False,False,False,49.08,49.08,0.0,100831,2011,2011-03,Wednesday,2,14,True
100831,P101,Ceramic Mug,2,2011-03-02 14:00:00,7.16,12000,India,False,False,False,14.32,14.32,0.0,100831,2011,2011-03,Wednesday,2,14,True
100832,P111,Serving Bowl,2,2011-01-08 15:00:00,16.53,12623,Netherlands,False,False,False,33.06,33.06,0.0,100832,2011,2011-01,Saturday,5,15,True
100832,P110,Gift Wrap,2,2011-01-08 15:00:00,2.29,12623,Australia,False,False,False,4.58,4.58,0.0,100832,2011,2011-01,Saturday,5,15,True
100833,P109,Desk Organizer,13,2011-12-01 19:00:00,11.43,12120,United Kingdom,False,False,False,148.59,148.59,0.0,100833,2011,2011-12,Thursday,3,19,True
100833,P105,Tote Bag,6,2011-12-01 19:00:00,6.15,12120,France,False,False,False,36.900000000000006,36.900000000000006,0.0,100833,2011,2011-12,Thursday,3,19,True
100833,P103,Wall Clock,1,2011-12-01 19:00:00,12.93,12120,Netherlands,False,False,False,12.93,12.93,0.0,100833,2011,2011-12,Thursday,3,19,True
100834,P104,Candle Set,4,2011-01-18 14:00:00,10.41,12242,Australia,False,False,False,41.64,41.64,0.0,100834,2011,2011-01,Tuesday,1,14,True
100834,P111,Serving Bowl,4,2011-01-18 14:00:00,13.85,12242,France,False,False,False,55.4,55.4,0.0,100834,2011,2011-01,Tuesday,1,14,True
100834,P106,Glass Jar,1,2011-01-18 14:00:00,5.32,12242,France,False,False,False,5.32,5.32,0.0,100834,2011,2011-01,Tuesday,1,14,True
100834,P107,Photo Frame,3,2011-01-18 14:00:00,8.84,12242,Australia,False,False,False,26.52,26.52,0.0,100834,2011,2011-01,Tuesday,1,14,True
100835,P102,Notebook,1,2011-02-21 13:00:00,4.22,12027,Spain,False,False,False,4.22,4.22,0.0,100835,2011,2011-02,Monday,0,13,True
100835,P110,Gift Wrap,1,2011-02-21 13:00:00,2.62,12027,India,False,False,False,2.62,2.62,0.0,100835,2011,2011-02,Monday,0,13,True
100835,P109,Desk Organizer,4,2011-02-21 13:00:00,10.01,12027,France,False,False,False,40.04,40.04,0.0,100835,2011,2011-02,Monday,0,13,True
100835,P104,Candle Set,3,2011-02-21 13:00:00,10.75,12027,Germany,False,False,False,32.25,32.25,0.0,100835,2011,2011-02,Monday,0,13,True
100836,P107,Photo Frame,11,2011-01-14 15:00:00,7.97,12518,France,False,False,False,87.67,87.67,0.0,100836,2011,2011-01,Friday,4,15,True
100836,P103,Wall Clock,7,2011-01-14 15:00:00,12.86,12518,Australia,False,False,False,90.02,90.02,0.0,100836,2011,2011-01,Friday,4,15,True
100836,P100,Gift Box,3,2011-01-14 15:00:00,4.53,12518,Germany,False,False,False,13.59,13.59,0.0,100836,2011,2011-01,Friday,4,15,True
100837,P107,Photo Frame,5,2011-08-09 19:00:00,9.3,12638,United Kingdom,False,False,False,46.5,46.5,0.0,100837,2011,2011-08,Tuesday,1,19,True
100837,P106,Glass Jar,3,2011-08-09 19:00:00,5.68,12638,Germany,False,False,False,17.04,17.04,0.0,100837,2011,2011-08,Tuesday,1,19,True
100837,P105,Tote Bag,1,2011-08-09 19:00:00,6.69,12638,France,False,False,False,6.69,6.69,0.0,100837,2011,2011-08,Tuesday,1,19,True
100837,P102,Notebook,4,2011-08-09 19:00:00,4.34,12638,France,False,False,False,17.36,17.36,0.0,100837,2011,2011-08,Tuesday,1,19,True
100838,P103,Wall Clock,13,2010-12-14 16:00:00,14.02,12077,Netherlands,False,False,False,182.26,182.26,0.0,100838,2010,2010-12,Tuesday,1,16,True
100839,P101,Ceramic Mug,1,2011-05-16 16:00:00,7.05,12107,Germany,False,False,False,7.05,7.05,0.0,100839,2011,2011-05,Monday,0,16,True
100839,P107,Photo Frame,1,2011-05-16 16:00:00,7.91,12107,Netherlands,False,False,False,7.91,7.91,0.0,100839,2011,2011-05,Monday,0,16,True
100840,P106,Glass Jar,2,2011-11-12 08:00:00,5.42,12019,United Kingdom,False,False,False,10.84,10.84,0.0,100840,2011,2011-11,Saturday,5,8,True
100840,P102,Notebook,3,2011-11-12 08:00:00,3.82,12019,Netherlands,False,False,False,11.459999999999999,11.459999999999999,0.0,100840,2011,2011-11,Saturday,5,8,True
100841,P101,Ceramic Mug,1,2011-04-23 12:00:00,7.05,12666,Australia,False,False,False,7.05,7.05,0.0,100841,2011,2011-04,Saturday,5,12,True
100842,P102,Notebook,3,2011-10-09 14:00:00,4.07,12019,Netherlands,False,False,False,12.21,12.21,0.0,100842,2011,2011-10,Sunday,6,14,True
100843,P111,Serving Bowl,2,2011-02-10 09:00:00,15.19,12426,Spain,False,False,False,30.38,30.38,0.0,100843,2011,2011-02,Thursday,3,9,True
100843,P109,Desk Organizer,2,2011-02-10 09:00:00,11.76,12426,Australia,False,False,False,23.52,23.52,0.0,100843,2011,2011-02,Thursday,3,9,True
100844,P108,Tea Set,10,2011-04-18 19:00:00,19.2,12010,France,False,False,False,192.0,192.0,0.0,100844,2011,2011-04,Monday,0,19,True
100844,P100,Gift Box,1,2011-04-18 19:00:00,4.24,12010,United Kingdom,False,False,False,4.24,4.24,0.0,100844,2011,2011-04,Monday,0,19,True
100844,P102,Notebook,8,2011-04-18 19:00:00,3.76,12010,Spain,False,False,False,30.08,30.08,0.0,100844,2011,2011-04,Monday,0,19,True
100844,P107,Photo Frame,3,2011-04-18 19:00:00,7.6,12010,Spain,False,False,False,22.799999999999997,22.799999999999997,0.0,100844,2011,2011-04,Monday,0,19,True
100845,P104,Candle Set,4,2011-05-07 09:00:00,11.14,12372,Germany,False,False,False,44.56,44.56,0.0,100845,2011,2011-05,Saturday,5,9,True
100845,P101,Ceramic Mug,1,2011-05-07 09:00:00,6.62,12372,United Kingdom,False,False,False,6.62,6.62,0.0,100845,2011,2011-05,Saturday,5,9,True
100846,P102,Notebook,2,2011-11-19 09:00:00,3.69,12074,India,False,False,False,7.38,7.38,0.0,100846,2011,2011-11,Saturday,5,9,True
100846,P100,Gift Box,6,2011-11-19 09:00:00,4.93,12074,United Kingdom,False,False,False,29.58,29.58,0.0,100846,2011,2011-11,Saturday,5,9,True
100847,P104,Candle Set,1,2011-11-10 14:00:00,9.26,12570,Germany,False,False,False,9.26,9.26,0.0,100847,2011,2011-11,Thursday,3,14,True
100847,P100,Gift Box,2,2011-11-10 14:00:00,4.1,12570,United Kingdom,False,False,False,8.2,8.2,0.0,100847,2011,2011-11,Thursday,3,14,True
100847,P103,Wall Clock,2,2011-11-10 14:00:00,11.71,12570,India,False,False,False,23.42,23.42,0.0,100847,2011,2011-11,Thursday,3,14,True
100847,P102,Notebook,17,2011-11-10 14:00:00,3.61,12570,India,False,False,False,61.37,61.37,0.0,100847,2011,2011-11,Thursday,3,14,True
100848,P101,Ceramic Mug,3,2010-12-14 10:00:00,7.97,12611,Spain,False,False,False,23.91,23.91,0.0,100848,2010,2010-12,Tuesday,1,10,True
100848,P103,Wall Clock,112,2010-12-14 10:00:00,13.52,12611,Australia,False,False,False,1514.24,1514.24,0.0,100848,2010,2010-12,Tuesday,1,10,True
100848,P104,Candle Set,2,2010-12-14 10:00:00,10.66,12611,Australia,False,False,False,21.32,21.32,0.0,100848,2010,2010-12,Tuesday,1,10,True
100848,P111,Serving Bowl,7,2010-12-14 10:00:00,14.89,12611,Spain,False,False,False,104.23,104.23,0.0,100848,2010,2010-12,Tuesday,1,10,True
100849,P111,Serving Bowl,5,2011-10-04 16:00:00,13.11,12159,France,False,False,False,65.55,65.55,0.0,100849,2011,2011-10,Tuesday,1,16,True
100850,P103,Wall Clock,2,2011-07-18 14:00:00,11.94,12572,Germany,False,False,False,23.88,23.88,0.0,100850,2011,2011-07,Monday,0,14,True
100851,P107,Photo Frame,3,2010-12-04 12:00:00,7.41,12092,United Kingdom,False,False,False,22.23,22.23,0.0,100851,2010,2010-12,Saturday,5,12,True
100851,P108,Tea Set,4,2010-12-04 12:00:00,19.51,12092,United Kingdom,False,False,False,78.04,78.04,0.0,100851,2010,2010-12,Saturday,5,12,True
100851,P101,Ceramic Mug,18,2010-12-04 12:00:00,6.8,12092,Germany,False,False,False,122.39999999999999,122.39999999999999,0.0,100851,2010,2010-12,Saturday,5,12,True
100852,P109,Desk Organizer,6,2011-01-13 08:00:00,10.76,12038,India,False,False,False,64.56,64.56,0.0,100852,2011,2011-01,Thursday,3,8,True
100852,P107,Photo Frame,7,2011-01-13 08:00:00,7.57,12038,Germany,False,False,False,52.99,52.99,0.0,100852,2011,2011-01,Thursday,3,8,True
100852,P111,Serving Bowl,3,2011-01-13 08:00:00,15.84,12038,Australia,False,False,False,47.519999999999996,47.519999999999996,0.0,100852,2011,2011-01,Thursday,3,8,True
100853,P105,Tote Bag,2,2011-04-17 15:00:00,6.95,12109,France,False,False,False,13.9,13.9,0.0,100853,2011,2011-04,Sunday,6,15,True
100853,P101,Ceramic Mug,1,2011-04-17 15:00:00,6.58,12109,Spain,False,False,False,6.58,6.58,0.0,100853,2011,2011-04,Sunday,6,15,True
100853,P107,Photo Frame,10,2011-04-17 15:00:00,8.59,12109,Australia,False,False,False,85.9,85.9,0.0,100853,2011,2011-04,Sunday,6,15,True
100853,P100,Gift Box,3,2011-04-17 15:00:00,4.2,12109,France,False,False,False,12.600000000000001,12.600000000000001,0.0,100853,2011,2011-04,Sunday,6,15,True
100854,P105,Tote Bag,1,2011-10-13 08:00:00,6.65,12505,France,False,False,False,6.65,6.65,0.0,100854,2011,2011-10,Thursday,3,8,True
100854,P103,Wall Clock,4,2011-10-13 08:00:00,13.69,12505,United Kingdom,False,False,False,54.76,54.76,0.0,100854,2011,2011-10,Thursday,3,8,True
100854,P107,Photo Frame,12,2011-10-13 08:00:00,8.35,12505,Spain,False,False,False,100.19999999999999,100.19999999999999,0.0,100854,2011,2011-10,Thursday,3,8,True
100855,P105,Tote Bag,5,2010-12-19 18:00:00,6.73,12053,United Kingdom,False,False,False,33.650000000000006,33.650000000000006,0.0,100855,2010,2010-12,Sunday,6,18,True
100855,P100,Gift Box,4,2010-12-19 18:00:00,4.2,12053,Australia,False,False,False,16.8,16.8,0.0,100855,2010,2010-12,Sunday,6,18,True
100856,P104,Candle Set,4,2011-06-26 10:00:00,11.28,12402,United Kingdom,False,False,False,45.12,45.12,0.0,100856,2011,2011-06,Sunday,6,10,True
100857,P107,Photo Frame,7,2011-04-08 08:00:00,8.62,12047,France,False,False,False,60.339999999999996,60.339999999999996,0.0,100857,2011,2011-04,Friday,4,8,True
100857,P101,Ceramic Mug,1,2011-04-08 08:00:00,6.99,12047,France,False,False,False,6.99,6.99,0.0,100857,2011,2011-04,Friday,4,8,True
100857,P106,Glass Jar,2,2011-04-08 08:00:00,5.55,12047,India,False,False,False,11.1,11.1,0.0,100857,2011,2011-04,Friday,4,8,True
100857,P103,Wall Clock,10,2011-04-08 08:00:00,11.76,12047,United Kingdom,False,False,False,117.6,117.6,0.0,100857,2011,2011-04,Friday,4,8,True
100858,P108,Tea Set,1,2011-11-30 13:00:00,18.45,12278,France,False,False,False,18.45,18.45,0.0,100858,2011,2011-11,Wednesday,2,13,True
100858,P110,Gift Wrap,4,2011-11-30 13:00:00,2.63,12278,Australia,False,False,False,10.52,10.52,0.0,100858,2011,2011-11,Wednesday,2,13,True
100858,P111,Serving Bowl,2,2011-11-30 13:00:00,16.22,12278,Netherlands,False,False,False,32.44,32.44,0.0,100858,2011,2011-11,Wednesday,2,13,True
100859,P100,Gift Box,3,2010-12-05 19:00:00,4.3,12053,France,False,False,False,12.899999999999999,12.899999999999999,0.0,100859,2010,2010-12,Sunday,6,19,True
100859,P107,Photo Frame,12,2010-12-05 19:00:00,8.8,12053,Spain,False,False,False,105.60000000000001,105.60000000000001,0.0,100859,2010,2010-12,Sunday,6,19,True
100860,P109,Desk Organizer,4,2011-03-02 13:00:00,11.8,12090,Australia,False,False,False,47.2,47.2,0.0,100860,2011,2011-03,Wednesday,2,13,True
100860,P106,Glass Jar,2,2011-03-02 13:00:00,6.27,12090,Australia,False,False,False,12.54,12.54,0.0,100860,2011,2011-03,Wednesday,2,13,True
100861,P104,Candle Set,4,2011-07-13 15:00:00,10.09,12659,India,False,False,False,40.36,40.36,0.0,100861,2011,2011-07,Wednesday,2,15,True
100861,P110,Gift Wrap,3,2011-07-13 15:00:00,2.53,12659,United Kingdom,False,False,False,7.59,7.59,0.0,100861,2011,2011-07,Wednesday,2,15,True
100862,P103,Wall Clock,4,2011-02-06 11:00:00,11.43,12076,Netherlands,False,False,False,45.72,45.72,0.0,100862,2011,2011-02,Sunday,6,11,True
100863,P100,Gift Box,2,2011-03-26 19:00:00,4.21,12159,India,False,False,False,8.42,8.42,0.0,100863,2011,2011-03,Saturday,5,19,True
100864,P103,Wall Clock,10,2011-05-21 18:00:00,14.01,12037,India,False,False,False,140.1,140.1,0.0,100864,2011,2011-05,Saturday,5,18,True
100864,P110,Gift Wrap,2,2011-05-21 18:00:00,2.71,12037,France,False,False,False,5.42,5.42,0.0,100864,2011,2011-05,Saturday,5,18,True
100864,P104,Candle Set,5,2011-05-21 18:00:00,10.92,12037,United Kingdom,False,False,False,54.6,54.6,0.0,100864,2011,2011-05,Saturday,5,18,True
100865,P102,Notebook,4,2011-08-29 13:00:00,3.99,12040,India,False,False,False,15.96,15.96,0.0,100865,2011,2011-08,Monday,0,13,True
100865,P111,Serving Bowl,3,2011-08-29 13:00:00,14.71,12040,Germany,False,False,False,44.13,44.13,0.0,100865,2011,2011-08,Monday,0,13,True
100865,P110,Gift Wrap,2,2011-08-29 13:00:00,2.31,12040,Germany,False,False,False,4.62,4.62,0.0,100865,2011,2011-08,Monday,0,13,True
100865,P101,Ceramic Mug,1,2011-08-29 13:00:00,7.01,12040,India,False,False,False,7.01,7.01,0.0,100865,2011,2011-08,Monday,0,13,True
100866,P106,Glass Jar,11,2011-05-03 13:00:00,5.15,12079,Germany,False,False,False,56.650000000000006,56.650000000000006,0.0,100866,2011,2011-05,Tuesday,1,13,True
100866,P104,Candle Set,4,2011-05-03 13:00:00,9.32,12079,Australia,False,False,False,37.28,37.28,0.0,100866,2011,2011-05,Tuesday,1,13,True
100866,P108,Tea Set,4,2011-05-03 13:00:00,18.07,12079,Germany,False,False,False,72.28,72.28,0.0,100866,2011,2011-05,Tuesday,1,13,True
100866,P109,Desk Organizer,1,2011-05-03 13:00:00,10.42,12079,Netherlands,False,False,False,10.42,10.42,0.0,100866,2011,2011-05,Tuesday,1,13,True
100867,P109,Desk Organizer,2,2011-02-12 08:00:00,11.96,12036,Netherlands,False,False,False,23.92,23.92,0.0,100867,2011,2011-02,Saturday,5,8,True
100868,P110,Gift Wrap,36,2011-09-11 17:00:00,2.58,12238,Netherlands,False,False,False,92.88,92.88,0.0,100868,2011,2011-09,Sunday,6,17,True
100868,P109,Desk Organizer,1,2011-09-11 17:00:00,10.1,12238,Netherlands,False,False,False,10.1,10.1,0.0,100868,2011,2011-09,Sunday,6,17,True
100868,P103,Wall Clock,3,2011-09-11 17:00:00,13.5,12238,Australia,False,False,False,40.5,40.5,0.0,100868,2011,2011-09,Sunday,6,17,True
100868,P108,Tea Set,2,2011-09-11 17:00:00,18.63,12238,France,False,False,False,37.26,37.26,0.0,100868,2011,2011-09,Sunday,6,17,True
100869,P103,Wall Clock,1,2011-04-04 11:00:00,11.33,12056,United Kingdom,False,False,False,11.33,11.33,0.0,100869,2011,2011-04,Monday,0,11,True
100869,P108,Tea Set,2,2011-04-04 11:00:00,19.31,12056,France,False,False,False,38.62,38.62,0.0,100869,2011,2011-04,Monday,0,11,True
100869,P111,Serving Bowl,1,2011-04-04 11:00:00,14.38,12056,France,False,False,False,14.38,14.38,0.0,100869,2011,2011-04,Monday,0,11,True
100869,P107,Photo Frame,2,2011-04-04 11:00:00,7.42,12056,Spain,False,False,False,14.84,14.84,0.0,100869,2011,2011-04,Monday,0,11,True
100870,P106,Glass Jar,2,2011-02-21 08:00:00,5.96,12012,Netherlands,False,False,False,11.92,11.92,0.0,100870,2011,2011-02,Monday,0,8,True
100870,P105,Tote Bag,2,2011-02-21 08:00:00,7.18,12012,Germany,False,False,False,14.36,14.36,0.0,100870,2011,2011-02,Monday,0,8,True
100870,P100,Gift Box,4,2011-02-21 08:00:00,4.09,12012,Spain,False,False,False,16.36,16.36,0.0,100870,2011,2011-02,Monday,0,8,True
100870,P101,Ceramic Mug,5,2011-02-21 08:00:00,6.52,12012,Spain,False,False,False,32.599999999999994,32.599999999999994,0.0,100870,2011,2011-02,Monday,0,8,True
100871,P110,Gift Wrap,1,2011-01-26 16:00:00,2.47,12565,India,False,False,False,2.47,2.47,0.0,100871,2011,2011-01,Wednesday,2,16,True
100871,P106,Glass Jar,8,2011-01-26 16:00:00,5.27,12565,India,False,False,False,42.16,42.16,0.0,100871,2011,2011-01,Wednesday,2,16,True
100871,P107,Photo Frame,4,2011-01-26 16:00:00,7.44,12565,Spain,False,False,False,29.76,29.76,0.0,100871,2011,2011-01,Wednesday,2,16,True
100871,P108,Tea Set,4,2011-01-26 16:00:00,17.83,12565,Australia,False,False,False,71.32,71.32,0.0,100871,2011,2011-01,Wednesday,2,16,True
100872,P104,Candle Set,1,2010-12-06 11:00:00,11.1,12688,France,False,False,False,11.1,11.1,0.0,100872,2010,2010-12,Monday,0,11,True
100872,P109,Desk Organizer,2,2010-12-06 11:00:00,9.91,12688,Australia,False,False,False,19.82,19.82,0.0,100872,2010,2010-12,Monday,0,11,True
100872,P110,Gift Wrap,4,2010-12-06 11:00:00,2.76,12688,Australia,False,False,False,11.04,11.04,0.0,100872,2010,2010-12,Monday,0,11,True
100873,P103,Wall Clock,4,2011-02-01 09:00:00,12.51,12309,Netherlands,False,False,False,50.04,50.04,0.0,100873,2011,2011-02,Tuesday,1,9,True
100873,P102,Notebook,1,2011-02-01 09:00:00,4.27,12309,India,False,False,False,4.27,4.27,0.0,100873,2011,2011-02,Tuesday,1,9,True
100873,P106,Glass Jar,8,2011-02-01 09:00:00,5.94,12309,Australia,False,False,False,47.52,47.52,0.0,100873,2011,2011-02,Tuesday,1,9,True
100873,P105,Tote Bag,7,2011-02-01 09:00:00,5.93,12309,Spain,False,False,False,41.51,41.51,0.0,100873,2011,2011-02,Tuesday,1,9,True
100874,P101,Ceramic Mug,1,2011-09-21 16:00:00,6.78,12013,Netherlands,False,False,False,6.78,6.78,0.0,100874,2011,2011-09,Wednesday,2,16,True
100875,P105,Tote Bag,6,2011-09-19 18:00:00,6.41,12518,Germany,False,False,False,38.46,38.46,0.0,100875,2011,2011-09,Monday,0,18,True
100875,P100,Gift Box,2,2011-09-19 18:00:00,4.2,12518,India,False,False,False,8.4,8.4,0.0,100875,2011,2011-09,Monday,0,18,True
100875,P111,Serving Bowl,2,2011-09-19 18:00:00,15.6,12518,Australia,False,False,False,31.2,31.2,0.0,100875,2011,2011-09,Monday,0,18,True
100875,P103,Wall Clock,4,2011-09-19 18:00:00,14.25,12518,United Kingdom,False,False,False,57.0,57.0,0.0,100875,2011,2011-09,Monday,0,18,True
100876,P111,Serving Bowl,1,2011-08-24 11:00:00,15.71,12317,United Kingdom,False,False,False,15.71,15.71,0.0,100876,2011,2011-08,Wednesday,2,11,True
100876,P101,Ceramic Mug,6,2011-08-24 11:00:00,7.98,12317,United Kingdom,False,False,False,47.88,47.88,0.0,100876,2011,2011-08,Wednesday,2,11,True
100876,P107,Photo Frame,1,2011-08-24 11:00:00,9.03,12317,Australia,False,False,False,9.03,9.03,0.0,100876,2011,2011-08,Wednesday,2,11,True
100876,P105,Tote Bag,2,2011-08-24 11:00:00,6.21,12317,India,False,False,False,12.42,12.42,0.0,100876,2011,2011-08,Wednesday,2,11,True
100877,P110,Gift Wrap,3,2011-08-03 11:00:00,2.74,12281,Germany,False,False,False,8.22,8.22,0.0,100877,2011,2011-08,Wednesday,2,11,True
100877,P109,Desk Organizer,2,2011-08-03 11:00:00,10.21,12281,Spain,False,False,False,20.42,20.42,0.0,100877,2011,2011-08,Wednesday,2,11,True
100878,P103,Wall Clock,5,2011-02-16 10:00:00,12.11,12157,Australia,False,False,False,60.55,60.55,0.0,100878,2011,2011-02,Wednesday,2,10,True
100879,P101,Ceramic Mug,3,2011-04-06 13:00:00,8.27,12117,Netherlands,False,False,False,24.81,24.81,0.0,100879,2011,2011-04,Wednesday,2,13,True
100879,P108,Tea Set,8,2011-04-06 13:00:00,17.97,12117,United Kingdom,False,False,False,143.76,143.76,0.0,100879,2011,2011-04,Wednesday,2,13,True
100879,P107,Photo Frame,34,2011-04-06 13:00:00,8.45,12117,India,False,False,False,287.29999999999995,287.29999999999995,0.0,100879,2011,2011-04,Wednesday,2,13,True
100880,P110,Gift Wrap,2,2011-10-05 17:00:00,2.25,12054,Australia,False,False,False,4.5,4.5,0.0,100880,2011,2011-10,Wednesday,2,17,True
100881,P103,Wall Clock,2,2011-03-17 18:00:00,14.31,12056,Spain,False,False,False,28.62,28.62,0.0,100881,2011,2011-03,Thursday,3,18,True
100881,P104,Candle Set,2,2011-03-17 18:00:00,10.59,12056,India,False,False,False,21.18,21.18,0.0,100881,2011,2011-03,Thursday,3,18,True
100881,P107,Photo Frame,1,2011-03-17 18:00:00,8.38,12056,France,False,False,False,8.38,8.38,0.0,100881,2011,2011-03,Thursday,3,18,True
100881,P105,Tote Bag,3,2011-03-17 18:00:00,7.0,12056,United Kingdom,False,False,False,21.0,21.0,0.0,100881,2011,2011-03,Thursday,3,18,True
100882,P101,Ceramic Mug,2,2011-11-03 12:00:00,7.53,12672,Netherlands,False,False,False,15.06,15.06,0.0,100882,2011,2011-11,Thursday,3,12,True
100882,P105,Tote Bag,10,2011-11-03 12:00:00,7.21,12672,Netherlands,False,False,False,72.1,72.1,0.0,100882,2011,2011-11,Thursday,3,12,True
100882,P100,Gift Box,4,2011-11-03 12:00:00,4.68,12672,Germany,False,False,False,18.72,18.72,0.0,100882,2011,2011-11,Thursday,3,12,True
100883,P111,Serving Bowl,2,2011-02-13 15:00:00,14.14,12050,Australia,False,False,False,28.28,28.28,0.0,100883,2011,2011-02,Sunday,6,15,True
100883,P107,Photo Frame,4,2011-02-13 15:00:00,8.82,12050,Germany,False,False,False,35.28,35.28,0.0,100883,2011,2011-02,Sunday,6,15,True
100883,P105,Tote Bag,3,2011-02-13 15:00:00,6.94,12050,France,False,False,False,20.82,20.82,0.0,100883,2011,2011-02,Sunday,6,15,True
100883,P103,Wall Clock,3,2011-02-13 15:00:00,13.68,12050,France,False,False,False,41.04,41.04,0.0,100883,2011,2011-02,Sunday,6,15,True
100884,P103,Wall Clock,3,2011-06-06 10:00:00,12.51,12001,Australia,False,False,False,37.53,37.53,0.0,100884,2011,2011-06,Monday,0,10,True
100884,P101,Ceramic Mug,1,2011-06-06 10:00:00,8.0,12001,France,False,False,False,8.0,8.0,0.0,100884,2011,2011-06,Monday,0,10,True
100885,P102,Notebook,5,2011-11-22 10:00:00,4.13,12551,United Kingdom,False,False,False,20.65,20.65,0.0,100885,2011,2011-11,Tuesday,1,10,True
100885,P103,Wall Clock,4,2011-11-22 10:00:00,13.89,12551,United Kingdom,False,False,False,55.56,55.56,0.0,100885,2011,2011-11,Tuesday,1,10,True
100886,P109,Desk Organizer,4,2011-10-29 14:00:00,10.47,12448,Australia,False,False,False,41.88,41.88,0.0,100886,2011,2011-10,Saturday,5,14,True
100886,P103,Wall Clock,8,2011-10-29 14:00:00,12.88,12448,France,False,False,False,103.04,103.04,0.0,100886,2011,2011-10,Saturday,5,14,True
100887,P100,Gift Box,1,2011-04-09 13:00:00,5.03,12018,Spain,False,False,False,5.03,5.03,0.0,100887,2011,2011-04,Saturday,5,13,True
100887,P110,Gift Wrap,1,2011-04-09 13:00:00,2.75,12018,Germany,False,False,False,2.75,2.75,0.0,100887,2011,2011-04,Saturday,5,13,True
100887,P106,Glass Jar,1,2011-04-09 13:00:00,5.76,12018,United Kingdom,False,False,False,5.76,5.76,0.0,100887,2011,2011-04,Saturday,5,13,True
100887,P105,Tote Bag,2,2011-04-09 13:00:00,6.59,12018,Germany,False,False,False,13.18,13.18,0.0,100887,2011,2011-04,Saturday,5,13,True
100888,P102,Notebook,7,2011-05-25 16:00:00,4.34,12410,France,False,False,False,30.38,30.38,0.0,100888,2011,2011-05,Wednesday,2,16,True
100889,P101,Ceramic Mug,1,2011-01-13 18:00:00,8.27,12546,Netherlands,False,False,False,8.27,8.27,0.0,100889,2011,2011-01,Thursday,3,18,True
100889,P100,Gift Box,2,2011-01-13 18:00:00,5.07,12546,Australia,False,False,False,10.14,10.14,0.0,100889,2011,2011-01,Thursday,3,18,True
100889,P108,Tea Set,4,2011-01-13 18:00:00,19.62,12546,Germany,False,False,False,78.48,78.48,0.0,100889,2011,2011-01,Thursday,3,18,True
100889,P109,Desk Organizer,26,2011-01-13 18:00:00,11.61,12546,Australia,False,False,False,301.86,301.86,0.0,100889,2011,2011-01,Thursday,3,18,True
100890,P111,Serving Bowl,7,2011-06-28 17:00:00,14.77,12388,Germany,False,False,False,103.39,103.39,0.0,100890,2011,2011-06,Tuesday,1,17,True
100890,P103,Wall Clock,4,2011-06-28 17:00:00,14.17,12388,France,False,False,False,56.68,56.68,0.0,100890,2011,2011-06,Tuesday,1,17,True
100890,P110,Gift Wrap,7,2011-06-28 17:00:00,2.17,12388,India,False,False,False,15.19,15.19,0.0,100890,2011,2011-06,Tuesday,1,17,True
100891,P106,Glass Jar,4,2011-08-29 12:00:00,5.26,12052,France,False,False,False,21.04,21.04,0.0,100891,2011,2011-08,Monday,0,12,True
100892,P104,Candle Set,5,2010-12-10 16:00:00,10.34,12000,Australia,False,False,False,51.7,51.7,0.0,100892,2010,2010-12,Friday,4,16,True
100892,P107,Photo Frame,2,2010-12-10 16:00:00,7.4,12000,India,False,False,False,14.8,14.8,0.0,100892,2010,2010-12,Friday,4,16,True
100893,P101,Ceramic Mug,6,2011-07-22 08:00:00,7.81,12075,Netherlands,False,False,False,46.86,46.86,0.0,100893,2011,2011-07,Friday,4,8,True
100893,P104,Candle Set,7,2011-07-22 08:00:00,9.32,12075,France,False,False,False,65.24000000000001,65.24000000000001,0.0,100893,2011,2011-07,Friday,4,8,True
100893,P109,Desk Organizer,3,2011-07-22 08:00:00,11.83,12075,Germany,False,False,False,35.49,35.49,0.0,100893,2011,2011-07,Friday,4,8,True
100893,P108,Tea Set,9,2011-07-22 08:00:00,19.23,12075,Netherlands,False,False,False,173.07,173.07,0.0,100893,2011,2011-07,Friday,4,8,True
100894,P109,Desk Organizer,10,2011-07-14 16:00:00,12.47,12247,Spain,False,False,False,124.7,124.7,0.0,100894,2011,2011-07,Thursday,3,16,True
100895,P102,Notebook,1,2010-12-02 13:00:00,3.73,12698,United Kingdom,False,False,False,3.73,3.73,0.0,100895,2010,2010-12,Thursday,3,13,True
100895,P111,Serving Bowl,2,2010-12-02 13:00:00,14.09,12698,Spain,False,False,False,28.18,28.18,0.0,100895,2010,2010-12,Thursday,3,13,True
100895,P107,Photo Frame,1,2010-12-02 13:00:00,7.89,12698,Netherlands,False,False,False,7.89,7.89,0.0,100895,2010,2010-12,Thursday,3,13,True
100895,P106,Glass Jar,3,2010-12-02 13:00:00,5.75,12698,India,False,False,False,17.25,17.25,0.0,100895,2010,2010-12,Thursday,3,13,True
100896,P108,Tea Set,3,2011-05-27 11:00:00,20.31,12174,United Kingdom,False,False,False,60.92999999999999,60.92999999999999,0.0,100896,2011,2011-05,Friday,4,11,True
100896,P109,Desk Organizer,3,2011-05-27 11:00:00,11.15,12174,Australia,False,False,False,33.45,33.45,0.0,100896,2011,2011-05,Friday,4,11,True
100896,P106,Glass Jar,22,2011-05-27 11:00:00,5.66,12174,United Kingdom,False,False,False,124.52000000000001,124.52000000000001,0.0,100896,2011,2011-05,Friday,4,11,True
100897,P103,Wall Clock,1,2011-02-04 18:00:00,12.0,12013,United Kingdom,False,False,False,12.0,12.0,0.0,100897,2011,2011-02,Friday,4,18,True
100898,P106,Glass Jar,1,2011-09-22 10:00:00,6.32,12075,India,False,False,False,6.32,6.32,0.0,100898,2011,2011-09,Thursday,3,10,True
100898,P104,Candle Set,7,2011-09-22 10:00:00,10.34,12075,Spain,False,False,False,72.38,72.38,0.0,100898,2011,2011-09,Thursday,3,10,True
100899,P102,Notebook,198,2011-09-01 17:00:00,3.78,12090,France,False,False,False,748.4399999999999,748.4399999999999,0.0,100899,2011,2011-09,Thursday,3,17,True
100899,P108,Tea Set,1,2011-09-01 17:00:00,16.42,12090,Netherlands,False,False,False,16.42,16.42,0.0,100899,2011,2011-09,Thursday,3,17,True
100899,P111,Serving Bowl,2,2011-09-01 17:00:00,15.2,12090,Netherlands,False,False,False,30.4,30.4,0.0,100899,2011,2011-09,Thursday,3,17,True
100899,P101,Ceramic Mug,5,2011-09-01 17:00:00,7.2,12090,Spain,False,False,False,36.0,36.0,0.0,100899,2011,2011-09,Thursday,3,17,True
100900,P100,Gift Box,4,2011-11-27 10:00:00,4.23,12025,Netherlands,False,False,False,16.92,16.92,0.0,100900,2011,2011-11,Sunday,6,10,True
100900,P102,Notebook,1,2011-11-27 10:00:00,3.78,12025,Spain,False,False,False,3.78,3.78,0.0,100900,2011,2011-11,Sunday,6,10,True
100900,P105,Tote Bag,8,2011-11-27 10:00:00,6.59,12025,Australia,False,False,False,52.72,52.72,0.0,100900,2011,2011-11,Sunday,6,10,True
100900,P101,Ceramic Mug,2,2011-11-27 10:00:00,7.77,12025,United Kingdom,False,False,False,15.54,15.54,0.0,100900,2011,2011-11,Sunday,6,10,True
100901,P107,Photo Frame,7,2011-07-17 08:00:00,7.93,12524,Australia,False,False,False,55.51,55.51,0.0,100901,2011,2011-07,Sunday,6,8,True
100901,P100,Gift Box,1,2011-07-17 08:00:00,4.94,12524,Netherlands,False,False,False,4.94,4.94,0.0,100901,2011,2011-07,Sunday,6,8,True
100902,P107,Photo Frame,4,2011-08-05 14:00:00,7.77,12684,Netherlands,False,False,False,31.08,31.08,0.0,100902,2011,2011-08,Friday,4,14,True
100902,P108,Tea Set,1,2011-08-05 14:00:00,19.57,12684,France,False,False,False,19.57,19.57,0.0,100902,2011,2011-08,Friday,4,14,True
100903,P102,Notebook,3,2011-08-23 12:00:00,4.37,12543,Australia,False,False,False,13.11,13.11,0.0,100903,2011,2011-08,Tuesday,1,12,True
100903,P106,Glass Jar,1,2011-08-23 12:00:00,5.69,12543,Netherlands,False,False,False,5.69,5.69,0.0,100903,2011,2011-08,Tuesday,1,12,True
100903,P101,Ceramic Mug,15,2011-08-23 12:00:00,6.81,12543,France,False,False,False,102.14999999999999,102.14999999999999,0.0,100903,2011,2011-08,Tuesday,1,12,True
100903,P105,Tote Bag,3,2011-08-23 12:00:00,6.55,12543,Netherlands,False,False,False,19.65,19.65,0.0,100903,2011,2011-08,Tuesday,1,12,True
100904,P100,Gift Box,2,2011-06-12 17:00:00,4.19,12171,Spain,False,False,False,8.38,8.38,0.0,100904,2011,2011-06,Sunday,6,17,True
100904,P108,Tea Set,3,2011-06-12 17:00:00,18.4,12171,Germany,False,False,False,55.199999999999996,55.199999999999996,0.0,100904,2011,2011-06,Sunday,6,17,True
100904,P103,Wall Clock,3,2011-06-12 17:00:00,12.04,12171,United Kingdom,False,False,False,36.12,36.12,0.0,100904,2011,2011-06,Sunday,6,17,True
100904,P104,Candle Set,1,2011-06-12 17:00:00,9.64,12171,Australia,False,False,False,9.64,9.64,0.0,100904,2011,2011-06,Sunday,6,17,True
100905,P102,Notebook,1,2011-06-10 17:00:00,3.87,12078,India,False,False,False,3.87,3.87,0.0,100905,2011,2011-06,Friday,4,17,True
100905,P107,Photo Frame,3,2011-06-10 17:00:00,8.44,12078,United Kingdom,False,False,False,25.32,25.32,0.0,100905,2011,2011-06,Friday,4,17,True
100905,P111,Serving Bowl,11,2011-06-10 17:00:00,13.7,12078,United Kingdom,False,False,False,150.7,150.7,0.0,100905,2011,2011-06,Friday,4,17,True
100905,P106,Glass Jar,4,2011-06-10 17:00:00,5.21,12078,Netherlands,False,False,False,20.84,20.84,0.0,100905,2011,2011-06,Friday,4,17,True
100906,P110,Gift Wrap,4,2011-11-13 17:00:00,2.4,12386,United Kingdom,False,False,False,9.6,9.6,0.0,100906,2011,2011-11,Sunday,6,17,True
100906,P106,Glass Jar,13,2011-11-13 17:00:00,5.66,12386,Netherlands,False,False,False,73.58,73.58,0.0,100906,2011,2011-11,Sunday,6,17,True
100906,P102,Notebook,2,2011-11-13 17:00:00,3.59,12386,Germany,False,False,False,7.18,7.18,0.0,100906,2011,2011-11,Sunday,6,17,True
100906,P105,Tote Bag,3,2011-11-13 17:00:00,7.33,12386,India,False,False,False,21.990000000000002,21.990000000000002,0.0,100906,2011,2011-11,Sunday,6,17,True
100907,P110,Gift Wrap,8,2011-09-09 16:00:00,2.71,12189,Germany,False,False,False,21.68,21.68,0.0,100907,2011,2011-09,Friday,4,16,True
100907,P100,Gift Box,7,2011-09-09 16:00:00,4.36,12189,Germany,False,False,False,30.520000000000003,30.520000000000003,0.0,100907,2011,2011-09,Friday,4,16,True
100907,P102,Notebook,6,2011-09-09 16:00:00,4.04,12189,France,False,False,False,24.240000000000002,24.240000000000002,0.0,100907,2011,2011-09,Friday,4,16,True
100907,P108,Tea Set,1,2011-09-09 16:00:00,18.35,12189,France,False,False,False,18.35,18.35,0.0,100907,2011,2011-09,Friday,4,16,True
100908,P104,Candle Set,3,2011-04-07 15:00:00,9.7,12240,Netherlands,False,False,False,29.099999999999998,29.099999999999998,0.0,100908,2011,2011-04,Thursday,3,15,True
100909,P105,Tote Bag,2,2011-05-24 14:00:00,7.16,12575,France,False,False,False,14.32,14.32,0.0,100909,2011,2011-05,Tuesday,1,14,True
100909,P108,Tea Set,2,2011-05-24 14:00:00,19.36,12575,Australia,False,False,False,38.72,38.72,0.0,100909,2011,2011-05,Tuesday,1,14,True
100910,P105,Tote Bag,2,2011-09-03 12:00:00,6.56,12328,Australia,False,False,False,13.12,13.12,0.0,100910,2011,2011-09,Saturday,5,12,True
100910,P108,Tea Set,1,2011-09-03 12:00:00,20.29,12328,Australia,False,False,False,20.29,20.29,0.0,100910,2011,2011-09,Saturday,5,12,True
100910,P106,Glass Jar,3,2011-09-03 12:00:00,5.11,12328,India,False,False,False,15.330000000000002,15.330000000000002,0.0,100910,2011,2011-09,Saturday,5,12,True
100911,P105,Tote Bag,9,2011-08-30 12:00:00,7.0,12418,Australia,False,False,False,63.0,63.0,0.0,100911,2011,2011-08,Tuesday,1,12,True
100911,P103,Wall Clock,2,2011-08-30 12:00:00,11.38,12418,India,False,False,False,22.76,22.76,0.0,100911,2011,2011-08,Tuesday,1,12,True
100911,P101,Ceramic Mug,1,2011-08-30 12:00:00,8.26,12418,France,False,False,False,8.26,8.26,0.0,100911,2011,2011-08,Tuesday,1,12,True
100911,P102,Notebook,3,2011-08-30 12:00:00,4.28,12418,United Kingdom,False,False,False,12.84,12.84,0.0,100911,2011,2011-08,Tuesday,1,12,True
100912,P109,Desk Organizer,3,2011-10-21 08:00:00,11.59,12076,Netherlands,False,False,False,34.769999999999996,34.769999999999996,0.0,100912,2011,2011-10,Friday,4,8,True
100912,P108,Tea Set,3,2011-10-21 08:00:00,17.52,12076,United Kingdom,False,False,False,52.56,52.56,0.0,100912,2011,2011-10,Friday,4,8,True
100912,P102,Notebook,27,2011-10-21 08:00:00,3.79,12076,Germany,False,False,False,102.33,102.33,0.0,100912,2011,2011-10,Friday,4,8,True
100913,P108,Tea Set,2,2011-01-20 18:00:00,18.9,12027,United Kingdom,False,False,False,37.8,37.8,0.0,100913,2011,2011-01,Thursday,3,18,True
100913,P106,Glass Jar,2,2011-01-20 18:00:00,5.09,12027,Netherlands,False,False,False,10.18,10.18,0.0,100913,2011,2011-01,Thursday,3,18,True
100914,P101,Ceramic Mug,3,2010-12-02 08:00:00,7.17,12071,Germany,False,False,False,21.509999999999998,21.509999999999998,0.0,100914,2010,2010-12,Thursday,3,8,True
100914,P108,Tea Set,3,2010-12-02 08:00:00,17.96,12071,Spain,False,False,False,53.88,53.88,0.0,100914,2010,2010-12,Thursday,3,8,True
100914,P104,Candle Set,3,2010-12-02 08:00:00,11.38,12071,United Kingdom,False,False,False,34.14,34.14,0.0,100914,2010,2010-12,Thursday,3,8,True
100914,P110,Gift Wrap,6,2010-12-02 08:00:00,2.21,12071,Spain,False,False,False,13.26,13.26,0.0,100914,2010,2010-12,Thursday,3,8,True
100915,P102,Notebook,8,2010-12-12 14:00:00,4.25,12579,United Kingdom,False,False,False,34.0,34.0,0.0,100915,2010,2010-12,Sunday,6,14,True
100916,P100,Gift Box,1,2011-06-11 13:00:00,4.49,12211,Netherlands,False,False,False,4.49,4.49,0.0,100916,2011,2011-06,Saturday,5,13,True
100916,P107,Photo Frame,6,2011-06-11 13:00:00,8.96,12211,Australia,False,False,False,53.760000000000005,53.760000000000005,0.0,100916,2011,2011-06,Saturday,5,13,True
100916,P109,Desk Organizer,2,2011-06-11 13:00:00,12.37,12211,United Kingdom,False,False,False,24.74,24.74,0.0,100916,2011,2011-06,Saturday,5,13,True
100916,P108,Tea Set,4,2011-06-11 13:00:00,19.38,12211,Netherlands,False,False,False,77.52,77.52,0.0,100916,2011,2011-06,Saturday,5,13,True
100917,P101,Ceramic Mug,3,2011-01-08 08:00:00,7.77,12554,India,False,False,False,23.31,23.31,0.0,100917,2011,2011-01,Saturday,5,8,True
100917,P105,Tote Bag,7,2011-01-08 08:00:00,6.61,12554,Spain,False,False,False,46.27,46.27,0.0,100917,2011,2011-01,Saturday,5,8,True
100917,P111,Serving Bowl,3,2011-01-08 08:00:00,14.93,12554,Australia,False,False,False,44.79,44.79,0.0,100917,2011,2011-01,Saturday,5,8,True
100918,P106,Glass Jar,8,2010-12-22 11:00:00,6.17,12551,Spain,False,False,False,49.36,49.36,0.0,100918,2010,2010-12,Wednesday,2,11,True
100918,P102,Notebook,3,2010-12-22 11:00:00,4.19,12551,Germany,False,False,False,12.57,12.57,0.0,100918,2010,2010-12,Wednesday,2,11,True
100919,P110,Gift Wrap,5,2010-12-03 15:00:00,2.23,12634,France,False,False,False,11.15,11.15,0.0,100919,2010,2010-12,Friday,4,15,True
100919,P104,Candle Set,2,2010-12-03 15:00:00,9.86,12634,Netherlands,False,False,False,19.72,19.72,0.0,100919,2010,2010-12,Friday,4,15,True
100919,P106,Glass Jar,1,2010-12-03 15:00:00,5.15,12634,Netherlands,False,False,False,5.15,5.15,0.0,100919,2010,2010-12,Friday,4,15,True
100920,P102,Notebook,4,2011-03-05 15:00:00,3.81,12264,Australia,False,False,False,15.24,15.24,0.0,100920,2011,2011-03,Saturday,5,15,True
100920,P105,Tote Bag,20,2011-03-05 15:00:00,6.09,12264,Spain,False,False,False,121.8,121.8,0.0,100920,2011,2011-03,Saturday,5,15,True
100920,P109,Desk Organizer,2,2011-03-05 15:00:00,12.28,12264,Spain,False,False,False,24.56,24.56,0.0,100920,2011,2011-03,Saturday,5,15,True
100920,P108,Tea Set,1,2011-03-05 15:00:00,18.13,12264,France,False,False,False,18.13,18.13,0.0,100920,2011,2011-03,Saturday,5,15,True
100921,P104,Candle Set,5,2011-04-06 17:00:00,9.46,12686,Netherlands,False,False,False,47.300000000000004,47.300000000000004,0.0,100921,2011,2011-04,Wednesday,2,17,True
100921,P103,Wall Clock,3,2011-04-06 17:00:00,13.99,12686,Netherlands,False,False,False,41.97,41.97,0.0,100921,2011,2011-04,Wednesday,2,17,True
100921,P107,Photo Frame,3,2011-04-06 17:00:00,7.73,12686,Netherlands,False,False,False,23.19,23.19,0.0,100921,2011,2011-04,Wednesday,2,17,True
100922,P111,Serving Bowl,3,2011-03-26 19:00:00,13.86,12017,India,False,False,False,41.58,41.58,0.0,100922,2011,2011-03,Saturday,5,19,True
100922,P103,Wall Clock,2,2011-03-26 19:00:00,13.0,12017,France,False,False,False,26.0,26.0,0.0,100922,2011,2011-03,Saturday,5,19,True
100922,P107,Photo Frame,2,2011-03-26 19:00:00,8.46,12017,Netherlands,False,False,False,16.92,16.92,0.0,100922,2011,2011-03,Saturday,5,19,True
100922,P108,Tea Set,5,2011-03-26 19:00:00,19.62,12017,Germany,False,False,False,98.10000000000001,98.10000000000001,0.0,100922,2011,2011-03,Saturday,5,19,True
100923,P109,Desk Organizer,3,2011-02-19 08:00:00,12.0,12005,Netherlands,False,False,False,36.0,36.0,0.0,100923,2011,2011-02,Saturday,5,8,True
100923,P111,Serving Bowl,1,2011-02-19 08:00:00,13.78,12005,Germany,False,False,False,13.78,13.78,0.0,100923,2011,2011-02,Saturday,5,8,True
100924,P106,Glass Jar,2,2011-10-18 09:00:00,5.15,12438,Spain,False,False,False,10.3,10.3,0.0,100924,2011,2011-10,Tuesday,1,9,True
100925,P111,Serving Bowl,6,2011-10-18 19:00:00,15.46,12041,Spain,False,False,False,92.76,92.76,0.0,100925,2011,2011-10,Tuesday,1,19,True
100925,P101,Ceramic Mug,4,2011-10-18 19:00:00,6.55,12041,Australia,False,False,False,26.2,26.2,0.0,100925,2011,2011-10,Tuesday,1,19,True
100926,P107,Photo Frame,1,2011-11-17 14:00:00,9.31,12659,United Kingdom,False,False,False,9.31,9.31,0.0,100926,2011,2011-11,Thursday,3,14,True
100926,P106,Glass Jar,1,2011-11-17 14:00:00,5.94,12659,France,False,False,False,5.94,5.94,0.0,100926,2011,2011-11,Thursday,3,14,True
100927,P104,Candle Set,1,2011-02-20 09:00:00,9.29,12351,India,False,False,False,9.29,9.29,0.0,100927,2011,2011-02,Sunday,6,9,True
100927,P108,Tea Set,1,2011-02-20 09:00:00,18.22,12351,Spain,False,False,False,18.22,18.22,0.0,100927,2011,2011-02,Sunday,6,9,True
100927,P105,Tote Bag,3,2011-02-20 09:00:00,7.21,12351,Netherlands,False,False,False,21.63,21.63,0.0,100927,2011,2011-02,Sunday,6,9,True
100928,P111,Serving Bowl,4,2011-07-23 12:00:00,15.5,12376,Spain,False,False,False,62.0,62.0,0.0,100928,2011,2011-07,Saturday,5,12,True
100928,P110,Gift Wrap,5,2011-07-23 12:00:00,2.44,12376,Germany,False,False,False,12.2,12.2,0.0,100928,2011,2011-07,Saturday,5,12,True
100929,P100,Gift Box,1,2011-06-07 13:00:00,4.25,12567,United Kingdom,False,False,False,4.25,4.25,0.0,100929,2011,2011-06,Tuesday,1,13,True
100929,P104,Candle Set,4,2011-06-07 13:00:00,10.3,12567,Netherlands,False,False,False,41.2,41.2,0.0,100929,2011,2011-06,Tuesday,1,13,True
100930,P101,Ceramic Mug,3,2011-03-17 15:00:00,7.41,12063,Spain,False,False,False,22.23,22.23,0.0,100930,2011,2011-03,Thursday,3,15,True
100930,P107,Photo Frame,11,2011-03-17 15:00:00,9.32,12063,Spain,False,False,False,102.52000000000001,102.52000000000001,0.0,100930,2011,2011-03,Thursday,3,15,True
100931,P105,Tote Bag,2,2011-07-17 18:00:00,6.23,12023,Spain,False,False,False,12.46,12.46,0.0,100931,2011,2011-07,Sunday,6,18,True
100931,P108,Tea Set,3,2011-07-17 18:00:00,18.99,12023,Australia,False,False,False,56.97,56.97,0.0,100931,2011,2011-07,Sunday,6,18,True
100931,P111,Serving Bowl,1,2011-07-17 18:00:00,16.45,12023,India,False,False,False,16.45,16.45,0.0,100931,2011,2011-07,Sunday,6,18,True
100932,P103,Wall Clock,9,2011-02-27 11:00:00,14.14,12626,Netherlands,False,False,False,127.26,127.26,0.0,100932,2011,2011-02,Sunday,6,11,True
100932,P100,Gift Box,11,2011-02-27 11:00:00,4.31,12626,United Kingdom,False,False,False,47.41,47.41,0.0,100932,2011,2011-02,Sunday,6,11,True
100932,P106,Glass Jar,1,2011-02-27 11:00:00,4.97,12626,Australia,False,False,False,4.97,4.97,0.0,100932,2011,2011-02,Sunday,6,11,True
100932,P101,Ceramic Mug,5,2011-02-27 11:00:00,6.62,12626,France,False,False,False,33.1,33.1,0.0,100932,2011,2011-02,Sunday,6,11,True
100933,P109,Desk Organizer,4,2011-10-18 14:00:00,11.45,12493,Germany,False,False,False,45.8,45.8,0.0,100933,2011,2011-10,Tuesday,1,14,True
100933,P100,Gift Box,3,2011-10-18 14:00:00,4.71,12493,Spain,False,False,False,14.129999999999999,14.129999999999999,0.0,100933,2011,2011-10,Tuesday,1,14,True
100934,P106,Glass Jar,5,2011-09-04 15:00:00,5.47,12467,Spain,False,False,False,27.349999999999998,27.349999999999998,0.0,100934,2011,2011-09,Sunday,6,15,True
100934,P103,Wall Clock,9,2011-09-04 15:00:00,11.54,12467,Spain,False,False,False,103.85999999999999,103.85999999999999,0.0,100934,2011,2011-09,Sunday,6,15,True
100935,P102,Notebook,2,2011-07-08 08:00:00,4.04,12391,Spain,False,False,False,8.08,8.08,0.0,100935,2011,2011-07,Friday,4,8,True
100935,P106,Glass Jar,4,2011-07-08 08:00:00,6.02,12391,Spain,False,False,False,24.08,24.08,0.0,100935,2011,2011-07,Friday,4,8,True
100935,P104,Candle Set,2,2011-07-08 08:00:00,11.3,12391,Australia,False,False,False,22.6,22.6,0.0,100935,2011,2011-07,Friday,4,8,True
100935,P103,Wall Clock,123,2011-07-08 08:00:00,11.81,12391,Netherlands,False,False,False,1452.63,1452.63,0.0,100935,2011,2011-07,Friday,4,8,True
100936,P101,Ceramic Mug,5,2011-05-04 11:00:00,8.28,12069,Netherlands,False,False,False,41.4,41.4,0.0,100936,2011,2011-05,Wednesday,2,11,True
100936,P111,Serving Bowl,3,2011-05-04 11:00:00,13.46,12069,France,False,False,False,40.38,40.38,0.0,100936,2011,2011-05,Wednesday,2,11,True
100936,P100,Gift Box,1,2011-05-04 11:00:00,4.62,12069,Australia,False,False,False,4.62,4.62,0.0,100936,2011,2011-05,Wednesday,2,11,True
100936,P104,Candle Set,3,2011-05-04 11:00:00,9.93,12069,India,False,False,False,29.79,29.79,0.0,100936,2011,2011-05,Wednesday,2,11,True
100937,P109,Desk Organizer,8,2011-03-31 15:00:00,11.73,12552,France,False,False,False,93.84,93.84,0.0,100937,2011,2011-03,Thursday,3,15,True
100937,P104,Candle Set,5,2011-03-31 15:00:00,9.6,12552,Netherlands,False,False,False,48.0,48.0,0.0,100937,2011,2011-03,Thursday,3,15,True
100938,P107,Photo Frame,3,2011-06-04 16:00:00,8.2,12546,Germany,False,False,False,24.599999999999998,24.599999999999998,0.0,100938,2011,2011-06,Saturday,5,16,True
100938,P108,Tea Set,3,2011-06-04 16:00:00,17.79,12546,Spain,False,False,False,53.37,53.37,0.0,100938,2011,2011-06,Saturday,5,16,True
100939,P109,Desk Organizer,1,2011-10-18 08:00:00,10.49,12029,United Kingdom,False,False,False,10.49,10.49,0.0,100939,2011,2011-10,Tuesday,1,8,True
100939,P108,Tea Set,1,2011-10-18 08:00:00,16.35,12029,Spain,False,False,False,16.35,16.35,0.0,100939,2011,2011-10,Tuesday,1,8,True
100939,P106,Glass Jar,10,2011-10-18 08:00:00,5.85,12029,United Kingdom,False,False,False,58.5,58.5,0.0,100939,2011,2011-10,Tuesday,1,8,True
100940,P105,Tote Bag,1,2011-06-29 12:00:00,6.8,12668,Netherlands,False,False,False,6.8,6.8,0.0,100940,2011,2011-06,Wednesday,2,12,True
100940,P110,Gift Wrap,2,2011-06-29 12:00:00,2.42,12668,Australia,False,False,False,4.84,4.84,0.0,100940,2011,2011-06,Wednesday,2,12,True
100941,P111,Serving Bowl,12,2011-10-22 13:00:00,15.38,12050,United Kingdom,False,False,False,184.56,184.56,0.0,100941,2011,2011-10,Saturday,5,13,True
100942,P111,Serving Bowl,1,2010-12-24 13:00:00,13.34,12623,United Kingdom,False,False,False,13.34,13.34,0.0,100942,2010,2010-12,Friday,4,13,True
100942,P104,Candle Set,3,2010-12-24 13:00:00,9.03,12623,United Kingdom,False,False,False,27.089999999999996,27.089999999999996,0.0,100942,2010,2010-12,Friday,4,13,True
100943,P109,Desk Organizer,3,2011-11-21 14:00:00,10.61,12421,United Kingdom,False,False,False,31.83,31.83,0.0,100943,2011,2011-11,Monday,0,14,True
100943,P102,Notebook,3,2011-11-21 14:00:00,3.91,12421,Netherlands,False,False,False,11.73,11.73,0.0,100943,2011,2011-11,Monday,0,14,True
100944,P102,Notebook,2,2011-06-02 09:00:00,4.31,12076,Netherlands,False,False,False,8.62,8.62,0.0,100944,2011,2011-06,Thursday,3,9,True
100945,P100,Gift Box,3,2011-02-27 08:00:00,4.23,12386,Netherlands,False,False,False,12.690000000000001,12.690000000000001,0.0,100945,2011,2011-02,Sunday,6,8,True
100946,P104,Candle Set,1,2011-06-30 14:00:00,11.27,12042,United Kingdom,False,False,False,11.27,11.27,0.0,100946,2011,2011-06,Thursday,3,14,True
100947,P110,Gift Wrap,4,2011-03-18 10:00:00,2.61,12269,India,False,False,False,10.44,10.44,0.0,100947,2011,2011-03,Friday,4,10,True
100947,P103,Wall Clock,2,2011-03-18 10:00:00,11.5,12269,Netherlands,False,False,False,23.0,23.0,0.0,100947,2011,2011-03,Friday,4,10,True
100947,P106,Glass Jar,4,2011-03-18 10:00:00,5.81,12269,Germany,False,False,False,23.24,23.24,0.0,100947,2011,2011-03,Friday,4,10,True
100947,P102,Notebook,2,2011-03-18 10:00:00,3.81,12269,Australia,False,False,False,7.62,7.62,0.0,100947,2011,2011-03,Friday,4,10,True
100948,P102,Notebook,1,2010-12-31 16:00:00,3.75,12070,Germany,False,False,False,3.75,3.75,0.0,100948,2010,2010-12,Friday,4,16,True
100948,P106,Glass Jar,3,2010-12-31 16:00:00,5.43,12070,Germany,False,False,False,16.29,16.29,0.0,100948,2010,2010-12,Friday,4,16,True
100948,P104,Candle Set,13,2010-12-31 16:00:00,11.17,12070,Australia,False,False,False,145.21,145.21,0.0,100948,2010,2010-12,Friday,4,16,True
100949,P104,Candle Set,1,2011-01-09 10:00:00,10.07,12351,Australia,False,False,False,10.07,10.07,0.0,100949,2011,2011-01,Sunday,6,10,True
100949,P106,Glass Jar,6,2011-01-09 10:00:00,5.98,12351,United Kingdom,False,False,False,35.88,35.88,0.0,100949,2011,2011-01,Sunday,6,10,True
100949,P111,Serving Bowl,3,2011-01-09 10:00:00,13.27,12351,Germany,False,False,False,39.81,39.81,0.0,100949,2011,2011-01,Sunday,6,10,True
100950,P100,Gift Box,3,2011-05-23 17:00:00,5.13,12234,Germany,False,False,False,15.39,15.39,0.0,100950,2011,2011-05,Monday,0,17,True
100950,P110,Gift Wrap,3,2011-05-23 17:00:00,2.4,12234,Germany,False,False,False,7.199999999999999,7.199999999999999,0.0,100950,2011,2011-05,Monday,0,17,True
100950,P109,Desk Organizer,4,2011-05-23 17:00:00,10.33,12234,Spain,False,False,False,41.32,41.32,0.0,100950,2011,2011-05,Monday,0,17,True
100950,P106,Glass Jar,1,2011-05-23 17:00:00,5.82,12234,Germany,False,False,False,5.82,5.82,0.0,100950,2011,2011-05,Monday,0,17,True
100951,P110,Gift Wrap,5,2011-10-31 10:00:00,2.49,12073,Netherlands,False,False,False,12.450000000000001,12.450000000000001,0.0,100951,2011,2011-10,Monday,0,10,True
100951,P106,Glass Jar,14,2011-10-31 10:00:00,6.3,12073,Netherlands,False,False,False,88.2,88.2,0.0,100951,2011,2011-10,Monday,0,10,True
100951,P104,Candle Set,4,2011-10-31 10:00:00,10.36,12073,Spain,False,False,False,41.44,41.44,0.0,100951,2011,2011-10,Monday,0,10,True
100951,P102,Notebook,5,2011-10-31 10:00:00,3.91,12073,Spain,False,False,False,19.55,19.55,0.0,100951,2011,2011-10,Monday,0,10,True
100952,P107,Photo Frame,1,2011-03-12 09:00:00,8.75,12066,Australia,False,False,False,8.75,8.75,0.0,100952,2011,2011-03,Saturday,5,9,True
100952,P103,Wall Clock,3,2011-03-12 09:00:00,12.89,12066,India,False,False,False,38.67,38.67,0.0,100952,2011,2011-03,Saturday,5,9,True
100952,P111,Serving Bowl,1,2011-03-12 09:00:00,14.22,12066,France,False,False,False,14.22,14.22,0.0,100952,2011,2011-03,Saturday,5,9,True
100953,P106,Glass Jar,4,2011-05-31 12:00:00,5.13,12066,Netherlands,False,False,False,20.52,20.52,0.0,100953,2011,2011-05,Tuesday,1,12,True
100953,P108,Tea Set,1,2011-05-31 12:00:00,17.4,12066,Spain,False,False,False,17.4,17.4,0.0,100953,2011,2011-05,Tuesday,1,12,True
100953,P101,Ceramic Mug,5,2011-05-31 12:00:00,7.79,12066,France,False,False,False,38.95,38.95,0.0,100953,2011,2011-05,Tuesday,1,12,True
100954,P103,Wall Clock,6,2011-11-16 10:00:00,13.43,12052,United Kingdom,False,False,False,80.58,80.58,0.0,100954,2011,2011-11,Wednesday,2,10,True
100954,P106,Glass Jar,6,2011-11-16 10:00:00,5.33,12052,France,False,False,False,31.98,31.98,0.0,100954,2011,2011-11,Wednesday,2,10,True
100954,P107,Photo Frame,3,2011-11-16 10:00:00,8.01,12052,Australia,False,False,False,24.03,24.03,0.0,100954,2011,2011-11,Wednesday,2,10,True
100954,P105,Tote Bag,5,2011-11-16 10:00:00,6.92,12052,Spain,False,False,False,34.6,34.6,0.0,100954,2011,2011-11,Wednesday,2,10,True
100955,P103,Wall Clock,1,2011-02-25 16:00:00,12.18,12298,India,False,False,False,12.18,12.18,0.0,100955,2011,2011-02,Friday,4,16,True
100955,P110,Gift Wrap,2,2011-02-25 16:00:00,2.34,12298,Australia,False,False,False,4.68,4.68,0.0,100955,2011,2011-02,Friday,4,16,True
100955,P107,Photo Frame,1,2011-02-25 16:00:00,8.43,12298,Netherlands,False,False,False,8.43,8.43,0.0,100955,2011,2011-02,Friday,4,16,True
100955,P100,Gift Box,3,2011-02-25 16:00:00,4.92,12298,Australia,False,False,False,14.76,14.76,0.0,100955,2011,2011-02,Friday,4,16,True
100956,P107,Photo Frame,1,2011-06-18 13:00:00,7.7,12263,Germany,False,False,False,7.7,7.7,0.0,100956,2011,2011-06,Saturday,5,13,True
100956,P102,Notebook,9,2011-06-18 13:00:00,4.05,12263,France,False,False,False,36.449999999999996,36.449999999999996,0.0,100956,2011,2011-06,Saturday,5,13,True
100956,P105,Tote Bag,4,2011-06-18 13:00:00,6.1,12263,United Kingdom,False,False,False,24.4,24.4,0.0,100956,2011,2011-06,Saturday,5,13,True
100957,P103,Wall Clock,1,2010-12-11 14:00:00,14.29,12060,India,False,False,False,14.29,14.29,0.0,100957,2010,2010-12,Saturday,5,14,True
100957,P107,Photo Frame,5,2010-12-11 14:00:00,8.71,12060,India,False,False,False,43.550000000000004,43.550000000000004,0.0,100957,2010,2010-12,Saturday,5,14,True
100957,P104,Candle Set,2,2010-12-11 14:00:00,9.51,12060,Netherlands,False,False,False,19.02,19.02,0.0,100957,2010,2010-12,Saturday,5,14,True
100957,P106,Glass Jar,4,2010-12-11 14:00:00,5.38,12060,Australia,False,False,False,21.52,21.52,0.0,100957,2010,2010-12,Saturday,5,14,True
100958,P108,Tea Set,1,2011-05-02 12:00:00,20.0,12648,Spain,False,False,False,20.0,20.0,0.0,100958,2011,2011-05,Monday,0,12,True
100958,P107,Photo Frame,14,2011-05-02 12:00:00,8.21,12648,India,False,False,False,114.94000000000001,114.94000000000001,0.0,100958,2011,2011-05,Monday,0,12,True
100958,P110,Gift Wrap,1,2011-05-02 12:00:00,2.24,12648,Netherlands,False,False,False,2.24,2.24,0.0,100958,2011,2011-05,Monday,0,12,True
100959,P101,Ceramic Mug,2,2011-07-01 13:00:00,7.5,12034,Germany,False,False,False,15.0,15.0,0.0,100959,2011,2011-07,Friday,4,13,True
100959,P107,Photo Frame,5,2011-07-01 13:00:00,8.32,12034,France,False,False,False,41.6,41.6,0.0,100959,2011,2011-07,Friday,4,13,True
100959,P100,Gift Box,5,2011-07-01 13:00:00,4.73,12034,India,False,False,False,23.650000000000002,23.650000000000002,0.0,100959,2011,2011-07,Friday,4,13,True
100959,P102,Notebook,2,2011-07-01 13:00:00,3.68,12034,United Kingdom,False,False,False,7.36,7.36,0.0,100959,2011,2011-07,Friday,4,13,True
100960,P108,Tea Set,4,2011-08-15 11:00:00,19.65,12006,Germany,False,False,False,78.6,78.6,0.0,100960,2011,2011-08,Monday,0,11,True
100960,P100,Gift Box,6,2011-08-15 11:00:00,4.71,12006,France,False,False,False,28.259999999999998,28.259999999999998,0.0,100960,2011,2011-08,Monday,0,11,True
100961,P105,Tote Bag,2,2011-06-05 15:00:00,6.91,12323,Spain,False,False,False,13.82,13.82,0.0,100961,2011,2011-06,Sunday,6,15,True
100961,P108,Tea Set,2,2011-06-05 15:00:00,16.21,12323,Australia,False,False,False,32.42,32.42,0.0,100961,2011,2011-06,Sunday,6,15,True
100962,P105,Tote Bag,2,2011-02-10 16:00:00,6.09,12353,Australia,False,False,False,12.18,12.18,0.0,100962,2011,2011-02,Thursday,3,16,True
100962,P100,Gift Box,3,2011-02-10 16:00:00,5.09,12353,United Kingdom,False,False,False,15.27,15.27,0.0,100962,2011,2011-02,Thursday,3,16,True
100962,P106,Glass Jar,1,2011-02-10 16:00:00,5.94,12353,Australia,False,False,False,5.94,5.94,0.0,100962,2011,2011-02,Thursday,3,16,True
100962,P109,Desk Organizer,2,2011-02-10 16:00:00,10.63,12353,Australia,False,False,False,21.26,21.26,0.0,100962,2011,2011-02,Thursday,3,16,True
100963,P110,Gift Wrap,2,2011-02-15 18:00:00,2.55,12108,United Kingdom,False,False,False,5.1,5.1,0.0,100963,2011,2011-02,Tuesday,1,18,True
100963,P106,Glass Jar,4,2011-02-15 18:00:00,6.15,12108,Australia,False,False,False,24.6,24.6,0.0,100963,2011,2011-02,Tuesday,1,18,True
100963,P108,Tea Set,12,2011-02-15 18:00:00,17.88,12108,United Kingdom,False,False,False,214.56,214.56,0.0,100963,2011,2011-02,Tuesday,1,18,True
100963,P103,Wall Clock,4,2011-02-15 18:00:00,11.74,12108,Australia,False,False,False,46.96,46.96,0.0,100963,2011,2011-02,Tuesday,1,18,True
100964,P106,Glass Jar,2,2011-03-11 13:00:00,5.26,12029,France,False,False,False,10.52,10.52,0.0,100964,2011,2011-03,Friday,4,13,True
100964,P102,Notebook,2,2011-03-11 13:00:00,3.83,12029,France,False,False,False,7.66,7.66,0.0,100964,2011,2011-03,Friday,4,13,True
100964,P108,Tea Set,4,2011-03-11 13:00:00,19.4,12029,Spain,False,False,False,77.6,77.6,0.0,100964,2011,2011-03,Friday,4,13,True
100964,P105,Tote Bag,7,2011-03-11 13:00:00,6.25,12029,Australia,False,False,False,43.75,43.75,0.0,100964,2011,2011-03,Friday,4,13,True
100965,P102,Notebook,2,2011-11-11 10:00:00,3.96,12352,India,False,False,False,7.92,7.92,0.0,100965,2011,2011-11,Friday,4,10,True
100966,P101,Ceramic Mug,1,2011-10-05 10:00:00,6.96,12587,Spain,False,False,False,6.96,6.96,0.0,100966,2011,2011-10,Wednesday,2,10,True
100967,P106,Glass Jar,1,2011-08-10 13:00:00,6.02,12035,Australia,False,False,False,6.02,6.02,0.0,100967,2011,2011-08,Wednesday,2,13,True
100968,P102,Notebook,8,2011-04-23 12:00:00,3.72,12100,France,False,False,False,29.76,29.76,0.0,100968,2011,2011-04,Saturday,5,12,True
100968,P107,Photo Frame,2,2011-04-23 12:00:00,8.04,12100,Australia,False,False,False,16.08,16.08,0.0,100968,2011,2011-04,Saturday,5,12,True
100968,P106,Glass Jar,9,2011-04-23 12:00:00,5.57,12100,Spain,False,False,False,50.13,50.13,0.0,100968,2011,2011-04,Saturday,5,12,True
100968,P101,Ceramic Mug,1,2011-04-23 12:00:00,6.69,12100,Netherlands,False,False,False,6.69,6.69,0.0,100968,2011,2011-04,Saturday,5,12,True
100969,P102,Notebook,2,2011-10-13 15:00:00,3.65,12347,India,False,False,False,7.3,7.3,0.0,100969,2011,2011-10,Thursday,3,15,True
100969,P101,Ceramic Mug,5,2011-10-13 15:00:00,6.75,12347,Spain,False,False,False,33.75,33.75,0.0,100969,2011,2011-10,Thursday,3,15,True
100970,P103,Wall Clock,3,2011-03-10 17:00:00,12.16,12595,Australia,False,False,False,36.480000000000004,36.480000000000004,0.0,100970,2011,2011-03,Thursday,3,17,True
100970,P107,Photo Frame,2,2011-03-10 17:00:00,8.41,12595,Australia,False,False,False,16.82,16.82,0.0,100970,2011,2011-03,Thursday,3,17,True
100970,P102,Notebook,11,2011-03-10 17:00:00,4.02,12595,Australia,False,False,False,44.22,44.22,0.0,100970,2011,2011-03,Thursday,3,17,True
100971,P102,Notebook,1,2011-06-24 14:00:00,4.02,12628,United Kingdom,False,False,False,4.02,4.02,0.0,100971,2011,2011-06,Friday,4,14,True
100972,P105,Tote Bag,13,2011-11-25 08:00:00,7.46,12014,India,False,False,False,96.98,96.98,0.0,100972,2011,2011-11,Friday,4,8,True
100972,P106,Glass Jar,2,2011-11-25 08:00:00,6.0,12014,United Kingdom,False,False,False,12.0,12.0,0.0,100972,2011,2011-11,Friday,4,8,True
100972,P110,Gift Wrap,1,2011-11-25 08:00:00,2.43,12014,United Kingdom,False,False,False,2.43,2.43,0.0,100972,2011,2011-11,Friday,4,8,True
100973,P111,Serving Bowl,3,2011-07-13 11:00:00,14.46,12539,France,False,False,False,43.38,43.38,0.0,100973,2011,2011-07,Wednesday,2,11,True
100973,P110,Gift Wrap,3,2011-07-13 11:00:00,2.48,12539,United Kingdom,False,False,False,7.4399999999999995,7.4399999999999995,0.0,100973,2011,2011-07,Wednesday,2,11,True
100973,P105,Tote Bag,5,2011-07-13 11:00:00,6.51,12539,Australia,False,False,False,32.55,32.55,0.0,100973,2011,2011-07,Wednesday,2,11,True
100974,P101,Ceramic Mug,10,2011-09-03 18:00:00,7.86,12669,Australia,False,False,False,78.60000000000001,78.60000000000001,0.0,100974,2011,2011-09,Saturday,5,18,True
100975,P104,Candle Set,2,2011-05-30 18:00:00,10.96,12447,Germany,False,False,False,21.92,21.92,0.0,100975,2011,2011-05,Monday,0,18,True
100975,P110,Gift Wrap,23,2011-05-30 18:00:00,2.2,12447,Australia,False,False,False,50.6,50.6,0.0,100975,2011,2011-05,Monday,0,18,True
100975,P102,Notebook,2,2011-05-30 18:00:00,3.49,12447,Netherlands,False,False,False,6.98,6.98,0.0,100975,2011,2011-05,Monday,0,18,True
100976,P109,Desk Organizer,3,2011-10-27 15:00:00,11.2,12464,Netherlands,False,False,False,33.599999999999994,33.599999999999994,0.0,100976,2011,2011-10,Thursday,3,15,True
100976,P103,Wall Clock,2,2011-10-27 15:00:00,13.76,12464,Germany,False,False,False,27.52,27.52,0.0,100976,2011,2011-10,Thursday,3,15,True
100976,P107,Photo Frame,3,2011-10-27 15:00:00,8.11,12464,Germany,False,False,False,24.33,24.33,0.0,100976,2011,2011-10,Thursday,3,15,True
100976,P101,Ceramic Mug,2,2011-10-27 15:00:00,7.75,12464,Spain,False,False,False,15.5,15.5,0.0,100976,2011,2011-10,Thursday,3,15,True
100977,P108,Tea Set,3,2011-03-25 13:00:00,18.24,12499,Australia,False,False,False,54.72,54.72,0.0,100977,2011,2011-03,Friday,4,13,True
100977,P105,Tote Bag,15,2011-03-25 13:00:00,6.23,12499,Netherlands,False,False,False,93.45,93.45,0.0,100977,2011,2011-03,Friday,4,13,True
100977,P103,Wall Clock,1,2011-03-25 13:00:00,12.65,12499,Netherlands,False,False,False,12.65,12.65,0.0,100977,2011,2011-03,Friday,4,13,True
100977,P106,Glass Jar,18,2011-03-25 13:00:00,5.56,12499,Germany,False,False,False,100.08,100.08,0.0,100977,2011,2011-03,Friday,4,13,True
100978,P100,Gift Box,1,2011-07-10 09:00:00,4.44,12331,Germany,False,False,False,4.44,4.44,0.0,100978,2011,2011-07,Sunday,6,9,True
100978,P101,Ceramic Mug,13,2011-07-10 09:00:00,6.71,12331,India,False,False,False,87.23,87.23,0.0,100978,2011,2011-07,Sunday,6,9,True
100978,P107,Photo Frame,3,2011-07-10 09:00:00,9.29,12331,Spain,False,False,False,27.869999999999997,27.869999999999997,0.0,100978,2011,2011-07,Sunday,6,9,True
100979,P105,Tote Bag,12,2011-07-18 15:00:00,6.86,12022,Spain,False,False,False,82.32000000000001,82.32000000000001,0.0,100979,2011,2011-07,Monday,0,15,True
100979,P111,Serving Bowl,8,2011-07-18 15:00:00,13.32,12022,India,False,False,False,106.56,106.56,0.0,100979,2011,2011-07,Monday,0,15,True
100979,P103,Wall Clock,1,2011-07-18 15:00:00,12.45,12022,United Kingdom,False,False,False,12.45,12.45,0.0,100979,2011,2011-07,Monday,0,15,True
100979,P109,Desk Organizer,2,2011-07-18 15:00:00,9.97,12022,United Kingdom,False,False,False,19.94,19.94,0.0,100979,2011,2011-07,Monday,0,15,True
100980,P103,Wall Clock,1,2011-06-28 08:00:00,11.26,12137,Netherlands,False,False,False,11.26,11.26,0.0,100980,2011,2011-06,Tuesday,1,8,True
100980,P102,Notebook,3,2011-06-28 08:00:00,3.48,12137,United Kingdom,False,False,False,10.44,10.44,0.0,100980,2011,2011-06,Tuesday,1,8,True
100980,P111,Serving Bowl,2,2011-06-28 08:00:00,15.05,12137,Netherlands,False,False,False,30.1,30.1,0.0,100980,2011,2011-06,Tuesday,1,8,True
100981,P108,Tea Set,15,2011-02-22 08:00:00,18.17,12057,Germany,False,False,False,272.55,272.55,0.0,100981,2011,2011-02,Tuesday,1,8,True
100981,P100,Gift Box,2,2011-02-22 08:00:00,4.6,12057,Germany,False,False,False,9.2,9.2,0.0,100981,2011,2011-02,Tuesday,1,8,True
100981,P105,Tote Bag,7,2011-02-22 08:00:00,6.06,12057,Spain,False,False,False,42.419999999999995,42.419999999999995,0.0,100981,2011,2011-02,Tuesday,1,8,True
100982,P104,Candle Set,3,2011-10-16 14:00:00,10.24,12538,France,False,False,False,30.72,30.72,0.0,100982,2011,2011-10,Sunday,6,14,True
100982,P108,Tea Set,2,2011-10-16 14:00:00,19.72,12538,United Kingdom,False,False,False,39.44,39.44,0.0,100982,2011,2011-10,Sunday,6,14,True
100983,P110,Gift Wrap,1,2011-04-21 17:00:00,2.61,12008,Germany,False,False,False,2.61,2.61,0.0,100983,2011,2011-04,Thursday,3,17,True
100984,P107,Photo Frame,1,2011-05-28 12:00:00,7.49,12566,Australia,False,False,False,7.49,7.49,0.0,100984,2011,2011-05,Saturday,5,12,True
100984,P108,Tea Set,6,2011-05-28 12:00:00,18.65,12566,India,False,False,False,111.89999999999999,111.89999999999999,0.0,100984,2011,2011-05,Saturday,5,12,True
100985,P107,Photo Frame,2,2011-04-18 14:00:00,7.79,12650,Spain,False,False,False,15.58,15.58,0.0,100985,2011,2011-04,Monday,0,14,True
100985,P111,Serving Bowl,3,2011-04-18 14:00:00,13.5,12650,Netherlands,False,False,False,40.5,40.5,0.0,100985,2011,2011-04,Monday,0,14,True
100985,P105,Tote Bag,4,2011-04-18 14:00:00,6.41,12650,Australia,False,False,False,25.64,25.64,0.0,100985,2011,2011-04,Monday,0,14,True
100985,P102,Notebook,11,2011-04-18 14:00:00,3.52,12650,France,False,False,False,38.72,38.72,0.0,100985,2011,2011-04,Monday,0,14,True
100986,P103,Wall Clock,2,2011-01-14 11:00:00,12.51,12048,Netherlands,False,False,False,25.02,25.02,0.0,100986,2011,2011-01,Friday,4,11,True
100986,P108,Tea Set,1,2011-01-14 11:00:00,18.5,12048,India,False,False,False,18.5,18.5,0.0,100986,2011,2011-01,Friday,4,11,True
100986,P111,Serving Bowl,1,2011-01-14 11:00:00,15.87,12048,France,False,False,False,15.87,15.87,0.0,100986,2011,2011-01,Friday,4,11,True
100987,P105,Tote Bag,4,2011-04-26 11:00:00,6.18,12378,Australia,False,False,False,24.72,24.72,0.0,100987,2011,2011-04,Tuesday,1,11,True
100987,P103,Wall Clock,5,2011-04-26 11:00:00,12.14,12378,India,False,False,False,60.7,60.7,0.0,100987,2011,2011-04,Tuesday,1,11,True
100987,P104,Candle Set,1,2011-04-26 11:00:00,10.07,12378,Netherlands,False,False,False,10.07,10.07,0.0,100987,2011,2011-04,Tuesday,1,11,True
100987,P108,Tea Set,1,2011-04-26 11:00:00,16.94,12378,Germany,False,False,False,16.94,16.94,0.0,100987,2011,2011-04,Tuesday,1,11,True
100988,P100,Gift Box,3,2011-10-11 14:00:00,4.31,12201,India,False,False,False,12.93,12.93,0.0,100988,2011,2011-10,Tuesday,1,14,True
100989,P111,Serving Bowl,1,2011-07-28 13:00:00,15.21,12661,India,False,False,False,15.21,15.21,0.0,100989,2011,2011-07,Thursday,3,13,True
100990,P107,Photo Frame,3,2011-03-10 17:00:00,9.39,12043,India,False,False,False,28.17,28.17,0.0,100990,2011,2011-03,Thursday,3,17,True
100991,P103,Wall Clock,312,2010-12-11 12:00:00,13.84,12043,Germany,False,False,False,4318.08,4318.08,0.0,100991,2010,2010-12,Saturday,5,12,True
100991,P108,Tea Set,3,2010-12-11 12:00:00,17.37,12043,Spain,False,False,False,52.11,52.11,0.0,100991,2010,2010-12,Saturday,5,12,True
100991,P106,Glass Jar,2,2010-12-11 12:00:00,6.18,12043,Germany,False,False,False,12.36,12.36,0.0,100991,2010,2010-12,Saturday,5,12,True
100992,P108,Tea Set,1,2011-08-20 18:00:00,17.95,12264,United Kingdom,False,False,False,17.95,17.95,0.0,100992,2011,2011-08,Saturday,5,18,True
100993,P105,Tote Bag,2,2011-10-03 18:00:00,6.2,12044,France,False,False,False,12.4,12.4,0.0,100993,2011,2011-10,Monday,0,18,True
100993,P107,Photo Frame,2,2011-10-03 18:00:00,8.69,12044,Australia,False,False,False,17.38,17.38,0.0,100993,2011,2011-10,Monday,0,18,True
100993,P109,Desk Organizer,2,2011-10-03 18:00:00,11.16,12044,France,False,False,False,22.32,22.32,0.0,100993,2011,2011-10,Monday,0,18,True
100993,P103,Wall Clock,7,2011-10-03 18:00:00,13.29,12044,Germany,False,False,False,93.03,93.03,0.0,100993,2011,2011-10,Monday,0,18,True
100994,P104,Candle Set,1,2011-09-04 16:00:00,9.23,12048,Netherlands,False,False,False,9.23,9.23,0.0,100994,2011,2011-09,Sunday,6,16,True
100995,P101,Ceramic Mug,5,2011-11-24 19:00:00,8.21,12073,India,False,False,False,41.050000000000004,41.050000000000004,0.0,100995,2011,2011-11,Thursday,3,19,True
100996,P102,Notebook,2,2011-02-23 14:00:00,3.65,12587,Spain,False,False,False,7.3,7.3,0.0,100996,2011,2011-02,Wednesday,2,14,True
100997,P105,Tote Bag,2,2010-12-27 08:00:00,6.44,12421,Netherlands,False,False,False,12.88,12.88,0.0,100997,2010,2010-12,Monday,0,8,True
100997,P111,Serving Bowl,1,2010-12-27 08:00:00,13.77,12421,United Kingdom,False,False,False,13.77,13.77,0.0,100997,2010,2010-12,Monday,0,8,True
100998,P101,Ceramic Mug,1,2011-10-17 15:00:00,6.88,12239,United Kingdom,False,False,False,6.88,6.88,0.0,100998,2011,2011-10,Monday,0,15,True
100998,P103,Wall Clock,5,2011-10-17 15:00:00,14.3,12239,Netherlands,False,False,False,71.5,71.5,0.0,100998,2011,2011-10,Monday,0,15,True
100998,P104,Candle Set,3,2011-10-17 15:00:00,8.92,12239,France,False,False,False,26.759999999999998,26.759999999999998,0.0,100998,2011,2011-10,Monday,0,15,True
100998,P111,Serving Bowl,1,2011-10-17 15:00:00,15.42,12239,Australia,False,False,False,15.42,15.42,0.0,100998,2011,2011-10,Monday,0,15,True
100999,P105,Tote Bag,2,2011-02-11 19:00:00,5.87,12609,Australia,False,False,False,11.74,11.74,0.0,100999,2011,2011-02,Friday,4,19,True
100999,P110,Gift Wrap,1,2011-02-11 19:00:00,2.47,12609,United Kingdom,False,False,False,2.47,2.47,0.0,100999,2011,2011-02,Friday,4,19,True
100999,P108,Tea Set,2,2011-02-11 19:00:00,20.22,12609,Australia,False,False,False,40.44,40.44,0.0,100999,2011,2011-02,Friday,4,19,True
100999,P106,Glass Jar,3,2011-02-11 19:00:00,5.23,12609,Australia,False,False,False,15.690000000000001,15.690000000000001,0.0,100999,2011,2011-02,Friday,4,19,True
101000,P101,Ceramic Mug,6,2011-10-26 10:00:00,7.88,12646,France,False,False,False,47.28,47.28,0.0,101000,2011,2011-10,Wednesday,2,10,True
101000,P106,Glass Jar,6,2011-10-26 10:00:00,5.41,12646,United Kingdom,False,False,False,32.46,32.46,0.0,101000,2011,2011-10,Wednesday,2,10,True
101000,P103,Wall Clock,3,2011-10-26 10:00:00,11.86,12646,Australia,False,False,False,35.58,35.58,0.0,101000,2011,2011-10,Wednesday,2,10,True
101001,P106,Glass Jar,1,2010-12-09 15:00:00,5.31,12491,United Kingdom,False,False,False,5.31,5.31,0.0,101001,2010,2010-12,Thursday,3,15,True
101001,P107,Photo Frame,1,2010-12-09 15:00:00,8.03,12491,India,False,False,False,8.03,8.03,0.0,101001,2010,2010-12,Thursday,3,15,True
101001,P110,Gift Wrap,3,2010-12-09 15:00:00,2.68,12491,France,False,False,False,8.040000000000001,8.040000000000001,0.0,101001,2010,2010-12,Thursday,3,15,True
101001,P101,Ceramic Mug,1,2010-12-09 15:00:00,6.69,12491,Germany,False,False,False,6.69,6.69,0.0,101001,2010,2010-12,Thursday,3,15,True
101002,P109,Desk Organizer,5,2011-01-05 18:00:00,12.05,12014,United Kingdom,False,False,False,60.25,60.25,0.0,101002,2011,2011-01,Wednesday,2,18,True
101003,P108,Tea Set,18,2011-11-06 16:00:00,19.82,12337,United Kingdom,False,False,False,356.76,356.76,0.0,101003,2011,2011-11,Sunday,6,16,True
101003,P110,Gift Wrap,1,2011-11-06 16:00:00,2.41,12337,France,False,False,False,2.41,2.41,0.0,101003,2011,2011-11,Sunday,6,16,True
101004,P103,Wall Clock,1,2011-07-13 10:00:00,12.19,12021,India,False,False,False,12.19,12.19,0.0,101004,2011,2011-07,Wednesday,2,10,True
101004,P100,Gift Box,3,2011-07-13 10:00:00,4.63,12021,Netherlands,False,False,False,13.89,13.89,0.0,101004,2011,2011-07,Wednesday,2,10,True
101004,P109,Desk Organizer,4,2011-07-13 10:00:00,12.47,12021,Netherlands,False,False,False,49.88,49.88,0.0,101004,2011,2011-07,Wednesday,2,10,True
101004,P104,Candle Set,2,2011-07-13 10:00:00,10.87,12021,Australia,False,False,False,21.74,21.74,0.0,101004,2011,2011-07,Wednesday,2,10,True
101005,P107,Photo Frame,2,2011-02-03 11:00:00,8.26,12572,Netherlands,False,False,False,16.52,16.52,0.0,101005,2011,2011-02,Thursday,3,11,True
101005,P104,Candle Set,2,2011-02-03 11:00:00,11.37,12572,United Kingdom,False,False,False,22.74,22.74,0.0,101005,2011,2011-02,Thursday,3,11,True
101006,P109,Desk Organizer,4,2011-02-06 18:00:00,10.98,12505,India,False,False,False,43.92,43.92,0.0,101006,2011,2011-02,Sunday,6,18,True
101006,P101,Ceramic Mug,1,2011-02-06 18:00:00,7.32,12505,Netherlands,False,False,False,7.32,7.32,0.0,101006,2011,2011-02,Sunday,6,18,True
101006,P107,Photo Frame,1,2011-02-06 18:00:00,7.53,12505,India,False,False,False,7.53,7.53,0.0,101006,2011,2011-02,Sunday,6,18,True
101007,P111,Serving Bowl,9,2011-05-30 11:00:00,14.04,12040,Spain,False,False,False,126.35999999999999,126.35999999999999,0.0,101007,2011,2011-05,Monday,0,11,True
101007,P101,Ceramic Mug,1,2011-05-30 11:00:00,8.07,12040,Australia,False,False,False,8.07,8.07,0.0,101007,2011,2011-05,Monday,0,11,True
101007,P104,Candle Set,1,2011-05-30 11:00:00,9.86,12040,Germany,False,False,False,9.86,9.86,0.0,101007,2011,2011-05,Monday,0,11,True
101008,P106,Glass Jar,1,2011-01-14 19:00:00,6.29,12502,United Kingdom,False,False,False,6.29,6.29,0.0,101008,2011,2011-01,Friday,4,19,True
101009,P104,Candle Set,1,2011-05-28 12:00:00,9.73,12041,Netherlands,False,False,False,9.73,9.73,0.0,101009,2011,2011-05,Saturday,5,12,True
101009,P110,Gift Wrap,4,2011-05-28 12:00:00,2.23,12041,United Kingdom,False,False,False,8.92,8.92,0.0,101009,2011,2011-05,Saturday,5,12,True
101009,P109,Desk Organizer,6,2011-05-28 12:00:00,12.2,12041,Spain,False,False,False,73.19999999999999,73.19999999999999,0.0,101009,2011,2011-05,Saturday,5,12,True
101009,P105,Tote Bag,4,2011-05-28 12:00:00,7.39,12041,Australia,False,False,False,29.56,29.56,0.0,101009,2011,2011-05,Saturday,5,12,True
101010,P101,Ceramic Mug,3,2011-01-16 12:00:00,7.44,12591,Germany,False,False,False,22.32,22.32,0.0,101010,2011,2011-01,Sunday,6,12,True
101011,P101,Ceramic Mug,1,2011-09-28 14:00:00,6.58,12047,India,False,False,False,6.58,6.58,0.0,101011,2011,2011-09,Wednesday,2,14,True
101011,P100,Gift Box,6,2011-09-28 14:00:00,4.81,12047,France,False,False,False,28.86,28.86,0.0,101011,2011,2011-09,Wednesday,2,14,True
101012,P108,Tea Set,2,2011-10-12 10:00:00,19.13,12018,Spain,False,False,False,38.26,38.26,0.0,101012,2011,2011-10,Wednesday,2,10,True
101013,P103,Wall Clock,5,2011-08-27 19:00:00,13.27,12012,France,False,False,False,66.35,66.35,0.0,101013,2011,2011-08,Saturday,5,19,True
101014,P106,Glass Jar,2,2011-01-30 19:00:00,5.49,12470,Netherlands,False,False,False,10.98,10.98,0.0,101014,2011,2011-01,Sunday,6,19,True
101014,P103,Wall Clock,2,2011-01-30 19:00:00,12.88,12470,Australia,False,False,False,25.76,25.76,0.0,101014,2011,2011-01,Sunday,6,19,True
101015,P109,Desk Organizer,1,2011-10-31 10:00:00,11.6,12692,Netherlands,False,False,False,11.6,11.6,0.0,101015,2011,2011-10,Monday,0,10,True
101016,P105,Tote Bag,1,2011-05-09 14:00:00,6.77,12061,Netherlands,False,False,False,6.77,6.77,0.0,101016,2011,2011-05,Monday,0,14,True
101016,P101,Ceramic Mug,8,2011-05-09 14:00:00,7.67,12061,United Kingdom,False,False,False,61.36,61.36,0.0,101016,2011,2011-05,Monday,0,14,True
101017,P109,Desk Organizer,7,2011-01-19 13:00:00,11.3,12495,Germany,False,False,False,79.10000000000001,79.10000000000001,0.0,101017,2011,2011-01,Wednesday,2,13,True
101017,P103,Wall Clock,1,2011-01-19 13:00:00,12.31,12495,Netherlands,False,False,False,12.31,12.31,0.0,101017,2011,2011-01,Wednesday,2,13,True
101018,P106,Glass Jar,2,2011-01-08 19:00:00,5.09,12151,France,False,False,False,10.18,10.18,0.0,101018,2011,2011-01,Saturday,5,19,True
101018,P105,Tote Bag,8,2011-01-08 19:00:00,6.83,12151,Australia,False,False,False,54.64,54.64,0.0,101018,2011,2011-01,Saturday,5,19,True
101018,P110,Gift Wrap,5,2011-01-08 19:00:00,2.28,12151,Netherlands,False,False,False,11.399999999999999,11.399999999999999,0.0,101018,2011,2011-01,Saturday,5,19,True
101019,P105,Tote Bag,7,2011-01-09 14:00:00,6.28,12614,Australia,False,False,False,43.96,43.96,0.0,101019,2011,2011-01,Sunday,6,14,True
101020,P103,Wall Clock,1,2011-10-30 18:00:00,12.27,12025,Spain,False,False,False,12.27,12.27,0.0,101020,2011,2011-10,Sunday,6,18,True
101020,P101,Ceramic Mug,2,2011-10-30 18:00:00,7.9,12025,India,False,False,False,15.8,15.8,0.0,101020,2011,2011-10,Sunday,6,18,True
101020,P104,Candle Set,5,2011-10-30 18:00:00,9.2,12025,India,False,False,False,46.0,46.0,0.0,101020,2011,2011-10,Sunday,6,18,True
101020,P110,Gift Wrap,4,2011-10-30 18:00:00,2.67,12025,United Kingdom,False,False,False,10.68,10.68,0.0,101020,2011,2011-10,Sunday,6,18,True
101021,P103,Wall Clock,3,2011-08-22 15:00:00,13.56,12005,Spain,False,False,False,40.68,40.68,0.0,101021,2011,2011-08,Monday,0,15,True
101022,P104,Candle Set,6,2011-01-08 09:00:00,11.28,12156,United Kingdom,False,False,False,67.67999999999999,67.67999999999999,0.0,101022,2011,2011-01,Saturday,5,9,True
101022,P111,Serving Bowl,4,2011-01-08 09:00:00,14.54,12156,Netherlands,False,False,False,58.16,58.16,0.0,101022,2011,2011-01,Saturday,5,9,True
101023,P102,Notebook,2,2011-12-03 18:00:00,4.03,12686,Netherlands,False,False,False,8.06,8.06,0.0,101023,2011,2011-12,Saturday,5,18,True
101023,P103,Wall Clock,1,2011-12-03 18:00:00,13.7,12686,France,False,False,False,13.7,13.7,0.0,101023,2011,2011-12,Saturday,5,18,True
101024,P105,Tote Bag,2,2011-02-13 14:00:00,6.38,12378,France,False,False,False,12.76,12.76,0.0,101024,2011,2011-02,Sunday,6,14,True
101024,P100,Gift Box,2,2011-02-13 14:00:00,4.75,12378,Spain,False,False,False,9.5,9.5,0.0,101024,2011,2011-02,Sunday,6,14,True
101024,P106,Glass Jar,5,2011-02-13 14:00:00,5.26,12378,India,False,False,False,26.299999999999997,26.299999999999997,0.0,101024,2011,2011-02,Sunday,6,14,True
101024,P107,Photo Frame,80,2011-02-13 14:00:00,9.37,12378,Australia,False,False,False,749.5999999999999,749.5999999999999,0.0,101024,2011,2011-02,Sunday,6,14,True
101025,P102,Notebook,3,2011-04-26 18:00:00,4.36,12070,Australia,False,False,False,13.080000000000002,13.080000000000002,0.0,101025,2011,2011-04,Tuesday,1,18,True
101025,P107,Photo Frame,2,2011-04-26 18:00:00,8.63,12070,Netherlands,False,False,False,17.26,17.26,0.0,101025,2011,2011-04,Tuesday,1,18,True
101025,P110,Gift Wrap,2,2011-04-26 18:00:00,2.19,12070,France,False,False,False,4.38,4.38,0.0,101025,2011,2011-04,Tuesday,1,18,True
101025,P104,Candle Set,16,2011-04-26 18:00:00,9.67,12070,India,False,False,False,154.72,154.72,0.0,101025,2011,2011-04,Tuesday,1,18,True
101026,P103,Wall Clock,6,2011-10-27 19:00:00,13.6,12189,Spain,False,False,False,81.6,81.6,0.0,101026,2011,2011-10,Thursday,3,19,True
101027,P103,Wall Clock,1,2010-12-17 08:00:00,11.66,12050,Germany,False,False,False,11.66,11.66,0.0,101027,2010,2010-12,Friday,4,8,True
101028,P100,Gift Box,3,2011-08-31 13:00:00,4.91,12141,United Kingdom,False,False,False,14.73,14.73,0.0,101028,2011,2011-08,Wednesday,2,13,True
101029,P105,Tote Bag,3,2011-12-04 13:00:00,6.15,12022,Netherlands,False,False,False,18.450000000000003,18.450000000000003,0.0,101029,2011,2011-12,Sunday,6,13,True
101029,P103,Wall Clock,12,2011-12-04 13:00:00,11.63,12022,Australia,False,False,False,139.56,139.56,0.0,101029,2011,2011-12,Sunday,6,13,True
101029,P107,Photo Frame,1,2011-12-04 13:00:00,9.29,12022,United Kingdom,False,False,False,9.29,9.29,0.0,101029,2011,2011-12,Sunday,6,13,True
101030,P108,Tea Set,3,2011-05-02 14:00:00,20.14,12495,Australia,False,False,False,60.42,60.42,0.0,101030,2011,2011-05,Monday,0,14,True
101030,P106,Glass Jar,1,2011-05-02 14:00:00,5.22,12495,Germany,False,False,False,5.22,5.22,0.0,101030,2011,2011-05,Monday,0,14,True
101031,P103,Wall Clock,2,2011-06-22 16:00:00,11.72,12695,France,False,False,False,23.44,23.44,0.0,101031,2011,2011-06,Wednesday,2,16,True
101031,P106,Glass Jar,2,2011-06-22 16:00:00,5.4,12695,Australia,False,False,False,10.8,10.8,0.0,101031,2011,2011-06,Wednesday,2,16,True
101032,P104,Candle Set,3,2011-02-01 16:00:00,9.18,12241,Germany,False,False,False,27.54,27.54,0.0,101032,2011,2011-02,Tuesday,1,16,True
101032,P103,Wall Clock,1,2011-02-01 16:00:00,12.29,12241,Germany,False,False,False,12.29,12.29,0.0,101032,2011,2011-02,Tuesday,1,16,True
101033,P101,Ceramic Mug,7,2011-01-29 14:00:00,6.65,12086,India,False,False,False,46.550000000000004,46.550000000000004,0.0,101033,2011,2011-01,Saturday,5,14,True
101034,P109,Desk Organizer,1,2011-09-19 09:00:00,12.5,12250,France,False,False,False,12.5,12.5,0.0,101034,2011,2011-09,Monday,0,9,True
101035,P106,Glass Jar,2,2011-01-28 18:00:00,5.3,12047,Netherlands,False,False,False,10.6,10.6,0.0,101035,2011,2011-01,Friday,4,18,True
101035,P103,Wall Clock,1,2011-01-28 18:00:00,12.89,12047,India,False,False,False,12.89,12.89,0.0,101035,2011,2011-01,Friday,4,18,True
101035,P110,Gift Wrap,1,2011-01-28 18:00:00,2.67,12047,United Kingdom,False,False,False,2.67,2.67,0.0,101035,2011,2011-01,Friday,4,18,True
101036,P106,Glass Jar,2,2011-10-19 13:00:00,5.99,12692,Germany,False,False,False,11.98,11.98,0.0,101036,2011,2011-10,Wednesday,2,13,True
101036,P107,Photo Frame,6,2011-10-19 13:00:00,8.14,12692,Spain,False,False,False,48.84,48.84,0.0,101036,2011,2011-10,Wednesday,2,13,True
101036,P100,Gift Box,1,2011-10-19 13:00:00,4.66,12692,Netherlands,False,False,False,4.66,4.66,0.0,101036,2011,2011-10,Wednesday,2,13,True
101036,P101,Ceramic Mug,3,2011-10-19 13:00:00,7.48,12692,Netherlands,False,False,False,22.44,22.44,0.0,101036,2011,2011-10,Wednesday,2,13,True
101037,P104,Candle Set,9,2011-02-17 18:00:00,11.11,12582,Spain,False,False,False,99.99,99.99,0.0,101037,2011,2011-02,Thursday,3,18,True
101037,P108,Tea Set,5,2011-02-17 18:00:00,20.43,12582,India,False,False,False,102.15,102.15,0.0,101037,2011,2011-02,Thursday,3,18,True
101037,P102,Notebook,2,2011-02-17 18:00:00,3.82,12582,Netherlands,False,False,False,7.64,7.64,0.0,101037,2011,2011-02,Thursday,3,18,True
101038,P103,Wall Clock,10,2011-05-18 19:00:00,12.43,12248,Netherlands,False,False,False,124.3,124.3,0.0,101038,2011,2011-05,Wednesday,2,19,True
101038,P104,Candle Set,7,2011-05-18 19:00:00,11.26,12248,Australia,False,False,False,78.82,78.82,0.0,101038,2011,2011-05,Wednesday,2,19,True
101039,P111,Serving Bowl,7,2011-04-26 17:00:00,15.2,12329,France,False,False,False,106.39999999999999,106.39999999999999,0.0,101039,2011,2011-04,Tuesday,1,17,True
101039,P107,Photo Frame,2,2011-04-26 17:00:00,8.86,12329,France,False,False,False,17.72,17.72,0.0,101039,2011,2011-04,Tuesday,1,17,True
101039,P109,Desk Organizer,1,2011-04-26 17:00:00,11.44,12329,India,False,False,False,11.44,11.44,0.0,101039,2011,2011-04,Tuesday,1,17,True
101040,P111,Serving Bowl,2,2011-03-03 09:00:00,15.36,12055,Germany,False,False,False,30.72,30.72,0.0,101040,2011,2011-03,Thursday,3,9,True
101040,P106,Glass Jar,3,2011-03-03 09:00:00,5.49,12055,United Kingdom,False,False,False,16.47,16.47,0.0,101040,2011,2011-03,Thursday,3,9,True
101041,P103,Wall Clock,2,2011-03-27 15:00:00,12.99,12040,Netherlands,False,False,False,25.98,25.98,0.0,101041,2011,2011-03,Sunday,6,15,True
101042,P105,Tote Bag,1,2011-07-08 10:00:00,6.0,12005,Germany,False,False,False,6.0,6.0,0.0,101042,2011,2011-07,Friday,4,10,True
101043,P107,Photo Frame,4,2011-11-09 16:00:00,9.1,12420,Australia,False,False,False,36.4,36.4,0.0,101043,2011,2011-11,Wednesday,2,16,True
101043,P109,Desk Organizer,2,2011-11-09 16:00:00,12.4,12420,United Kingdom,False,False,False,24.8,24.8,0.0,101043,2011,2011-11,Wednesday,2,16,True
101044,P101,Ceramic Mug,2,2010-12-13 18:00:00,7.67,12071,Germany,False,False,False,15.34,15.34,0.0,101044,2010,2010-12,Monday,0,18,True
101045,P111,Serving Bowl,2,2011-05-02 19:00:00,15.73,12002,India,False,False,False,31.46,31.46,0.0,101045,2011,2011-05,Monday,0,19,True
101046,P106,Glass Jar,1,2011-11-20 17:00:00,5.94,12501,India,False,False,False,5.94,5.94,0.0,101046,2011,2011-11,Sunday,6,17,True
101046,P101,Ceramic Mug,6,2011-11-20 17:00:00,7.85,12501,Netherlands,False,False,False,47.099999999999994,47.099999999999994,0.0,101046,2011,2011-11,Sunday,6,17,True
101046,P103,Wall Clock,8,2011-11-20 17:00:00,12.02,12501,Spain,False,False,False,96.16,96.16,0.0,101046,2011,2011-11,Sunday,6,17,True
101047,P108,Tea Set,2,2011-06-01 15:00:00,17.62,12218,United Kingdom,False,False,False,35.24,35.24,0.0,101047,2011,2011-06,Wednesday,2,15,True
101047,P104,Candle Set,3,2011-06-01 15:00:00,10.03,12218,United Kingdom,False,False,False,30.089999999999996,30.089999999999996,0.0,101047,2011,2011-06,Wednesday,2,15,True
101048,P102,Notebook,1,2011-10-04 18:00:00,3.55,12179,India,False,False,False,3.55,3.55,0.0,101048,2011,2011-10,Tuesday,1,18,True
101048,P101,Ceramic Mug,4,2011-10-04 18:00:00,7.25,12179,France,False,False,False,29.0,29.0,0.0,101048,2011,2011-10,Tuesday,1,18,True
101049,P107,Photo Frame,2,2011-10-27 12:00:00,8.8,12602,United Kingdom,False,False,False,17.6,17.6,0.0,101049,2011,2011-10,Thursday,3,12,True
101049,P103,Wall Clock,1,2011-10-27 12:00:00,12.35,12602,France,False,False,False,12.35,12.35,0.0,101049,2011,2011-10,Thursday,3,12,True
101049,P101,Ceramic Mug,6,2011-10-27 12:00:00,8.1,12602,France,False,False,False,48.599999999999994,48.599999999999994,0.0,101049,2011,2011-10,Thursday,3,12,True
101050,P109,Desk Organizer,7,2011-10-30 09:00:00,11.97,12414,France,False,False,False,83.79,83.79,0.0,101050,2011,2011-10,Sunday,6,9,True
101050,P110,Gift Wrap,13,2011-10-30 09:00:00,2.5,12414,Germany,False,False,False,32.5,32.5,0.0,101050,2011,2011-10,Sunday,6,9,True
101050,P106,Glass Jar,1,2011-10-30 09:00:00,5.84,12414,France,False,False,False,5.84,5.84,0.0,101050,2011,2011-10,Sunday,6,9,True
101051,P107,Photo Frame,1,2011-06-07 09:00:00,9.17,12012,Germany,False,False,False,9.17,9.17,0.0,101051,2011,2011-06,Tuesday,1,9,True
101051,P105,Tote Bag,1,2011-06-07 09:00:00,6.87,12012,Spain,False,False,False,6.87,6.87,0.0,101051,2011,2011-06,Tuesday,1,9,True
101051,P104,Candle Set,7,2011-06-07 09:00:00,11.27,12012,India,False,False,False,78.89,78.89,0.0,101051,2011,2011-06,Tuesday,1,9,True
101051,P111,Serving Bowl,3,2011-06-07 09:00:00,14.61,12012,Netherlands,False,False,False,43.83,43.83,0.0,101051,2011,2011-06,Tuesday,1,9,True
101052,P104,Candle Set,11,2011-12-04 08:00:00,10.28,12387,Netherlands,False,False,False,113.08,113.08,0.0,101052,2011,2011-12,Sunday,6,8,True
101052,P106,Glass Jar,5,2011-12-04 08:00:00,6.0,12387,France,False,False,False,30.0,30.0,0.0,101052,2011,2011-12,Sunday,6,8,True
101052,P109,Desk Organizer,6,2011-12-04 08:00:00,11.8,12387,Germany,False,False,False,70.80000000000001,70.80000000000001,0.0,101052,2011,2011-12,Sunday,6,8,True
101053,P103,Wall Clock,2,2011-09-16 17:00:00,13.72,12599,Spain,False,False,False,27.44,27.44,0.0,101053,2011,2011-09,Friday,4,17,True
101053,P106,Glass Jar,2,2011-09-16 17:00:00,5.56,12599,Spain,False,False,False,11.12,11.12,0.0,101053,2011,2011-09,Friday,4,17,True
101054,P108,Tea Set,1,2011-02-07 17:00:00,19.58,12610,Australia,False,False,False,19.58,19.58,0.0,101054,2011,2011-02,Monday,0,17,True
101054,P109,Desk Organizer,1,2011-02-07 17:00:00,12.31,12610,United Kingdom,False,False,False,12.31,12.31,0.0,101054,2011,2011-02,Monday,0,17,True
101054,P105,Tote Bag,1,2011-02-07 17:00:00,7.41,12610,Spain,False,False,False,7.41,7.41,0.0,101054,2011,2011-02,Monday,0,17,True
101054,P111,Serving Bowl,7,2011-02-07 17:00:00,15.95,12610,Germany,False,False,False,111.64999999999999,111.64999999999999,0.0,101054,2011,2011-02,Monday,0,17,True
101055,P103,Wall Clock,2,2011-01-08 11:00:00,12.07,12530,France,False,False,False,24.14,24.14,0.0,101055,2011,2011-01,Saturday,5,11,True
101055,P100,Gift Box,1,2011-01-08 11:00:00,4.72,12530,Australia,False,False,False,4.72,4.72,0.0,101055,2011,2011-01,Saturday,5,11,True
101056,P107,Photo Frame,3,2011-01-17 17:00:00,9.43,12062,Spain,False,False,False,28.29,28.29,0.0,101056,2011,2011-01,Monday,0,17,True
101056,P103,Wall Clock,2,2011-01-17 17:00:00,11.25,12062,Spain,False,False,False,22.5,22.5,0.0,101056,2011,2011-01,Monday,0,17,True
101057,P111,Serving Bowl,1,2011-10-07 12:00:00,15.14,12284,Australia,False,False,False,15.14,15.14,0.0,101057,2011,2011-10,Friday,4,12,True
101057,P103,Wall Clock,4,2011-10-07 12:00:00,11.37,12284,Netherlands,False,False,False,45.48,45.48,0.0,101057,2011,2011-10,Friday,4,12,True
101057,P102,Notebook,16,2011-10-07 12:00:00,4.35,12284,Australia,False,False,False,69.6,69.6,0.0,101057,2011,2011-10,Friday,4,12,True
101057,P107,Photo Frame,3,2011-10-07 12:00:00,8.3,12284,Australia,False,False,False,24.900000000000002,24.900000000000002,0.0,101057,2011,2011-10,Friday,4,12,True
101058,P106,Glass Jar,4,2011-08-28 19:00:00,6.08,12500,Spain,False,False,False,24.32,24.32,0.0,101058,2011,2011-08,Sunday,6,19,True
101058,P107,Photo Frame,3,2011-08-28 19:00:00,8.14,12500,Netherlands,False,False,False,24.42,24.42,0.0,101058,2011,2011-08,Sunday,6,19,True
101058,P104,Candle Set,3,2011-08-28 19:00:00,10.72,12500,India,False,False,False,32.160000000000004,32.160000000000004,0.0,101058,2011,2011-08,Sunday,6,19,True
101059,P102,Notebook,9,2011-09-05 12:00:00,3.71,12127,Netherlands,False,False,False,33.39,33.39,0.0,101059,2011,2011-09,Monday,0,12,True
101059,P111,Serving Bowl,16,2011-09-05 12:00:00,15.05,12127,France,False,False,False,240.8,240.8,0.0,101059,2011,2011-09,Monday,0,12,True
101059,P110,Gift Wrap,7,2011-09-05 12:00:00,2.65,12127,Spain,False,False,False,18.55,18.55,0.0,101059,2011,2011-09,Monday,0,12,True
101060,P108,Tea Set,5,2010-12-01 19:00:00,20.48,12064,France,False,False,False,102.4,102.4,0.0,101060,2010,2010-12,Wednesday,2,19,True
101060,P105,Tote Bag,3,2010-12-01 19:00:00,6.69,12064,Spain,False,False,False,20.07,20.07,0.0,101060,2010,2010-12,Wednesday,2,19,True
101060,P109,Desk Organizer,3,2010-12-01 19:00:00,10.19,12064,Germany,False,False,False,30.57,30.57,0.0,101060,2010,2010-12,Wednesday,2,19,True
101061,P106,Glass Jar,3,2011-01-26 12:00:00,5.97,12048,Australia,False,False,False,17.91,17.91,0.0,101061,2011,2011-01,Wednesday,2,12,True
101061,P105,Tote Bag,1,2011-01-26 12:00:00,6.66,12048,India,False,False,False,6.66,6.66,0.0,101061,2011,2011-01,Wednesday,2,12,True
101061,P111,Serving Bowl,5,2011-01-26 12:00:00,14.03,12048,France,False,False,False,70.14999999999999,70.14999999999999,0.0,101061,2011,2011-01,Wednesday,2,12,True
101061,P103,Wall Clock,13,2011-01-26 12:00:00,13.06,12048,Netherlands,False,False,False,169.78,169.78,0.0,101061,2011,2011-01,Wednesday,2,12,True
101062,P106,Glass Jar,144,2011-06-03 16:00:00,5.07,12025,Germany,False,False,False,730.08,730.08,0.0,101062,2011,2011-06,Friday,4,16,True
101062,P104,Candle Set,8,2011-06-03 16:00:00,10.33,12025,France,False,False,False,82.64,82.64,0.0,101062,2011,2011-06,Friday,4,16,True
101063,P104,Candle Set,4,2011-12-03 15:00:00,10.22,12637,Australia,False,False,False,40.88,40.88,0.0,101063,2011,2011-12,Saturday,5,15,True
101063,P106,Glass Jar,5,2011-12-03 15:00:00,6.31,12637,India,False,False,False,31.549999999999997,31.549999999999997,0.0,101063,2011,2011-12,Saturday,5,15,True
101063,P100,Gift Box,7,2011-12-03 15:00:00,4.91,12637,France,False,False,False,34.370000000000005,34.370000000000005,0.0,101063,2011,2011-12,Saturday,5,15,True
101064,P108,Tea Set,1,2011-02-21 09:00:00,16.48,12121,France,False,False,False,16.48,16.48,0.0,101064,2011,2011-02,Monday,0,9,True
101064,P102,Notebook,13,2011-02-21 09:00:00,4.07,12121,Germany,False,False,False,52.910000000000004,52.910000000000004,0.0,101064,2011,2011-02,Monday,0,9,True
101064,P110,Gift Wrap,1,2011-02-21 09:00:00,2.4,12121,United Kingdom,False,False,False,2.4,2.4,0.0,101064,2011,2011-02,Monday,0,9,True
101065,P109,Desk Organizer,1,2011-03-30 15:00:00,10.7,12273,Germany,False,False,False,10.7,10.7,0.0,101065,2011,2011-03,Wednesday,2,15,True
101065,P110,Gift Wrap,5,2011-03-30 15:00:00,2.5,12273,Australia,False,False,False,12.5,12.5,0.0,101065,2011,2011-03,Wednesday,2,15,True
101066,P106,Glass Jar,3,2011-07-28 13:00:00,5.65,12438,India,False,False,False,16.950000000000003,16.950000000000003,0.0,101066,2011,2011-07,Thursday,3,13,True
101066,P105,Tote Bag,2,2011-07-28 13:00:00,6.77,12438,United Kingdom,False,False,False,13.54,13.54,0.0,101066,2011,2011-07,Thursday,3,13,True
101067,P110,Gift Wrap,5,2011-01-20 12:00:00,2.43,12547,Germany,False,False,False,12.15,12.15,0.0,101067,2011,2011-01,Thursday,3,12,True
101067,P109,Desk Organizer,1,2011-01-20 12:00:00,12.05,12547,Australia,False,False,False,12.05,12.05,0.0,101067,2011,2011-01,Thursday,3,12,True
101068,P108,Tea Set,10,2011-08-10 18:00:00,20.01,12459,France,False,False,False,200.10000000000002,200.10000000000002,0.0,101068,2011,2011-08,Wednesday,2,18,True
101068,P111,Serving Bowl,1,2011-08-10 18:00:00,15.05,12459,Netherlands,False,False,False,15.05,15.05,0.0,101068,2011,2011-08,Wednesday,2,18,True
101069,P106,Glass Jar,2,2011-02-28 14:00:00,5.62,12469,Spain,False,False,False,11.24,11.24,0.0,101069,2011,2011-02,Monday,0,14,True
101069,P101,Ceramic Mug,2,2011-02-28 14:00:00,6.63,12469,France,False,False,False,13.26,13.26,0.0,101069,2011,2011-02,Monday,0,14,True
101069,P109,Desk Organizer,1,2011-02-28 14:00:00,11.47,12469,Spain,False,False,False,11.47,11.47,0.0,101069,2011,2011-02,Monday,0,14,True
101069,P102,Notebook,6,2011-02-28 14:00:00,3.73,12469,Germany,False,False,False,22.38,22.38,0.0,101069,2011,2011-02,Monday,0,14,True
101070,P107,Photo Frame,2,2011-09-27 16:00:00,8.97,12170,France,False,False,False,17.94,17.94,0.0,101070,2011,2011-09,Tuesday,1,16,True
101070,P100,Gift Box,1,2011-09-27 16:00:00,4.72,12170,United Kingdom,False,False,False,4.72,4.72,0.0,101070,2011,2011-09,Tuesday,1,16,True
101070,P103,Wall Clock,4,2011-09-27 16:00:00,13.98,12170,France,False,False,False,55.92,55.92,0.0,101070,2011,2011-09,Tuesday,1,16,True
101070,P101,Ceramic Mug,3,2011-09-27 16:00:00,7.84,12170,Spain,False,False,False,23.52,23.52,0.0,101070,2011,2011-09,Tuesday,1,16,True
101071,P109,Desk Organizer,3,2011-01-11 08:00:00,10.78,12667,France,False,False,False,32.339999999999996,32.339999999999996,0.0,101071,2011,2011-01,Tuesday,1,8,True
101071,P102,Notebook,2,2011-01-11 08:00:00,3.43,12667,Australia,False,False,False,6.86,6.86,0.0,101071,2011,2011-01,Tuesday,1,8,True
101071,P107,Photo Frame,5,2011-01-11 08:00:00,9.13,12667,United Kingdom,False,False,False,45.650000000000006,45.650000000000006,0.0,101071,2011,2011-01,Tuesday,1,8,True
101071,P108,Tea Set,2,2011-01-11 08:00:00,16.26,12667,Australia,False,False,False,32.52,32.52,0.0,101071,2011,2011-01,Tuesday,1,8,True
101072,P104,Candle Set,6,2011-10-15 17:00:00,10.88,12076,Netherlands,False,False,False,65.28,65.28,0.0,101072,2011,2011-10,Saturday,5,17,True
101073,P105,Tote Bag,96,2011-02-13 13:00:00,5.94,12046,United Kingdom,False,False,False,570.24,570.24,0.0,101073,2011,2011-02,Sunday,6,13,True
101073,P111,Serving Bowl,8,2011-02-13 13:00:00,14.24,12046,India,False,False,False,113.92,113.92,0.0,101073,2011,2011-02,Sunday,6,13,True
101074,P104,Candle Set,3,2011-08-09 15:00:00,10.74,12333,India,False,False,False,32.22,32.22,0.0,101074,2011,2011-08,Tuesday,1,15,True
101075,P100,Gift Box,252,2011-02-26 14:00:00,4.57,12425,Netherlands,False,False,False,1151.64,1151.64,0.0,101075,2011,2011-02,Saturday,5,14,True
101076,P105,Tote Bag,1,2011-05-03 19:00:00,7.2,12551,India,False,False,False,7.2,7.2,0.0,101076,2011,2011-05,Tuesday,1,19,True
101076,P106,Glass Jar,9,2011-05-03 19:00:00,5.69,12551,Netherlands,False,False,False,51.21,51.21,0.0,101076,2011,2011-05,Tuesday,1,19,True
101076,P102,Notebook,2,2011-05-03 19:00:00,4.37,12551,Australia,False,False,False,8.74,8.74,0.0,101076,2011,2011-05,Tuesday,1,19,True
101077,P109,Desk Organizer,6,2011-11-01 16:00:00,11.95,12139,United Kingdom,False,False,False,71.69999999999999,71.69999999999999,0.0,101077,2011,2011-11,Tuesday,1,16,True
101077,P106,Glass Jar,4,2011-11-01 16:00:00,5.72,12139,Netherlands,False,False,False,22.88,22.88,0.0,101077,2011,2011-11,Tuesday,1,16,True
101077,P111,Serving Bowl,1,2011-11-01 16:00:00,14.4,12139,Germany,False,False,False,14.4,14.4,0.0,101077,2011,2011-11,Tuesday,1,16,True
101077,P101,Ceramic Mug,2,2011-11-01 16:00:00,8.05,12139,Australia,False,False,False,16.1,16.1,0.0,101077,2011,2011-11,Tuesday,1,16,True
101078,P102,Notebook,15,2010-12-24 18:00:00,4.33,12160,Spain,False,False,False,64.95,64.95,0.0,101078,2010,2010-12,Friday,4,18,True
101078,P101,Ceramic Mug,3,2010-12-24 18:00:00,8.16,12160,Netherlands,False,False,False,24.48,24.48,0.0,101078,2010,2010-12,Friday,4,18,True
101079,P111,Serving Bowl,4,2011-09-21 11:00:00,13.18,12203,Netherlands,False,False,False,52.72,52.72,0.0,101079,2011,2011-09,Wednesday,2,11,True
101080,P111,Serving Bowl,1,2011-02-04 10:00:00,15.3,12520,India,False,False,False,15.3,15.3,0.0,101080,2011,2011-02,Friday,4,10,True
101080,P110,Gift Wrap,4,2011-02-04 10:00:00,2.57,12520,Spain,False,False,False,10.28,10.28,0.0,101080,2011,2011-02,Friday,4,10,True
101081,P107,Photo Frame,2,2011-10-16 19:00:00,7.78,12079,Germany,False,False,False,15.56,15.56,0.0,101081,2011,2011-10,Sunday,6,19,True
101081,P108,Tea Set,1,2011-10-16 19:00:00,16.55,12079,Netherlands,False,False,False,16.55,16.55,0.0,101081,2011,2011-10,Sunday,6,19,True
101082,P104,Candle Set,5,2010-12-13 13:00:00,9.97,12015,France,False,False,False,49.85,49.85,0.0,101082,2010,2010-12,Monday,0,13,True
101083,P111,Serving Bowl,72,2011-08-25 11:00:00,16.59,12324,Australia,False,False,False,1194.48,1194.48,0.0,101083,2011,2011-08,Thursday,3,11,True
101083,P104,Candle Set,289,2011-08-25 11:00:00,10.33,12324,Spain,False,False,False,2985.37,2985.37,0.0,101083,2011,2011-08,Thursday,3,11,True
101083,P101,Ceramic Mug,2,2011-08-25 11:00:00,7.88,12324,France,False,False,False,15.76,15.76,0.0,101083,2011,2011-08,Thursday,3,11,True
101084,P104,Candle Set,4,2011-01-23 09:00:00,11.31,12666,France,False,False,False,45.24,45.24,0.0,101084,2011,2011-01,Sunday,6,9,True
101085,P110,Gift Wrap,4,2011-05-10 11:00:00,2.54,12297,Australia,False,False,False,10.16,10.16,0.0,101085,2011,2011-05,Tuesday,1,11,True
101085,P100,Gift Box,2,2011-05-10 11:00:00,4.24,12297,Germany,False,False,False,8.48,8.48,0.0,101085,2011,2011-05,Tuesday,1,11,True
101085,P107,Photo Frame,1,2011-05-10 11:00:00,8.64,12297,India,False,False,False,8.64,8.64,0.0,101085,2011,2011-05,Tuesday,1,11,True
101086,P108,Tea Set,4,2011-10-31 19:00:00,18.61,12221,India,False,False,False,74.44,74.44,0.0,101086,2011,2011-10,Monday,0,19,True
101086,P104,Candle Set,2,2011-10-31 19:00:00,9.04,12221,Netherlands,False,False,False,18.08,18.08,0.0,101086,2011,2011-10,Monday,0,19,True
101086,P109,Desk Organizer,2,2011-10-31 19:00:00,12.36,12221,Netherlands,False,False,False,24.72,24.72,0.0,101086,2011,2011-10,Monday,0,19,True
101087,P107,Photo Frame,1,2011-11-24 10:00:00,7.95,12453,Spain,False,False,False,7.95,7.95,0.0,101087,2011,2011-11,Thursday,3,10,True
101087,P106,Glass Jar,11,2011-11-24 10:00:00,6.16,12453,Australia,False,False,False,67.76,67.76,0.0,101087,2011,2011-11,Thursday,3,10,True
101087,P101,Ceramic Mug,5,2011-11-24 10:00:00,7.16,12453,United Kingdom,False,False,False,35.8,35.8,0.0,101087,2011,2011-11,Thursday,3,10,True
101088,P100,Gift Box,4,2011-08-15 09:00:00,4.72,12087,India,False,False,False,18.88,18.88,0.0,101088,2011,2011-08,Monday,0,9,True
101089,P102,Notebook,1,2011-03-07 16:00:00,4.31,12566,Australia,False,False,False,4.31,4.31,0.0,101089,2011,2011-03,Monday,0,16,True
101089,P105,Tote Bag,1,2011-03-07 16:00:00,6.05,12566,United Kingdom,False,False,False,6.05,6.05,0.0,101089,2011,2011-03,Monday,0,16,True
101089,P104,Candle Set,2,2011-03-07 16:00:00,9.75,12566,Spain,False,False,False,19.5,19.5,0.0,101089,2011,2011-03,Monday,0,16,True
101090,P110,Gift Wrap,13,2011-08-13 09:00:00,2.29,12516,Netherlands,False,False,False,29.77,29.77,0.0,101090,2011,2011-08,Saturday,5,9,True
101090,P100,Gift Box,2,2011-08-13 09:00:00,4.24,12516,United Kingdom,False,False,False,8.48,8.48,0.0,101090,2011,2011-08,Saturday,5,9,True
101090,P103,Wall Clock,1,2011-08-13 09:00:00,13.39,12516,Netherlands,False,False,False,13.39,13.39,0.0,101090,2011,2011-08,Saturday,5,9,True
101090,P109,Desk Organizer,1,2011-08-13 09:00:00,12.08,12516,India,False,False,False,12.08,12.08,0.0,101090,2011,2011-08,Saturday,5,9,True
101091,P106,Glass Jar,2,2011-11-03 14:00:00,5.45,12018,United Kingdom,False,False,False,10.9,10.9,0.0,101091,2011,2011-11,Thursday,3,14,True
101091,P108,Tea Set,5,2011-11-03 14:00:00,19.16,12018,Germany,False,False,False,95.8,95.8,0.0,101091,2011,2011-11,Thursday,3,14,True
101091,P104,Candle Set,4,2011-11-03 14:00:00,9.23,12018,United Kingdom,False,False,False,36.92,36.92,0.0,101091,2011,2011-11,Thursday,3,14,True
101092,P103,Wall Clock,4,2011-07-19 11:00:00,13.74,12047,Netherlands,False,False,False,54.96,54.96,0.0,101092,2011,2011-07,Tuesday,1,11,True
101092,P111,Serving Bowl,5,2011-07-19 11:00:00,14.75,12047,France,False,False,False,73.75,73.75,0.0,101092,2011,2011-07,Tuesday,1,11,True
101092,P102,Notebook,2,2011-07-19 11:00:00,4.23,12047,Netherlands,False,False,False,8.46,8.46,0.0,101092,2011,2011-07,Tuesday,1,11,True
101092,P108,Tea Set,3,2011-07-19 11:00:00,16.96,12047,United Kingdom,False,False,False,50.88,50.88,0.0,101092,2011,2011-07,Tuesday,1,11,True
101093,P100,Gift Box,3,2011-10-04 11:00:00,4.77,12526,United Kingdom,False,False,False,14.309999999999999,14.309999999999999,0.0,101093,2011,2011-10,Tuesday,1,11,True
101093,P111,Serving Bowl,1,2011-10-04 11:00:00,16.35,12526,Australia,False,False,False,16.35,16.35,0.0,101093,2011,2011-10,Tuesday,1,11,True
101093,P109,Desk Organizer,1,2011-10-04 11:00:00,11.24,12526,Australia,False,False,False,11.24,11.24,0.0,101093,2011,2011-10,Tuesday,1,11,True
101093,P108,Tea Set,14,2011-10-04 11:00:00,19.68,12526,Australia,False,False,False,275.52,275.52,0.0,101093,2011,2011-10,Tuesday,1,11,True
101094,P110,Gift Wrap,2,2011-07-25 15:00:00,2.52,12015,Germany,False,False,False,5.04,5.04,0.0,101094,2011,2011-07,Monday,0,15,True
101094,P103,Wall Clock,2,2011-07-25 15:00:00,13.19,12015,Netherlands,False,False,False,26.38,26.38,0.0,101094,2011,2011-07,Monday,0,15,True
101094,P108,Tea Set,9,2011-07-25 15:00:00,17.07,12015,France,False,False,False,153.63,153.63,0.0,101094,2011,2011-07,Monday,0,15,True
101094,P100,Gift Box,2,2011-07-25 15:00:00,5.11,12015,Spain,False,False,False,10.22,10.22,0.0,101094,2011,2011-07,Monday,0,15,True
101095,P110,Gift Wrap,4,2011-03-16 10:00:00,2.71,12590,India,False,False,False,10.84,10.84,0.0,101095,2011,2011-03,Wednesday,2,10,True
101095,P102,Notebook,6,2011-03-16 10:00:00,4.33,12590,Netherlands,False,False,False,25.98,25.98,0.0,101095,2011,2011-03,Wednesday,2,10,True
101095,P101,Ceramic Mug,2,2011-03-16 10:00:00,8.24,12590,Australia,False,False,False,16.48,16.48,0.0,101095,2011,2011-03,Wednesday,2,10,True
101096,P111,Serving Bowl,3,2011-07-11 09:00:00,13.37,12587,France,False,False,False,40.11,40.11,0.0,101096,2011,2011-07,Monday,0,9,True
101097,P100,Gift Box,1,2011-09-23 11:00:00,4.09,12005,France,False,False,False,4.09,4.09,0.0,101097,2011,2011-09,Friday,4,11,True
101097,P110,Gift Wrap,2,2011-09-23 11:00:00,2.47,12005,Spain,False,False,False,4.94,4.94,0.0,101097,2011,2011-09,Friday,4,11,True
101097,P105,Tote Bag,1,2011-09-23 11:00:00,7.12,12005,Germany,False,False,False,7.12,7.12,0.0,101097,2011,2011-09,Friday,4,11,True
101098,P100,Gift Box,1,2011-08-27 08:00:00,4.32,12256,Australia,False,False,False,4.32,4.32,0.0,101098,2011,2011-08,Saturday,5,8,True
101098,P101,Ceramic Mug,9,2011-08-27 08:00:00,6.88,12256,Germany,False,False,False,61.92,61.92,0.0,101098,2011,2011-08,Saturday,5,8,True
101098,P102,Notebook,8,2011-08-27 08:00:00,3.68,12256,Netherlands,False,False,False,29.44,29.44,0.0,101098,2011,2011-08,Saturday,5,8,True
101099,P105,Tote Bag,1,2011-03-31 11:00:00,7.04,12490,India,False,False,False,7.04,7.04,0.0,101099,2011,2011-03,Thursday,3,11,True
101099,P111,Serving Bowl,3,2011-03-31 11:00:00,16.41,12490,Germany,False,False,False,49.230000000000004,49.230000000000004,0.0,101099,2011,2011-03,Thursday,3,11,True
101100,P110,Gift Wrap,2,2011-07-13 17:00:00,2.28,12683,Australia,False,False,False,4.56,4.56,0.0,101100,2011,2011-07,Wednesday,2,17,True
101101,P107,Photo Frame,1,2011-03-13 15:00:00,9.12,12251,France,False,False,False,9.12,9.12,0.0,101101,2011,2011-03,Sunday,6,15,True
101101,P109,Desk Organizer,9,2011-03-13 15:00:00,11.92,12251,Spain,False,False,False,107.28,107.28,0.0,101101,2011,2011-03,Sunday,6,15,True
101101,P110,Gift Wrap,3,2011-03-13 15:00:00,2.37,12251,Australia,False,False,False,7.11,7.11,0.0,101101,2011,2011-03,Sunday,6,15,True
101102,P103,Wall Clock,1,2011-05-11 17:00:00,11.7,12067,United Kingdom,False,False,False,11.7,11.7,0.0,101102,2011,2011-05,Wednesday,2,17,True
101102,P100,Gift Box,2,2011-05-11 17:00:00,4.89,12067,Netherlands,False,False,False,9.78,9.78,0.0,101102,2011,2011-05,Wednesday,2,17,True
101103,P106,Glass Jar,1,2011-01-13 10:00:00,5.01,12687,Spain,False,False,False,5.01,5.01,0.0,101103,2011,2011-01,Thursday,3,10,True
101103,P109,Desk Organizer,1,2011-01-13 10:00:00,11.67,12687,Spain,False,False,False,11.67,11.67,0.0,101103,2011,2011-01,Thursday,3,10,True
101103,P107,Photo Frame,15,2011-01-13 10:00:00,8.03,12687,France,False,False,False,120.44999999999999,120.44999999999999,0.0,101103,2011,2011-01,Thursday,3,10,True
101104,P107,Photo Frame,1,2011-10-22 09:00:00,9.09,12363,United Kingdom,False,False,False,9.09,9.09,0.0,101104,2011,2011-10,Saturday,5,9,True
101104,P104,Candle Set,3,2011-10-22 09:00:00,10.39,12363,Netherlands,False,False,False,31.17,31.17,0.0,101104,2011,2011-10,Saturday,5,9,True
101104,P105,Tote Bag,6,2011-10-22 09:00:00,5.98,12363,India,False,False,False,35.88,35.88,0.0,101104,2011,2011-10,Saturday,5,9,True
101105,P102,Notebook,1,2011-10-20 19:00:00,3.91,12026,United Kingdom,False,False,False,3.91,3.91,0.0,101105,2011,2011-10,Thursday,3,19,True
101105,P103,Wall Clock,11,2011-10-20 19:00:00,13.83,12026,India,False,False,False,152.13,152.13,0.0,101105,2011,2011-10,Thursday,3,19,True
101105,P111,Serving Bowl,1,2011-10-20 19:00:00,14.72,12026,Netherlands,False,False,False,14.72,14.72,0.0,101105,2011,2011-10,Thursday,3,19,True
101105,P109,Desk Organizer,6,2011-10-20 19:00:00,12.52,12026,United Kingdom,False,False,False,75.12,75.12,0.0,101105,2011,2011-10,Thursday,3,19,True
101106,P111,Serving Bowl,3,2011-10-18 14:00:00,15.9,12020,France,False,False,False,47.7,47.7,0.0,101106,2011,2011-10,Tuesday,1,14,True
101106,P107,Photo Frame,5,2011-10-18 14:00:00,9.27,12020,Australia,False,False,False,46.349999999999994,46.349999999999994,0.0,101106,2011,2011-10,Tuesday,1,14,True
101107,P109,Desk Organizer,7,2011-10-17 15:00:00,10.13,12052,Spain,False,False,False,70.91000000000001,70.91000000000001,0.0,101107,2011,2011-10,Monday,0,15,True
101108,P102,Notebook,4,2011-08-26 18:00:00,4.04,12047,France,False,False,False,16.16,16.16,0.0,101108,2011,2011-08,Friday,4,18,True
101108,P107,Photo Frame,2,2011-08-26 18:00:00,7.79,12047,Netherlands,False,False,False,15.58,15.58,0.0,101108,2011,2011-08,Friday,4,18,True
101108,P111,Serving Bowl,1,2011-08-26 18:00:00,14.97,12047,India,False,False,False,14.97,14.97,0.0,101108,2011,2011-08,Friday,4,18,True
101108,P110,Gift Wrap,7,2011-08-26 18:00:00,2.52,12047,Germany,False,False,False,17.64,17.64,0.0,101108,2011,2011-08,Friday,4,18,True
101109,P107,Photo Frame,2,2011-11-05 10:00:00,9.18,12043,Spain,False,False,False,18.36,18.36,0.0,101109,2011,2011-11,Saturday,5,10,True
101109,P111,Serving Bowl,1,2011-11-05 10:00:00,15.27,12043,India,False,False,False,15.27,15.27,0.0,101109,2011,2011-11,Saturday,5,10,True
101109,P100,Gift Box,1,2011-11-05 10:00:00,4.18,12043,United Kingdom,False,False,False,4.18,4.18,0.0,101109,2011,2011-11,Saturday,5,10,True
101110,P109,Desk Organizer,2,2010-12-17 13:00:00,11.75,12652,United Kingdom,False,False,False,23.5,23.5,0.0,101110,2010,2010-12,Friday,4,13,True
101110,P108,Tea Set,1,2010-12-17 13:00:00,17.77,12652,United Kingdom,False,False,False,17.77,17.77,0.0,101110,2010,2010-12,Friday,4,13,True
101111,P106,Glass Jar,2,2011-05-09 15:00:00,6.24,12499,Spain,False,False,False,12.48,12.48,0.0,101111,2011,2011-05,Monday,0,15,True
101112,P104,Candle Set,1,2011-09-29 12:00:00,9.81,12096,Australia,False,False,False,9.81,9.81,0.0,101112,2011,2011-09,Thursday,3,12,True
101112,P111,Serving Bowl,3,2011-09-29 12:00:00,15.96,12096,India,False,False,False,47.88,47.88,0.0,101112,2011,2011-09,Thursday,3,12,True
101113,P100,Gift Box,3,2011-03-13 14:00:00,4.68,12593,Germany,False,False,False,14.04,14.04,0.0,101113,2011,2011-03,Sunday,6,14,True
101114,P111,Serving Bowl,7,2011-08-07 10:00:00,15.62,12052,France,False,False,False,109.33999999999999,109.33999999999999,0.0,101114,2011,2011-08,Sunday,6,10,True
101114,P107,Photo Frame,1,2011-08-07 10:00:00,7.56,12052,France,False,False,False,7.56,7.56,0.0,101114,2011,2011-08,Sunday,6,10,True
101114,P100,Gift Box,3,2011-08-07 10:00:00,5.08,12052,Australia,False,False,False,15.24,15.24,0.0,101114,2011,2011-08,Sunday,6,10,True
101114,P109,Desk Organizer,1,2011-08-07 10:00:00,11.49,12052,India,False,False,False,11.49,11.49,0.0,101114,2011,2011-08,Sunday,6,10,True
101115,P104,Candle Set,6,2011-06-07 09:00:00,10.14,12526,Germany,False,False,False,60.84,60.84,0.0,101115,2011,2011-06,Tuesday,1,9,True
101116,P105,Tote Bag,1,2011-06-25 09:00:00,7.19,12478,Netherlands,False,False,False,7.19,7.19,0.0,101116,2011,2011-06,Saturday,5,9,True
101116,P110,Gift Wrap,1,2011-06-25 09:00:00,2.57,12478,Netherlands,False,False,False,2.57,2.57,0.0,101116,2011,2011-06,Saturday,5,9,True
101116,P111,Serving Bowl,1,2011-06-25 09:00:00,15.7,12478,United Kingdom,False,False,False,15.7,15.7,0.0,101116,2011,2011-06,Saturday,5,9,True
101116,P108,Tea Set,114,2011-06-25 09:00:00,16.23,12478,Netherlands,False,False,False,1850.22,1850.22,0.0,101116,2011,2011-06,Saturday,5,9,True
101117,P106,Glass Jar,1,2011-05-28 11:00:00,6.25,12630,United Kingdom,False,False,False,6.25,6.25,0.0,101117,2011,2011-05,Saturday,5,11,True
101117,P100,Gift Box,1,2011-05-28 11:00:00,4.71,12630,France,False,False,False,4.71,4.71,0.0,101117,2011,2011-05,Saturday,5,11,True
101117,P108,Tea Set,3,2011-05-28 11:00:00,18.36,12630,Germany,False,False,False,55.08,55.08,0.0,101117,2011,2011-05,Saturday,5,11,True
101118,P104,Candle Set,2,2011-09-10 09:00:00,10.31,12557,France,False,False,False,20.62,20.62,0.0,101118,2011,2011-09,Saturday,5,9,True
101119,P107,Photo Frame,7,2011-01-04 10:00:00,8.46,12580,India,False,False,False,59.220000000000006,59.220000000000006,0.0,101119,2011,2011-01,Tuesday,1,10,True
101119,P109,Desk Organizer,1,2011-01-04 10:00:00,10.82,12580,India,False,False,False,10.82,10.82,0.0,101119,2011,2011-01,Tuesday,1,10,True
101120,P102,Notebook,10,2011-07-25 08:00:00,3.65,12338,Germany,False,False,False,36.5,36.5,0.0,101120,2011,2011-07,Monday,0,8,True
101121,P107,Photo Frame,1,2011-01-20 08:00:00,7.82,12321,Spain,False,False,False,7.82,7.82,0.0,101121,2011,2011-01,Thursday,3,8,True
101121,P109,Desk Organizer,1,2011-01-20 08:00:00,10.55,12321,Germany,False,False,False,10.55,10.55,0.0,101121,2011,2011-01,Thursday,3,8,True
101121,P108,Tea Set,7,2011-01-20 08:00:00,16.88,12321,Netherlands,False,False,False,118.16,118.16,0.0,101121,2011,2011-01,Thursday,3,8,True
101122,P105,Tote Bag,2,2011-07-01 13:00:00,7.26,12029,Australia,False,False,False,14.52,14.52,0.0,101122,2011,2011-07,Friday,4,13,True
101122,P106,Glass Jar,1,2011-07-01 13:00:00,6.22,12029,Netherlands,False,False,False,6.22,6.22,0.0,101122,2011,2011-07,Friday,4,13,True
101122,P100,Gift Box,16,2011-07-01 13:00:00,4.91,12029,United Kingdom,False,False,False,78.56,78.56,0.0,101122,2011,2011-07,Friday,4,13,True
101123,P101,Ceramic Mug,4,2010-12-04 14:00:00,7.49,12478,India,False,False,False,29.96,29.96,0.0,101123,2010,2010-12,Saturday,5,14,True
101124,P111,Serving Bowl,2,2011-05-30 18:00:00,14.56,12531,Germany,False,False,False,29.12,29.12,0.0,101124,2011,2011-05,Monday,0,18,True
101124,P104,Candle Set,2,2011-05-30 18:00:00,9.01,12531,Australia,False,False,False,18.02,18.02,0.0,101124,2011,2011-05,Monday,0,18,True
101124,P110,Gift Wrap,1,2011-05-30 18:00:00,2.4,12531,United Kingdom,False,False,False,2.4,2.4,0.0,101124,2011,2011-05,Monday,0,18,True
101125,P108,Tea Set,14,2011-01-03 18:00:00,19.09,12111,Netherlands,False,False,False,267.26,267.26,0.0,101125,2011,2011-01,Monday,0,18,True
101125,P107,Photo Frame,3,2011-01-03 18:00:00,8.64,12111,Germany,False,False,False,25.92,25.92,0.0,101125,2011,2011-01,Monday,0,18,True
101126,P108,Tea Set,1,2011-04-29 19:00:00,18.3,12007,Spain,False,False,False,18.3,18.3,0.0,101126,2011,2011-04,Friday,4,19,True
101127,P104,Candle Set,8,2011-10-24 17:00:00,10.57,12204,Germany,False,False,False,84.56,84.56,0.0,101127,2011,2011-10,Monday,0,17,True
101128,P104,Candle Set,1,2011-05-23 14:00:00,9.15,12520,Germany,False,False,False,9.15,9.15,0.0,101128,2011,2011-05,Monday,0,14,True
101128,P107,Photo Frame,4,2011-05-23 14:00:00,8.45,12520,Australia,False,False,False,33.8,33.8,0.0,101128,2011,2011-05,Monday,0,14,True
101129,P100,Gift Box,7,2010-12-22 08:00:00,4.25,12492,France,False,False,False,29.75,29.75,0.0,101129,2010,2010-12,Wednesday,2,8,True
101130,P105,Tote Bag,14,2011-01-04 13:00:00,7.08,12508,France,False,False,False,99.12,99.12,0.0,101130,2011,2011-01,Tuesday,1,13,True
101130,P100,Gift Box,3,2011-01-04 13:00:00,4.87,12508,Netherlands,False,False,False,14.61,14.61,0.0,101130,2011,2011-01,Tuesday,1,13,True
101131,P108,Tea Set,3,2011-10-19 10:00:00,20.6,12106,Germany,False,False,False,61.800000000000004,61.800000000000004,0.0,101131,2011,2011-10,Wednesday,2,10,True
101131,P109,Desk Organizer,7,2011-10-19 10:00:00,10.87,12106,France,False,False,False,76.08999999999999,76.08999999999999,0.0,101131,2011,2011-10,Wednesday,2,10,True
101131,P102,Notebook,2,2011-10-19 10:00:00,4.12,12106,France,False,False,False,8.24,8.24,0.0,101131,2011,2011-10,Wednesday,2,10,True
101131,P104,Candle Set,5,2011-10-19 10:00:00,9.13,12106,Netherlands,False,False,False,45.650000000000006,45.650000000000006,0.0,101131,2011,2011-10,Wednesday,2,10,True
101132,P105,Tote Bag,2,2011-10-17 12:00:00,7.36,12464,Spain,False,False,False,14.72,14.72,0.0,101132,2011,2011-10,Monday,0,12,True
101132,P110,Gift Wrap,6,2011-10-17 12:00:00,2.68,12464,Netherlands,False,False,False,16.080000000000002,16.080000000000002,0.0,101132,2011,2011-10,Monday,0,12,True
101132,P102,Notebook,1,2011-10-17 12:00:00,4.23,12464,Netherlands,False,False,False,4.23,4.23,0.0,101132,2011,2011-10,Monday,0,12,True
101133,P106,Glass Jar,4,2011-11-02 14:00:00,5.75,12034,Germany,False,False,False,23.0,23.0,0.0,101133,2011,2011-11,Wednesday,2,14,True
101134,P102,Notebook,4,2011-11-08 11:00:00,3.89,12026,Australia,False,False,False,15.56,15.56,0.0,101134,2011,2011-11,Tuesday,1,11,True
101134,P108,Tea Set,4,2011-11-08 11:00:00,18.14,12026,United Kingdom,False,False,False,72.56,72.56,0.0,101134,2011,2011-11,Tuesday,1,11,True
101134,P104,Candle Set,5,2011-11-08 11:00:00,9.66,12026,France,False,False,False,48.3,48.3,0.0,101134,2011,2011-11,Tuesday,1,11,True
101135,P110,Gift Wrap,13,2011-09-28 18:00:00,2.37,12499,Germany,False,False,False,30.810000000000002,30.810000000000002,0.0,101135,2011,2011-09,Wednesday,2,18,True
101135,P111,Serving Bowl,9,2011-09-28 18:00:00,15.79,12499,United Kingdom,False,False,False,142.10999999999999,142.10999999999999,0.0,101135,2011,2011-09,Wednesday,2,18,True
101136,P108,Tea Set,8,2011-08-05 13:00:00,18.33,12526,Netherlands,False,False,False,146.64,146.64,0.0,101136,2011,2011-08,Friday,4,13,True
101136,P103,Wall Clock,1,2011-08-05 13:00:00,13.89,12526,United Kingdom,False,False,False,13.89,13.89,0.0,101136,2011,2011-08,Friday,4,13,True
101136,P102,Notebook,1,2011-08-05 13:00:00,3.79,12526,India,False,False,False,3.79,3.79,0.0,101136,2011,2011-08,Friday,4,13,True
101137,P101,Ceramic Mug,3,2011-09-22 12:00:00,8.08,12512,France,False,False,False,24.240000000000002,24.240000000000002,0.0,101137,2011,2011-09,Thursday,3,12,True
101137,P109,Desk Organizer,2,2011-09-22 12:00:00,12.59,12512,India,False,False,False,25.18,25.18,0.0,101137,2011,2011-09,Thursday,3,12,True
101138,P104,Candle Set,1,2011-02-16 18:00:00,11.09,12557,Australia,False,False,False,11.09,11.09,0.0,101138,2011,2011-02,Wednesday,2,18,True
101138,P105,Tote Bag,5,2011-02-16 18:00:00,6.74,12557,India,False,False,False,33.7,33.7,0.0,101138,2011,2011-02,Wednesday,2,18,True
101138,P106,Glass Jar,7,2011-02-16 18:00:00,5.84,12557,Spain,False,False,False,40.879999999999995,40.879999999999995,0.0,101138,2011,2011-02,Wednesday,2,18,True
101138,P100,Gift Box,5,2011-02-16 18:00:00,4.56,12557,Spain,False,False,False,22.799999999999997,22.799999999999997,0.0,101138,2011,2011-02,Wednesday,2,18,True
101139,P101,Ceramic Mug,1,2011-10-25 18:00:00,7.61,12004,Netherlands,False,False,False,7.61,7.61,0.0,101139,2011,2011-10,Tuesday,1,18,True
101139,P111,Serving Bowl,1,2011-10-25 18:00:00,14.23,12004,India,False,False,False,14.23,14.23,0.0,101139,2011,2011-10,Tuesday,1,18,True
101139,P108,Tea Set,3,2011-10-25 18:00:00,19.93,12004,Spain,False,False,False,59.79,59.79,0.0,101139,2011,2011-10,Tuesday,1,18,True
101139,P106,Glass Jar,2,2011-10-25 18:00:00,5.68,12004,United Kingdom,False,False,False,11.36,11.36,0.0,101139,2011,2011-10,Tuesday,1,18,True
101140,P111,Serving Bowl,11,2011-01-20 15:00:00,16.06,12075,India,False,False,False,176.66,176.66,0.0,101140,2011,2011-01,Thursday,3,15,True
101140,P106,Glass Jar,3,2011-01-20 15:00:00,5.97,12075,United Kingdom,False,False,False,17.91,17.91,0.0,101140,2011,2011-01,Thursday,3,15,True
101140,P101,Ceramic Mug,4,2011-01-20 15:00:00,7.65,12075,United Kingdom,False,False,False,30.6,30.6,0.0,101140,2011,2011-01,Thursday,3,15,True
101140,P108,Tea Set,12,2011-01-20 15:00:00,20.02,12075,France,False,False,False,240.24,240.24,0.0,101140,2011,2011-01,Thursday,3,15,True
101141,P111,Serving Bowl,2,2011-09-19 12:00:00,14.65,12048,Germany,False,False,False,29.3,29.3,0.0,101141,2011,2011-09,Monday,0,12,True
101141,P106,Glass Jar,3,2011-09-19 12:00:00,5.15,12048,Germany,False,False,False,15.450000000000001,15.450000000000001,0.0,101141,2011,2011-09,Monday,0,12,True
101141,P110,Gift Wrap,7,2011-09-19 12:00:00,2.5,12048,France,False,False,False,17.5,17.5,0.0,101141,2011,2011-09,Monday,0,12,True
101141,P108,Tea Set,4,2011-09-19 12:00:00,18.09,12048,Spain,False,False,False,72.36,72.36,0.0,101141,2011,2011-09,Monday,0,12,True
101142,P108,Tea Set,2,2011-08-15 08:00:00,16.45,12498,Netherlands,False,False,False,32.9,32.9,0.0,101142,2011,2011-08,Monday,0,8,True
101142,P111,Serving Bowl,3,2011-08-15 08:00:00,15.08,12498,United Kingdom,False,False,False,45.24,45.24,0.0,101142,2011,2011-08,Monday,0,8,True
101143,P105,Tote Bag,2,2011-07-29 08:00:00,7.4,12648,Germany,False,False,False,14.8,14.8,0.0,101143,2011,2011-07,Friday,4,8,True
101144,P111,Serving Bowl,10,2011-11-21 13:00:00,14.21,12073,United Kingdom,False,False,False,142.10000000000002,142.10000000000002,0.0,101144,2011,2011-11,Monday,0,13,True
101144,P100,Gift Box,8,2011-11-21 13:00:00,4.22,12073,Spain,False,False,False,33.76,33.76,0.0,101144,2011,2011-11,Monday,0,13,True
101144,P102,Notebook,1,2011-11-21 13:00:00,3.61,12073,India,False,False,False,3.61,3.61,0.0,101144,2011,2011-11,Monday,0,13,True
101144,P105,Tote Bag,1,2011-11-21 13:00:00,6.03,12073,Germany,False,False,False,6.03,6.03,0.0,101144,2011,2011-11,Monday,0,13,True
101145,P107,Photo Frame,3,2011-08-05 16:00:00,7.47,12136,India,False,False,False,22.41,22.41,0.0,101145,2011,2011-08,Friday,4,16,True
101145,P104,Candle Set,2,2011-08-05 16:00:00,10.05,12136,United Kingdom,False,False,False,20.1,20.1,0.0,101145,2011,2011-08,Friday,4,16,True
101145,P105,Tote Bag,2,2011-08-05 16:00:00,7.44,12136,Spain,False,False,False,14.88,14.88,0.0,101145,2011,2011-08,Friday,4,16,True
101146,P106,Glass Jar,1,2011-05-03 08:00:00,5.37,12195,France,False,False,False,5.37,5.37,0.0,101146,2011,2011-05,Tuesday,1,8,True
101146,P102,Notebook,3,2011-05-03 08:00:00,3.51,12195,Netherlands,False,False,False,10.53,10.53,0.0,101146,2011,2011-05,Tuesday,1,8,True
101146,P111,Serving Bowl,2,2011-05-03 08:00:00,13.41,12195,Australia,False,False,False,26.82,26.82,0.0,101146,2011,2011-05,Tuesday,1,8,True
101146,P107,Photo Frame,9,2011-05-03 08:00:00,8.7,12195,Germany,False,False,False,78.3,78.3,0.0,101146,2011,2011-05,Tuesday,1,8,True
101147,P104,Candle Set,18,2011-06-07 11:00:00,9.59,12568,Germany,False,False,False,172.62,172.62,0.0,101147,2011,2011-06,Tuesday,1,11,True
101147,P109,Desk Organizer,2,2011-06-07 11:00:00,9.9,12568,France,False,False,False,19.8,19.8,0.0,101147,2011,2011-06,Tuesday,1,11,True
101147,P107,Photo Frame,3,2011-06-07 11:00:00,8.71,12568,Netherlands,False,False,False,26.130000000000003,26.130000000000003,0.0,101147,2011,2011-06,Tuesday,1,11,True
101148,P108,Tea Set,3,2011-08-09 13:00:00,19.15,12231,Spain,False,False,False,57.449999999999996,57.449999999999996,0.0,101148,2011,2011-08,Tuesday,1,13,True
101148,P110,Gift Wrap,3,2011-08-09 13:00:00,2.46,12231,Australia,False,False,False,7.38,7.38,0.0,101148,2011,2011-08,Tuesday,1,13,True
101148,P103,Wall Clock,5,2011-08-09 13:00:00,13.2,12231,India,False,False,False,66.0,66.0,0.0,101148,2011,2011-08,Tuesday,1,13,True
101149,P109,Desk Organizer,1,2011-01-03 11:00:00,12.55,12448,India,False,False,False,12.55,12.55,0.0,101149,2011,2011-01,Monday,0,11,True
101149,P111,Serving Bowl,2,2011-01-03 11:00:00,13.49,12448,Spain,False,False,False,26.98,26.98,0.0,101149,2011,2011-01,Monday,0,11,True
101149,P106,Glass Jar,3,2011-01-03 11:00:00,6.14,12448,Australia,False,False,False,18.419999999999998,18.419999999999998,0.0,101149,2011,2011-01,Monday,0,11,True
101150,P105,Tote Bag,7,2011-02-28 10:00:00,6.13,12037,Netherlands,False,False,False,42.91,42.91,0.0,101150,2011,2011-02,Monday,0,10,True
101151,P105,Tote Bag,3,2011-02-14 19:00:00,5.88,12071,France,False,False,False,17.64,17.64,0.0,101151,2011,2011-02,Monday,0,19,True
101152,P101,Ceramic Mug,1,2011-04-15 19:00:00,6.6,12025,India,False,False,False,6.6,6.6,0.0,101152,2011,2011-04,Friday,4,19,True
101153,P107,Photo Frame,1,2011-11-28 15:00:00,7.63,12397,Spain,False,False,False,7.63,7.63,0.0,101153,2011,2011-11,Monday,0,15,True
101153,P102,Notebook,1,2011-11-28 15:00:00,3.58,12397,Australia,False,False,False,3.58,3.58,0.0,101153,2011,2011-11,Monday,0,15,True
101153,P110,Gift Wrap,4,2011-11-28 15:00:00,2.63,12397,France,False,False,False,10.52,10.52,0.0,101153,2011,2011-11,Monday,0,15,True
101153,P101,Ceramic Mug,1,2011-11-28 15:00:00,7.79,12397,Germany,False,False,False,7.79,7.79,0.0,101153,2011,2011-11,Monday,0,15,True
101154,P105,Tote Bag,1,2010-12-21 18:00:00,6.05,12241,Netherlands,False,False,False,6.05,6.05,0.0,101154,2010,2010-12,Tuesday,1,18,True
101154,P101,Ceramic Mug,2,2010-12-21 18:00:00,6.88,12241,United Kingdom,False,False,False,13.76,13.76,0.0,101154,2010,2010-12,Tuesday,1,18,True
101154,P111,Serving Bowl,1,2010-12-21 18:00:00,16.08,12241,Netherlands,False,False,False,16.08,16.08,0.0,101154,2010,2010-12,Tuesday,1,18,True
101155,P106,Glass Jar,1,2011-07-25 11:00:00,5.96,12067,Spain,False,False,False,5.96,5.96,0.0,101155,2011,2011-07,Monday,0,11,True
101155,P107,Photo Frame,4,2011-07-25 11:00:00,7.58,12067,Australia,False,False,False,30.32,30.32,0.0,101155,2011,2011-07,Monday,0,11,True
101155,P109,Desk Organizer,1,2011-07-25 11:00:00,10.11,12067,Spain,False,False,False,10.11,10.11,0.0,101155,2011,2011-07,Monday,0,11,True
101156,P108,Tea Set,7,2011-10-19 11:00:00,16.22,12630,United Kingdom,False,False,False,113.53999999999999,113.53999999999999,0.0,101156,2011,2011-10,Wednesday,2,11,True
101156,P102,Notebook,1,2011-10-19 11:00:00,4.01,12630,France,False,False,False,4.01,4.01,0.0,101156,2011,2011-10,Wednesday,2,11,True
101156,P103,Wall Clock,1,2011-10-19 11:00:00,13.04,12630,India,False,False,False,13.04,13.04,0.0,101156,2011,2011-10,Wednesday,2,11,True
101156,P101,Ceramic Mug,1,2011-10-19 11:00:00,6.78,12630,United Kingdom,False,False,False,6.78,6.78,0.0,101156,2011,2011-10,Wednesday,2,11,True
101157,P105,Tote Bag,4,2011-06-10 19:00:00,6.31,12246,India,False,False,False,25.24,25.24,0.0,101157,2011,2011-06,Friday,4,19,True
101158,P101,Ceramic Mug,7,2011-01-29 19:00:00,7.0,12304,India,False,False,False,49.0,49.0,0.0,101158,2011,2011-01,Saturday,5,19,True
101158,P100,Gift Box,9,2011-01-29 19:00:00,4.8,12304,India,False,False,False,43.199999999999996,43.199999999999996,0.0,101158,2011,2011-01,Saturday,5,19,True
101158,P107,Photo Frame,7,2011-01-29 19:00:00,9.04,12304,Australia,False,False,False,63.279999999999994,63.279999999999994,0.0,101158,2011,2011-01,Saturday,5,19,True
101158,P111,Serving Bowl,5,2011-01-29 19:00:00,14.13,12304,India,False,False,False,70.65,70.65,0.0,101158,2011,2011-01,Saturday,5,19,True
101159,P109,Desk Organizer,4,2011-10-20 17:00:00,12.29,12012,Australia,False,False,False,49.16,49.16,0.0,101159,2011,2011-10,Thursday,3,17,True
101159,P108,Tea Set,4,2011-10-20 17:00:00,20.24,12012,India,False,False,False,80.96,80.96,0.0,101159,2011,2011-10,Thursday,3,17,True
101159,P105,Tote Bag,1,2011-10-20 17:00:00,6.21,12012,Spain,False,False,False,6.21,6.21,0.0,101159,2011,2011-10,Thursday,3,17,True
101159,P103,Wall Clock,7,2011-10-20 17:00:00,11.64,12012,Netherlands,False,False,False,81.48,81.48,0.0,101159,2011,2011-10,Thursday,3,17,True
101160,P102,Notebook,3,2011-05-23 08:00:00,3.67,12060,Spain,False,False,False,11.01,11.01,0.0,101160,2011,2011-05,Monday,0,8,True
101160,P107,Photo Frame,5,2011-05-23 08:00:00,7.72,12060,Netherlands,False,False,False,38.6,38.6,0.0,101160,2011,2011-05,Monday,0,8,True
101160,P103,Wall Clock,2,2011-05-23 08:00:00,12.0,12060,Netherlands,False,False,False,24.0,24.0,0.0,101160,2011,2011-05,Monday,0,8,True
101160,P105,Tote Bag,1,2011-05-23 08:00:00,6.09,12060,India,False,False,False,6.09,6.09,0.0,101160,2011,2011-05,Monday,0,8,True
101161,P105,Tote Bag,1,2011-11-16 08:00:00,5.87,12434,France,False,False,False,5.87,5.87,0.0,101161,2011,2011-11,Wednesday,2,8,True
101161,P102,Notebook,4,2011-11-16 08:00:00,3.94,12434,United Kingdom,False,False,False,15.76,15.76,0.0,101161,2011,2011-11,Wednesday,2,8,True
101161,P103,Wall Clock,3,2011-11-16 08:00:00,14.0,12434,India,False,False,False,42.0,42.0,0.0,101161,2011,2011-11,Wednesday,2,8,True
101161,P107,Photo Frame,1,2011-11-16 08:00:00,9.0,12434,United Kingdom,False,False,False,9.0,9.0,0.0,101161,2011,2011-11,Wednesday,2,8,True
101162,P110,Gift Wrap,3,2011-09-19 19:00:00,2.53,12383,Germany,False,False,False,7.59,7.59,0.0,101162,2011,2011-09,Monday,0,19,True
101162,P102,Notebook,5,2011-09-19 19:00:00,4.09,12383,France,False,False,False,20.45,20.45,0.0,101162,2011,2011-09,Monday,0,19,True
101162,P108,Tea Set,2,2011-09-19 19:00:00,18.52,12383,United Kingdom,False,False,False,37.04,37.04,0.0,101162,2011,2011-09,Monday,0,19,True
101162,P106,Glass Jar,1,2011-09-19 19:00:00,5.32,12383,Germany,False,False,False,5.32,5.32,0.0,101162,2011,2011-09,Monday,0,19,True
101163,P102,Notebook,1,2011-04-03 09:00:00,3.87,12380,Spain,False,False,False,3.87,3.87,0.0,101163,2011,2011-04,Sunday,6,9,True
101163,P101,Ceramic Mug,2,2011-04-03 09:00:00,7.88,12380,United Kingdom,False,False,False,15.76,15.76,0.0,101163,2011,2011-04,Sunday,6,9,True
101163,P107,Photo Frame,2,2011-04-03 09:00:00,9.19,12380,India,False,False,False,18.38,18.38,0.0,101163,2011,2011-04,Sunday,6,9,True
101163,P111,Serving Bowl,6,2011-04-03 09:00:00,13.7,12380,Netherlands,False,False,False,82.19999999999999,82.19999999999999,0.0,101163,2011,2011-04,Sunday,6,9,True
101164,P102,Notebook,4,2011-02-21 15:00:00,3.52,12137,France,False,False,False,14.08,14.08,0.0,101164,2011,2011-02,Monday,0,15,True
101164,P105,Tote Bag,5,2011-02-21 15:00:00,6.2,12137,India,False,False,False,31.0,31.0,0.0,101164,2011,2011-02,Monday,0,15,True
101164,P109,Desk Organizer,3,2011-02-21 15:00:00,12.17,12137,Netherlands,False,False,False,36.51,36.51,0.0,101164,2011,2011-02,Monday,0,15,True
101165,P103,Wall Clock,1,2011-01-05 15:00:00,14.05,12027,Australia,False,False,False,14.05,14.05,0.0,101165,2011,2011-01,Wednesday,2,15,True
101165,P102,Notebook,7,2011-01-05 15:00:00,4.1,12027,Germany,False,False,False,28.699999999999996,28.699999999999996,0.0,101165,2011,2011-01,Wednesday,2,15,True
101166,P107,Photo Frame,2,2011-05-28 12:00:00,7.74,12071,Australia,False,False,False,15.48,15.48,0.0,101166,2011,2011-05,Saturday,5,12,True
101166,P109,Desk Organizer,2,2011-05-28 12:00:00,10.2,12071,Spain,False,False,False,20.4,20.4,0.0,101166,2011,2011-05,Saturday,5,12,True
101166,P101,Ceramic Mug,7,2011-05-28 12:00:00,7.56,12071,Australia,False,False,False,52.919999999999995,52.919999999999995,0.0,101166,2011,2011-05,Saturday,5,12,True
101167,P105,Tote Bag,1,2011-12-05 16:00:00,6.22,12112,United Kingdom,False,False,False,6.22,6.22,0.0,101167,2011,2011-12,Monday,0,16,True
101168,P107,Photo Frame,3,2011-07-14 09:00:00,8.28,12465,India,False,False,False,24.839999999999996,24.839999999999996,0.0,101168,2011,2011-07,Thursday,3,9,True
101168,P105,Tote Bag,3,2011-07-14 09:00:00,7.4,12465,Spain,False,False,False,22.200000000000003,22.200000000000003,0.0,101168,2011,2011-07,Thursday,3,9,True
101168,P106,Glass Jar,5,2011-07-14 09:00:00,6.25,12465,Australia,False,False,False,31.25,31.25,0.0,101168,2011,2011-07,Thursday,3,9,True
101169,P107,Photo Frame,8,2011-09-13 15:00:00,7.85,12025,Australia,False,False,False,62.8,62.8,0.0,101169,2011,2011-09,Tuesday,1,15,True
101169,P111,Serving Bowl,2,2011-09-13 15:00:00,13.83,12025,Germany,False,False,False,27.66,27.66,0.0,101169,2011,2011-09,Tuesday,1,15,True
101169,P100,Gift Box,14,2011-09-13 15:00:00,4.84,12025,France,False,False,False,67.75999999999999,67.75999999999999,0.0,101169,2011,2011-09,Tuesday,1,15,True
101170,P106,Glass Jar,2,2011-08-06 12:00:00,6.14,12416,United Kingdom,False,False,False,12.28,12.28,0.0,101170,2011,2011-08,Saturday,5,12,True
101170,P110,Gift Wrap,6,2011-08-06 12:00:00,2.2,12416,United Kingdom,False,False,False,13.200000000000001,13.200000000000001,0.0,101170,2011,2011-08,Saturday,5,12,True
101171,P110,Gift Wrap,11,2010-12-20 15:00:00,2.48,12608,Spain,False,False,False,27.28,27.28,0.0,101171,2010,2010-12,Monday,0,15,True
101171,P106,Glass Jar,3,2010-12-20 15:00:00,6.26,12608,Germany,False,False,False,18.78,18.78,0.0,101171,2010,2010-12,Monday,0,15,True
101172,P105,Tote Bag,1,2011-07-30 17:00:00,6.6,12064,Australia,False,False,False,6.6,6.6,0.0,101172,2011,2011-07,Saturday,5,17,True
101172,P103,Wall Clock,11,2011-07-30 17:00:00,11.59,12064,India,False,False,False,127.49,127.49,0.0,101172,2011,2011-07,Saturday,5,17,True
101172,P104,Candle Set,6,2011-07-30 17:00:00,9.16,12064,France,False,False,False,54.96,54.96,0.0,101172,2011,2011-07,Saturday,5,17,True
101173,P111,Serving Bowl,2,2011-03-17 16:00:00,13.18,12032,France,False,False,False,26.36,26.36,0.0,101173,2011,2011-03,Thursday,3,16,True
101173,P100,Gift Box,12,2011-03-17 16:00:00,4.8,12032,Germany,False,False,False,57.599999999999994,57.599999999999994,0.0,101173,2011,2011-03,Thursday,3,16,True
101173,P105,Tote Bag,1,2011-03-17 16:00:00,5.89,12032,United Kingdom,False,False,False,5.89,5.89,0.0,101173,2011,2011-03,Thursday,3,16,True
101173,P107,Photo Frame,1,2011-03-17 16:00:00,7.87,12032,Spain,False,False,False,7.87,7.87,0.0,101173,2011,2011-03,Thursday,3,16,True
101174,P107,Photo Frame,4,2011-06-11 11:00:00,8.92,12051,France,False,False,False,35.68,35.68,0.0,101174,2011,2011-06,Saturday,5,11,True
101174,P105,Tote Bag,1,2011-06-11 11:00:00,6.19,12051,Australia,False,False,False,6.19,6.19,0.0,101174,2011,2011-06,Saturday,5,11,True
101174,P101,Ceramic Mug,2,2011-06-11 11:00:00,7.02,12051,Germany,False,False,False,14.04,14.04,0.0,101174,2011,2011-06,Saturday,5,11,True
101175,P105,Tote Bag,2,2011-03-09 08:00:00,6.88,12456,Netherlands,False,False,False,13.76,13.76,0.0,101175,2011,2011-03,Wednesday,2,8,True
101175,P107,Photo Frame,3,2011-03-09 08:00:00,8.93,12456,France,False,False,False,26.79,26.79,0.0,101175,2011,2011-03,Wednesday,2,8,True
101175,P111,Serving Bowl,3,2011-03-09 08:00:00,13.94,12456,India,False,False,False,41.82,41.82,0.0,101175,2011,2011-03,Wednesday,2,8,True
101176,P105,Tote Bag,27,2011-05-09 09:00:00,7.23,12123,India,False,False,False,195.21,195.21,0.0,101176,2011,2011-05,Monday,0,9,True
101177,P110,Gift Wrap,13,2011-01-23 11:00:00,2.18,12230,Spain,False,False,False,28.340000000000003,28.340000000000003,0.0,101177,2011,2011-01,Sunday,6,11,True
101177,P102,Notebook,7,2011-01-23 11:00:00,4.16,12230,Australia,False,False,False,29.12,29.12,0.0,101177,2011,2011-01,Sunday,6,11,True
101177,P106,Glass Jar,2,2011-01-23 11:00:00,5.75,12230,Netherlands,False,False,False,11.5,11.5,0.0,101177,2011,2011-01,Sunday,6,11,True
101177,P111,Serving Bowl,2,2011-01-23 11:00:00,13.71,12230,Germany,False,False,False,27.42,27.42,0.0,101177,2011,2011-01,Sunday,6,11,True
101178,P103,Wall Clock,3,2011-09-22 14:00:00,11.78,12412,India,False,False,False,35.339999999999996,35.339999999999996,0.0,101178,2011,2011-09,Thursday,3,14,True
101178,P109,Desk Organizer,4,2011-09-22 14:00:00,9.94,12412,France,False,False,False,39.76,39.76,0.0,101178,2011,2011-09,Thursday,3,14,True
101178,P110,Gift Wrap,7,2011-09-22 14:00:00,2.41,12412,Spain,False,False,False,16.87,16.87,0.0,101178,2011,2011-09,Thursday,3,14,True
101178,P102,Notebook,4,2011-09-22 14:00:00,3.54,12412,Netherlands,False,False,False,14.16,14.16,0.0,101178,2011,2011-09,Thursday,3,14,True
101179,P103,Wall Clock,9,2011-03-14 17:00:00,12.62,12649,Australia,False,False,False,113.58,113.58,0.0,101179,2011,2011-03,Monday,0,17,True
101179,P109,Desk Organizer,2,2011-03-14 17:00:00,11.98,12649,Australia,False,False,False,23.96,23.96,0.0,101179,2011,2011-03,Monday,0,17,True
101180,P110,Gift Wrap,2,2011-11-27 12:00:00,2.54,12003,Australia,False,False,False,5.08,5.08,0.0,101180,2011,2011-11,Sunday,6,12,True
101180,P101,Ceramic Mug,9,2011-11-27 12:00:00,8.24,12003,Netherlands,False,False,False,74.16,74.16,0.0,101180,2011,2011-11,Sunday,6,12,True
101180,P104,Candle Set,3,2011-11-27 12:00:00,9.93,12003,Germany,False,False,False,29.79,29.79,0.0,101180,2011,2011-11,Sunday,6,12,True
101181,P103,Wall Clock,1,2011-07-29 16:00:00,13.94,12165,France,False,False,False,13.94,13.94,0.0,101181,2011,2011-07,Friday,4,16,True
101181,P107,Photo Frame,1,2011-07-29 16:00:00,9.32,12165,India,False,False,False,9.32,9.32,0.0,101181,2011,2011-07,Friday,4,16,True
101181,P101,Ceramic Mug,6,2011-07-29 16:00:00,7.67,12165,United Kingdom,False,False,False,46.019999999999996,46.019999999999996,0.0,101181,2011,2011-07,Friday,4,16,True
101181,P105,Tote Bag,23,2011-07-29 16:00:00,6.73,12165,Australia,False,False,False,154.79000000000002,154.79000000000002,0.0,101181,2011,2011-07,Friday,4,16,True
101182,P107,Photo Frame,1,2011-06-11 16:00:00,8.52,12040,Australia,False,False,False,8.52,8.52,0.0,101182,2011,2011-06,Saturday,5,16,True
101182,P111,Serving Bowl,3,2011-06-11 16:00:00,13.33,12040,France,False,False,False,39.99,39.99,0.0,101182,2011,2011-06,Saturday,5,16,True
101182,P108,Tea Set,5,2011-06-11 16:00:00,19.33,12040,United Kingdom,False,False,False,96.64999999999999,96.64999999999999,0.0,101182,2011,2011-06,Saturday,5,16,True
101182,P109,Desk Organizer,2,2011-06-11 16:00:00,11.27,12040,France,False,False,False,22.54,22.54,0.0,101182,2011,2011-06,Saturday,5,16,True
101183,P103,Wall Clock,2,2011-07-27 13:00:00,14.35,12266,Netherlands,False,False,False,28.7,28.7,0.0,101183,2011,2011-07,Wednesday,2,13,True
101183,P105,Tote Bag,2,2011-07-27 13:00:00,6.32,12266,Germany,False,False,False,12.64,12.64,0.0,101183,2011,2011-07,Wednesday,2,13,True
101183,P106,Glass Jar,3,2011-07-27 13:00:00,5.6,12266,India,False,False,False,16.799999999999997,16.799999999999997,0.0,101183,2011,2011-07,Wednesday,2,13,True
101183,P102,Notebook,324,2011-07-27 13:00:00,4.06,12266,Spain,False,False,False,1315.4399999999998,1315.4399999999998,0.0,101183,2011,2011-07,Wednesday,2,13,True
101184,P102,Notebook,2,2011-01-13 11:00:00,3.89,12190,Germany,False,False,False,7.78,7.78,0.0,101184,2011,2011-01,Thursday,3,11,True
101184,P111,Serving Bowl,9,2011-01-13 11:00:00,13.1,12190,Germany,False,False,False,117.89999999999999,117.89999999999999,0.0,101184,2011,2011-01,Thursday,3,11,True
101184,P100,Gift Box,7,2011-01-13 11:00:00,4.93,12190,Australia,False,False,False,34.51,34.51,0.0,101184,2011,2011-01,Thursday,3,11,True
101184,P101,Ceramic Mug,1,2011-01-13 11:00:00,8.17,12190,India,False,False,False,8.17,8.17,0.0,101184,2011,2011-01,Thursday,3,11,True
101185,P100,Gift Box,4,2011-02-08 17:00:00,4.69,12126,India,False,False,False,18.76,18.76,0.0,101185,2011,2011-02,Tuesday,1,17,True
101185,P104,Candle Set,2,2011-02-08 17:00:00,10.73,12126,Spain,False,False,False,21.46,21.46,0.0,101185,2011,2011-02,Tuesday,1,17,True
101185,P111,Serving Bowl,1,2011-02-08 17:00:00,13.25,12126,Spain,False,False,False,13.25,13.25,0.0,101185,2011,2011-02,Tuesday,1,17,True
101186,P107,Photo Frame,1,2011-11-20 15:00:00,7.57,12046,France,False,False,False,7.57,7.57,0.0,101186,2011,2011-11,Sunday,6,15,True
101187,P107,Photo Frame,2,2011-09-14 11:00:00,8.44,12212,Spain,False,False,False,16.88,16.88,0.0,101187,2011,2011-09,Wednesday,2,11,True
101187,P100,Gift Box,6,2011-09-14 11:00:00,4.74,12212,France,False,False,False,28.44,28.44,0.0,101187,2011,2011-09,Wednesday,2,11,True
101188,P101,Ceramic Mug,1,2011-05-10 12:00:00,6.53,12585,Germany,False,False,False,6.53,6.53,0.0,101188,2011,2011-05,Tuesday,1,12,True
101188,P108,Tea Set,11,2011-05-10 12:00:00,20.15,12585,Spain,False,False,False,221.64999999999998,221.64999999999998,0.0,101188,2011,2011-05,Tuesday,1,12,True
101188,P107,Photo Frame,6,2011-05-10 12:00:00,8.61,12585,Australia,False,False,False,51.66,51.66,0.0,101188,2011,2011-05,Tuesday,1,12,True
101189,P100,Gift Box,4,2011-03-07 09:00:00,5.11,12163,Netherlands,False,False,False,20.44,20.44,0.0,101189,2011,2011-03,Monday,0,9,True
101189,P109,Desk Organizer,2,2011-03-07 09:00:00,11.06,12163,Germany,False,False,False,22.12,22.12,0.0,101189,2011,2011-03,Monday,0,9,True
101189,P103,Wall Clock,12,2011-03-07 09:00:00,13.62,12163,United Kingdom,False,False,False,163.44,163.44,0.0,101189,2011,2011-03,Monday,0,9,True
101190,P110,Gift Wrap,3,2011-01-03 12:00:00,2.45,12420,Australia,False,False,False,7.3500000000000005,7.3500000000000005,0.0,101190,2011,2011-01,Monday,0,12,True
101190,P102,Notebook,5,2011-01-03 12:00:00,4.29,12420,Germany,False,False,False,21.45,21.45,0.0,101190,2011,2011-01,Monday,0,12,True
101190,P103,Wall Clock,1,2011-01-03 12:00:00,13.33,12420,United Kingdom,False,False,False,13.33,13.33,0.0,101190,2011,2011-01,Monday,0,12,True
101190,P100,Gift Box,2,2011-01-03 12:00:00,5.06,12420,Australia,False,False,False,10.12,10.12,0.0,101190,2011,2011-01,Monday,0,12,True
101191,P100,Gift Box,7,2011-12-02 19:00:00,5.1,12363,Spain,False,False,False,35.699999999999996,35.699999999999996,0.0,101191,2011,2011-12,Friday,4,19,True
101191,P110,Gift Wrap,6,2011-12-02 19:00:00,2.22,12363,Australia,False,False,False,13.32,13.32,0.0,101191,2011,2011-12,Friday,4,19,True
101191,P102,Notebook,3,2011-12-02 19:00:00,4.07,12363,Germany,False,False,False,12.21,12.21,0.0,101191,2011,2011-12,Friday,4,19,True
101191,P105,Tote Bag,2,2011-12-02 19:00:00,6.14,12363,France,False,False,False,12.28,12.28,0.0,101191,2011,2011-12,Friday,4,19,True
101192,P100,Gift Box,1,2011-02-06 11:00:00,4.97,12012,Germany,False,False,False,4.97,4.97,0.0,101192,2011,2011-02,Sunday,6,11,True
101192,P101,Ceramic Mug,3,2011-02-06 11:00:00,6.78,12012,United Kingdom,False,False,False,20.34,20.34,0.0,101192,2011,2011-02,Sunday,6,11,True
101193,P103,Wall Clock,4,2011-04-19 18:00:00,11.93,12162,Australia,False,False,False,47.72,47.72,0.0,101193,2011,2011-04,Tuesday,1,18,True
101193,P106,Glass Jar,2,2011-04-19 18:00:00,4.95,12162,France,False,False,False,9.9,9.9,0.0,101193,2011,2011-04,Tuesday,1,18,True
101193,P109,Desk Organizer,1,2011-04-19 18:00:00,11.61,12162,Spain,False,False,False,11.61,11.61,0.0,101193,2011,2011-04,Tuesday,1,18,True
101193,P110,Gift Wrap,1,2011-04-19 18:00:00,2.57,12162,France,False,False,False,2.57,2.57,0.0,101193,2011,2011-04,Tuesday,1,18,True
101194,P111,Serving Bowl,86,2011-04-20 10:00:00,16.32,12039,United Kingdom,False,False,False,1403.52,1403.52,0.0,101194,2011,2011-04,Wednesday,2,10,True
101194,P110,Gift Wrap,7,2011-04-20 10:00:00,2.4,12039,Netherlands,False,False,False,16.8,16.8,0.0,101194,2011,2011-04,Wednesday,2,10,True
101194,P105,Tote Bag,4,2011-04-20 10:00:00,6.99,12039,Spain,False,False,False,27.96,27.96,0.0,101194,2011,2011-04,Wednesday,2,10,True
101195,P109,Desk Organizer,1,2011-02-25 16:00:00,11.47,12049,United Kingdom,False,False,False,11.47,11.47,0.0,101195,2011,2011-02,Friday,4,16,True
101196,P105,Tote Bag,6,2011-08-11 14:00:00,6.31,12041,Germany,False,False,False,37.86,37.86,0.0,101196,2011,2011-08,Thursday,3,14,True
101196,P110,Gift Wrap,3,2011-08-11 14:00:00,2.53,12041,India,False,False,False,7.59,7.59,0.0,101196,2011,2011-08,Thursday,3,14,True
101196,P102,Notebook,8,2011-08-11 14:00:00,4.18,12041,Germany,False,False,False,33.44,33.44,0.0,101196,2011,2011-08,Thursday,3,14,True
101197,P100,Gift Box,2,2011-06-25 10:00:00,4.84,12055,Netherlands,False,False,False,9.68,9.68,0.0,101197,2011,2011-06,Saturday,5,10,True
101198,P107,Photo Frame,1,2011-06-02 14:00:00,7.54,12188,Spain,False,False,False,7.54,7.54,0.0,101198,2011,2011-06,Thursday,3,14,True
101199,P102,Notebook,4,2011-11-28 19:00:00,3.57,12007,Netherlands,False,False,False,14.28,14.28,0.0,101199,2011,2011-11,Monday,0,19,True
101200,P111,Serving Bowl,2,2011-02-27 14:00:00,14.8,12440,Australia,False,False,False,29.6,29.6,0.0,101200,2011,2011-02,Sunday,6,14,True
101200,P108,Tea Set,1,2011-02-27 14:00:00,19.57,12440,Netherlands,False,False,False,19.57,19.57,0.0,101200,2011,2011-02,Sunday,6,14,True
101200,P105,Tote Bag,1,2011-02-27 14:00:00,6.44,12440,Spain,False,False,False,6.44,6.44,0.0,101200,2011,2011-02,Sunday,6,14,True
101200,P100,Gift Box,2,2011-02-27 14:00:00,4.94,12440,United Kingdom,False,False,False,9.88,9.88,0.0,101200,2011,2011-02,Sunday,6,14,True
101201,P106,Glass Jar,1,2011-11-30 14:00:00,5.24,12057,Netherlands,False,False,False,5.24,5.24,0.0,101201,2011,2011-11,Wednesday,2,14,True
101201,P103,Wall Clock,5,2011-11-30 14:00:00,14.36,12057,India,False,False,False,71.8,71.8,0.0,101201,2011,2011-11,Wednesday,2,14,True
101201,P105,Tote Bag,1,2011-11-30 14:00:00,7.39,12057,United Kingdom,False,False,False,7.39,7.39,0.0,101201,2011,2011-11,Wednesday,2,14,True
101201,P107,Photo Frame,1,2011-11-30 14:00:00,9.02,12057,Netherlands,False,False,False,9.02,9.02,0.0,101201,2011,2011-11,Wednesday,2,14,True
101202,P105,Tote Bag,2,2011-09-09 15:00:00,6.03,12699,Spain,False,False,False,12.06,12.06,0.0,101202,2011,2011-09,Friday,4,15,True
101203,P111,Serving Bowl,1,2011-03-23 14:00:00,13.74,12061,India,False,False,False,13.74,13.74,0.0,101203,2011,2011-03,Wednesday,2,14,True
101203,P106,Glass Jar,2,2011-03-23 14:00:00,5.82,12061,Australia,False,False,False,11.64,11.64,0.0,101203,2011,2011-03,Wednesday,2,14,True
101203,P102,Notebook,1,2011-03-23 14:00:00,4.15,12061,France,False,False,False,4.15,4.15,0.0,101203,2011,2011-03,Wednesday,2,14,True
101203,P103,Wall Clock,6,2011-03-23 14:00:00,14.32,12061,France,False,False,False,85.92,85.92,0.0,101203,2011,2011-03,Wednesday,2,14,True
101204,P102,Notebook,3,2011-08-20 19:00:00,3.99,12158,Germany,False,False,False,11.97,11.97,0.0,101204,2011,2011-08,Saturday,5,19,True
101204,P108,Tea Set,8,2011-08-20 19:00:00,20.47,12158,France,False,False,False,163.76,163.76,0.0,101204,2011,2011-08,Saturday,5,19,True
101204,P111,Serving Bowl,6,2011-08-20 19:00:00,13.15,12158,United Kingdom,False,False,False,78.9,78.9,0.0,101204,2011,2011-08,Saturday,5,19,True
101204,P104,Candle Set,4,2011-08-20 19:00:00,10.03,12158,United Kingdom,False,False,False,40.12,40.12,0.0,101204,2011,2011-08,Saturday,5,19,True
101205,P101,Ceramic Mug,1,2011-03-29 19:00:00,6.85,12388,Germany,False,False,False,6.85,6.85,0.0,101205,2011,2011-03,Tuesday,1,19,True
101205,P100,Gift Box,4,2011-03-29 19:00:00,5.02,12388,Germany,False,False,False,20.08,20.08,0.0,101205,2011,2011-03,Tuesday,1,19,True
101206,P100,Gift Box,4,2011-09-06 12:00:00,5.15,12263,Netherlands,False,False,False,20.6,20.6,0.0,101206,2011,2011-09,Tuesday,1,12,True
101206,P107,Photo Frame,2,2011-09-06 12:00:00,9.33,12263,Netherlands,False,False,False,18.66,18.66,0.0,101206,2011,2011-09,Tuesday,1,12,True
101207,P106,Glass Jar,8,2011-03-24 14:00:00,5.6,12129,Germany,False,False,False,44.8,44.8,0.0,101207,2011,2011-03,Thursday,3,14,True
101208,P104,Candle Set,4,2010-12-04 12:00:00,11.06,12072,Spain,False,False,False,44.24,44.24,0.0,101208,2010,2010-12,Saturday,5,12,True
101208,P106,Glass Jar,6,2010-12-04 12:00:00,6.03,12072,Australia,False,False,False,36.18,36.18,0.0,101208,2010,2010-12,Saturday,5,12,True
101209,P103,Wall Clock,2,2011-03-26 08:00:00,14.23,12630,France,False,False,False,28.46,28.46,0.0,101209,2011,2011-03,Saturday,5,8,True
101209,P100,Gift Box,2,2011-03-26 08:00:00,4.94,12630,India,False,False,False,9.88,9.88,0.0,101209,2011,2011-03,Saturday,5,8,True
101209,P102,Notebook,3,2011-03-26 08:00:00,3.79,12630,Spain,False,False,False,11.370000000000001,11.370000000000001,0.0,101209,2011,2011-03,Saturday,5,8,True
101209,P111,Serving Bowl,2,2011-03-26 08:00:00,14.28,12630,France,False,False,False,28.56,28.56,0.0,101209,2011,2011-03,Saturday,5,8,True
101210,P100,Gift Box,4,2011-07-23 12:00:00,4.46,12046,Australia,False,False,False,17.84,17.84,0.0,101210,2011,2011-07,Saturday,5,12,True
101210,P109,Desk Organizer,1,2011-07-23 12:00:00,10.5,12046,United Kingdom,False,False,False,10.5,10.5,0.0,101210,2011,2011-07,Saturday,5,12,True
101210,P108,Tea Set,4,2011-07-23 12:00:00,17.31,12046,Netherlands,False,False,False,69.24,69.24,0.0,101210,2011,2011-07,Saturday,5,12,True
101210,P106,Glass Jar,4,2011-07-23 12:00:00,5.47,12046,India,False,False,False,21.88,21.88,0.0,101210,2011,2011-07,Saturday,5,12,True
101211,P109,Desk Organizer,3,2011-07-09 13:00:00,12.4,12217,Spain,False,False,False,37.2,37.2,0.0,101211,2011,2011-07,Saturday,5,13,True
101212,P105,Tote Bag,2,2011-11-21 08:00:00,5.97,12042,Netherlands,False,False,False,11.94,11.94,0.0,101212,2011,2011-11,Monday,0,8,True
101213,P102,Notebook,9,2011-08-31 17:00:00,3.48,12329,United Kingdom,False,False,False,31.32,31.32,0.0,101213,2011,2011-08,Wednesday,2,17,True
101213,P110,Gift Wrap,1,2011-08-31 17:00:00,2.57,12329,Australia,False,False,False,2.57,2.57,0.0,101213,2011,2011-08,Wednesday,2,17,True
101213,P111,Serving Bowl,2,2011-08-31 17:00:00,16.4,12329,India,False,False,False,32.8,32.8,0.0,101213,2011,2011-08,Wednesday,2,17,True
101214,P111,Serving Bowl,3,2011-08-31 18:00:00,15.94,12200,India,False,False,False,47.82,47.82,0.0,101214,2011,2011-08,Wednesday,2,18,True
101215,P103,Wall Clock,2,2011-05-16 10:00:00,13.69,12651,Netherlands,False,False,False,27.38,27.38,0.0,101215,2011,2011-05,Monday,0,10,True
101216,P111,Serving Bowl,1,2011-05-27 11:00:00,14.17,12301,Germany,False,False,False,14.17,14.17,0.0,101216,2011,2011-05,Friday,4,11,True
101216,P102,Notebook,13,2011-05-27 11:00:00,3.93,12301,France,False,False,False,51.09,51.09,0.0,101216,2011,2011-05,Friday,4,11,True
101216,P101,Ceramic Mug,1,2011-05-27 11:00:00,6.48,12301,Australia,False,False,False,6.48,6.48,0.0,101216,2011,2011-05,Friday,4,11,True
101217,P102,Notebook,4,2011-11-10 14:00:00,3.84,12452,Netherlands,False,False,False,15.36,15.36,0.0,101217,2011,2011-11,Thursday,3,14,True
101217,P100,Gift Box,5,2011-11-10 14:00:00,4.63,12452,Netherlands,False,False,False,23.15,23.15,0.0,101217,2011,2011-11,Thursday,3,14,True
101217,P105,Tote Bag,3,2011-11-10 14:00:00,6.55,12452,Australia,False,False,False,19.65,19.65,0.0,101217,2011,2011-11,Thursday,3,14,True
101218,P110,Gift Wrap,9,2011-05-11 12:00:00,2.75,12685,Spain,False,False,False,24.75,24.75,0.0,101218,2011,2011-05,Wednesday,2,12,True
101218,P102,Notebook,16,2011-05-11 12:00:00,3.89,12685,India,False,False,False,62.24,62.24,0.0,101218,2011,2011-05,Wednesday,2,12,True
101218,P104,Candle Set,6,2011-05-11 12:00:00,11.09,12685,India,False,False,False,66.53999999999999,66.53999999999999,0.0,101218,2011,2011-05,Wednesday,2,12,True
101218,P111,Serving Bowl,1,2011-05-11 12:00:00,14.01,12685,Spain,False,False,False,14.01,14.01,0.0,101218,2011,2011-05,Wednesday,2,12,True
101219,P106,Glass Jar,8,2011-04-04 19:00:00,5.91,12262,Germany,False,False,False,47.28,47.28,0.0,101219,2011,2011-04,Monday,0,19,True
101220,P102,Notebook,4,2011-03-29 08:00:00,3.5,12192,France,False,False,False,14.0,14.0,0.0,101220,2011,2011-03,Tuesday,1,8,True
101221,P107,Photo Frame,1,2011-10-01 11:00:00,9.33,12518,Australia,False,False,False,9.33,9.33,0.0,101221,2011,2011-10,Saturday,5,11,True
101222,P101,Ceramic Mug,27,2011-04-18 15:00:00,7.66,12065,United Kingdom,False,False,False,206.82,206.82,0.0,101222,2011,2011-04,Monday,0,15,True
101222,P108,Tea Set,3,2011-04-18 15:00:00,20.41,12065,United Kingdom,False,False,False,61.230000000000004,61.230000000000004,0.0,101222,2011,2011-04,Monday,0,15,True
101222,P109,Desk Organizer,1,2011-04-18 15:00:00,12.61,12065,France,False,False,False,12.61,12.61,0.0,101222,2011,2011-04,Monday,0,15,True
101222,P100,Gift Box,2,2011-04-18 15:00:00,4.87,12065,Spain,False,False,False,9.74,9.74,0.0,101222,2011,2011-04,Monday,0,15,True
101223,P103,Wall Clock,3,2011-09-26 13:00:00,12.14,12395,Netherlands,False,False,False,36.42,36.42,0.0,101223,2011,2011-09,Monday,0,13,True
101223,P105,Tote Bag,3,2011-09-26 13:00:00,6.54,12395,United Kingdom,False,False,False,19.62,19.62,0.0,101223,2011,2011-09,Monday,0,13,True
101224,P102,Notebook,3,2011-09-30 19:00:00,4.09,12037,Australia,False,False,False,12.27,12.27,0.0,101224,2011,2011-09,Friday,4,19,True
101225,P107,Photo Frame,3,2011-05-11 15:00:00,8.94,12148,Australia,False,False,False,26.82,26.82,0.0,101225,2011,2011-05,Wednesday,2,15,True
101225,P106,Glass Jar,5,2011-05-11 15:00:00,5.06,12148,France,False,False,False,25.299999999999997,25.299999999999997,0.0,101225,2011,2011-05,Wednesday,2,15,True
101225,P109,Desk Organizer,3,2011-05-11 15:00:00,10.83,12148,Australia,False,False,False,32.49,32.49,0.0,101225,2011,2011-05,Wednesday,2,15,True
101225,P101,Ceramic Mug,4,2011-05-11 15:00:00,6.84,12148,Australia,False,False,False,27.36,27.36,0.0,101225,2011,2011-05,Wednesday,2,15,True
101226,P107,Photo Frame,2,2011-07-14 08:00:00,7.91,12033,Netherlands,False,False,False,15.82,15.82,0.0,101226,2011,2011-07,Thursday,3,8,True
101226,P101,Ceramic Mug,13,2011-07-14 08:00:00,7.88,12033,Australia,False,False,False,102.44,102.44,0.0,101226,2011,2011-07,Thursday,3,8,True
101227,P103,Wall Clock,3,2011-09-02 18:00:00,12.92,12077,Australia,False,False,False,38.76,38.76,0.0,101227,2011,2011-09,Friday,4,18,True
101228,P100,Gift Box,11,2011-01-18 11:00:00,4.54,12394,Germany,False,False,False,49.94,49.94,0.0,101228,2011,2011-01,Tuesday,1,11,True
101229,P100,Gift Box,2,2011-10-02 10:00:00,4.85,12698,France,False,False,False,9.7,9.7,0.0,101229,2011,2011-10,Sunday,6,10,True
101229,P111,Serving Bowl,4,2011-10-02 10:00:00,14.29,12698,Germany,False,False,False,57.16,57.16,0.0,101229,2011,2011-10,Sunday,6,10,True
101230,P111,Serving Bowl,4,2011-06-12 14:00:00,14.2,12627,Germany,False,False,False,56.8,56.8,0.0,101230,2011,2011-06,Sunday,6,14,True
101231,P104,Candle Set,6,2011-12-04 13:00:00,11.12,12008,Australia,False,False,False,66.72,66.72,0.0,101231,2011,2011-12,Sunday,6,13,True
101231,P111,Serving Bowl,3,2011-12-04 13:00:00,13.65,12008,Netherlands,False,False,False,40.95,40.95,0.0,101231,2011,2011-12,Sunday,6,13,True
101231,P105,Tote Bag,4,2011-12-04 13:00:00,6.42,12008,Germany,False,False,False,25.68,25.68,0.0,101231,2011,2011-12,Sunday,6,13,True
101232,P105,Tote Bag,1,2011-12-05 18:00:00,6.65,12077,United Kingdom,False,False,False,6.65,6.65,0.0,101232,2011,2011-12,Monday,0,18,True
101232,P100,Gift Box,5,2011-12-05 18:00:00,4.59,12077,Australia,False,False,False,22.95,22.95,0.0,101232,2011,2011-12,Monday,0,18,True
101232,P109,Desk Organizer,9,2011-12-05 18:00:00,11.05,12077,Australia,False,False,False,99.45,99.45,0.0,101232,2011,2011-12,Monday,0,18,True
101232,P101,Ceramic Mug,1,2011-12-05 18:00:00,7.5,12077,Netherlands,False,False,False,7.5,7.5,0.0,101232,2011,2011-12,Monday,0,18,True
101233,P110,Gift Wrap,4,2011-10-28 19:00:00,2.45,12065,Germany,False,False,False,9.8,9.8,0.0,101233,2011,2011-10,Friday,4,19,True
101233,P105,Tote Bag,2,2011-10-28 19:00:00,6.93,12065,Germany,False,False,False,13.86,13.86,0.0,101233,2011,2011-10,Friday,4,19,True
101233,P111,Serving Bowl,4,2011-10-28 19:00:00,14.79,12065,Australia,False,False,False,59.16,59.16,0.0,101233,2011,2011-10,Friday,4,19,True
101233,P101,Ceramic Mug,7,2011-10-28 19:00:00,6.73,12065,Germany,False,False,False,47.11,47.11,0.0,101233,2011,2011-10,Friday,4,19,True
101234,P106,Glass Jar,4,2011-12-01 18:00:00,5.12,12437,India,False,False,False,20.48,20.48,0.0,101234,2011,2011-12,Thursday,3,18,True
101234,P105,Tote Bag,2,2011-12-01 18:00:00,6.22,12437,Germany,False,False,False,12.44,12.44,0.0,101234,2011,2011-12,Thursday,3,18,True
101234,P109,Desk Organizer,2,2011-12-01 18:00:00,11.85,12437,Spain,False,False,False,23.7,23.7,0.0,101234,2011,2011-12,Thursday,3,18,True
101235,P104,Candle Set,1,2011-04-10 19:00:00,9.39,12192,Germany,False,False,False,9.39,9.39,0.0,101235,2011,2011-04,Sunday,6,19,True
101235,P109,Desk Organizer,4,2011-04-10 19:00:00,10.25,12192,Netherlands,False,False,False,41.0,41.0,0.0,101235,2011,2011-04,Sunday,6,19,True
101235,P110,Gift Wrap,2,2011-04-10 19:00:00,2.6,12192,France,False,False,False,5.2,5.2,0.0,101235,2011,2011-04,Sunday,6,19,True
101235,P105,Tote Bag,2,2011-04-10 19:00:00,7.01,12192,United Kingdom,False,False,False,14.02,14.02,0.0,101235,2011,2011-04,Sunday,6,19,True
101236,P110,Gift Wrap,1,2011-09-01 18:00:00,2.7,12505,Spain,False,False,False,2.7,2.7,0.0,101236,2011,2011-09,Thursday,3,18,True
101237,P109,Desk Organizer,8,2011-01-24 15:00:00,10.66,12013,Netherlands,False,False,False,85.28,85.28,0.0,101237,2011,2011-01,Monday,0,15,True
101237,P108,Tea Set,3,2011-01-24 15:00:00,17.16,12013,United Kingdom,False,False,False,51.480000000000004,51.480000000000004,0.0,101237,2011,2011-01,Monday,0,15,True
101238,P108,Tea Set,2,2011-11-16 18:00:00,18.75,12241,Germany,False,False,False,37.5,37.5,0.0,101238,2011,2011-11,Wednesday,2,18,True
101238,P105,Tote Bag,8,2011-11-16 18:00:00,7.39,12241,Germany,False,False,False,59.12,59.12,0.0,101238,2011,2011-11,Wednesday,2,18,True
101238,P110,Gift Wrap,8,2011-11-16 18:00:00,2.39,12241,Netherlands,False,False,False,19.12,19.12,0.0,101238,2011,2011-11,Wednesday,2,18,True
101238,P103,Wall Clock,1,2011-11-16 18:00:00,12.97,12241,Spain,False,False,False,12.97,12.97,0.0,101238,2011,2011-11,Wednesday,2,18,True
101239,P108,Tea Set,1,2011-08-04 12:00:00,19.99,12025,Spain,False,False,False,19.99,19.99,0.0,101239,2011,2011-08,Thursday,3,12,True
101239,P102,Notebook,4,2011-08-04 12:00:00,4.11,12025,France,False,False,False,16.44,16.44,0.0,101239,2011,2011-08,Thursday,3,12,True
101240,P109,Desk Organizer,1,2011-05-14 19:00:00,10.36,12506,France,False,False,False,10.36,10.36,0.0,101240,2011,2011-05,Saturday,5,19,True
101240,P102,Notebook,2,2011-05-14 19:00:00,3.53,12506,United Kingdom,False,False,False,7.06,7.06,0.0,101240,2011,2011-05,Saturday,5,19,True
101241,P100,Gift Box,2,2011-07-15 10:00:00,4.12,12309,Spain,False,False,False,8.24,8.24,0.0,101241,2011,2011-07,Friday,4,10,True
101241,P101,Ceramic Mug,1,2011-07-15 10:00:00,6.84,12309,Spain,False,False,False,6.84,6.84,0.0,101241,2011,2011-07,Friday,4,10,True
101241,P105,Tote Bag,1,2011-07-15 10:00:00,6.78,12309,India,False,False,False,6.78,6.78,0.0,101241,2011,2011-07,Friday,4,10,True
101242,P101,Ceramic Mug,2,2011-11-06 17:00:00,8.07,12036,Spain,False,False,False,16.14,16.14,0.0,101242,2011,2011-11,Sunday,6,17,True
101242,P109,Desk Organizer,13,2011-11-06 17:00:00,11.27,12036,Germany,False,False,False,146.51,146.51,0.0,101242,2011,2011-11,Sunday,6,17,True
101243,P101,Ceramic Mug,1,2011-04-30 18:00:00,6.87,12081,Germany,False,False,False,6.87,6.87,0.0,101243,2011,2011-04,Saturday,5,18,True
101243,P110,Gift Wrap,11,2011-04-30 18:00:00,2.62,12081,France,False,False,False,28.82,28.82,0.0,101243,2011,2011-04,Saturday,5,18,True
101244,P108,Tea Set,4,2011-02-26 18:00:00,16.26,12671,United Kingdom,False,False,False,65.04,65.04,0.0,101244,2011,2011-02,Saturday,5,18,True
101244,P100,Gift Box,1,2011-02-26 18:00:00,4.62,12671,Spain,False,False,False,4.62,4.62,0.0,101244,2011,2011-02,Saturday,5,18,True
101245,P101,Ceramic Mug,3,2011-06-25 16:00:00,6.58,12678,Netherlands,False,False,False,19.740000000000002,19.740000000000002,0.0,101245,2011,2011-06,Saturday,5,16,True
101246,P101,Ceramic Mug,2,2011-07-25 14:00:00,7.3,12437,Germany,False,False,False,14.6,14.6,0.0,101246,2011,2011-07,Monday,0,14,True
101246,P104,Candle Set,3,2011-07-25 14:00:00,11.05,12437,Germany,False,False,False,33.150000000000006,33.150000000000006,0.0,101246,2011,2011-07,Monday,0,14,True
101246,P100,Gift Box,5,2011-07-25 14:00:00,4.08,12437,India,False,False,False,20.4,20.4,0.0,101246,2011,2011-07,Monday,0,14,True
101247,P109,Desk Organizer,3,2010-12-24 19:00:00,11.85,12441,Germany,False,False,False,35.55,35.55,0.0,101247,2010,2010-12,Friday,4,19,True
101248,P107,Photo Frame,5,2011-03-19 12:00:00,8.06,12052,United Kingdom,False,False,False,40.300000000000004,40.300000000000004,0.0,101248,2011,2011-03,Saturday,5,12,True
101248,P104,Candle Set,8,2011-03-19 12:00:00,9.19,12052,Australia,False,False,False,73.52,73.52,0.0,101248,2011,2011-03,Saturday,5,12,True
101248,P103,Wall Clock,1,2011-03-19 12:00:00,12.12,12052,Netherlands,False,False,False,12.12,12.12,0.0,101248,2011,2011-03,Saturday,5,12,True
101249,P104,Candle Set,2,2011-02-14 18:00:00,10.95,12006,Germany,False,False,False,21.9,21.9,0.0,101249,2011,2011-02,Monday,0,18,True
101249,P103,Wall Clock,3,2011-02-14 18:00:00,13.69,12006,Netherlands,False,False,False,41.07,41.07,0.0,101249,2011,2011-02,Monday,0,18,True
101249,P100,Gift Box,4,2011-02-14 18:00:00,4.82,12006,France,False,False,False,19.28,19.28,0.0,101249,2011,2011-02,Monday,0,18,True
101250,P108,Tea Set,2,2011-08-03 14:00:00,16.91,12001,India,False,False,False,33.82,33.82,0.0,101250,2011,2011-08,Wednesday,2,14,True
101250,P106,Glass Jar,2,2011-08-03 14:00:00,5.72,12001,India,False,False,False,11.44,11.44,0.0,101250,2011,2011-08,Wednesday,2,14,True
101250,P102,Notebook,7,2011-08-03 14:00:00,3.56,12001,Germany,False,False,False,24.92,24.92,0.0,101250,2011,2011-08,Wednesday,2,14,True
101251,P101,Ceramic Mug,1,2011-09-12 13:00:00,7.0,12151,Spain,False,False,False,7.0,7.0,0.0,101251,2011,2011-09,Monday,0,13,True
101251,P102,Notebook,2,2011-09-12 13:00:00,4.17,12151,Spain,False,False,False,8.34,8.34,0.0,101251,2011,2011-09,Monday,0,13,True
101251,P103,Wall Clock,7,2011-09-12 13:00:00,11.52,12151,Netherlands,False,False,False,80.64,80.64,0.0,101251,2011,2011-09,Monday,0,13,True
101251,P105,Tote Bag,4,2011-09-12 13:00:00,6.87,12151,Spain,False,False,False,27.48,27.48,0.0,101251,2011,2011-09,Monday,0,13,True
101252,P109,Desk Organizer,4,2011-01-11 09:00:00,11.93,12170,France,False,False,False,47.72,47.72,0.0,101252,2011,2011-01,Tuesday,1,9,True
101252,P103,Wall Clock,15,2011-01-11 09:00:00,14.23,12170,Netherlands,False,False,False,213.45000000000002,213.45000000000002,0.0,101252,2011,2011-01,Tuesday,1,9,True
101252,P102,Notebook,3,2011-01-11 09:00:00,3.77,12170,Australia,False,False,False,11.31,11.31,0.0,101252,2011,2011-01,Tuesday,1,9,True
101253,P100,Gift Box,1,2011-06-10 09:00:00,4.75,12624,United Kingdom,False,False,False,4.75,4.75,0.0,101253,2011,2011-06,Friday,4,9,True
101253,P107,Photo Frame,4,2011-06-10 09:00:00,9.34,12624,India,False,False,False,37.36,37.36,0.0,101253,2011,2011-06,Friday,4,9,True
101253,P103,Wall Clock,3,2011-06-10 09:00:00,11.75,12624,United Kingdom,False,False,False,35.25,35.25,0.0,101253,2011,2011-06,Friday,4,9,True
101253,P110,Gift Wrap,5,2011-06-10 09:00:00,2.25,12624,Spain,False,False,False,11.25,11.25,0.0,101253,2011,2011-06,Friday,4,9,True
101254,P107,Photo Frame,2,2011-10-18 15:00:00,8.16,12161,United Kingdom,False,False,False,16.32,16.32,0.0,101254,2011,2011-10,Tuesday,1,15,True
101255,P104,Candle Set,8,2011-11-12 09:00:00,10.25,12018,Germany,False,False,False,82.0,82.0,0.0,101255,2011,2011-11,Saturday,5,9,True
101255,P105,Tote Bag,1,2011-11-12 09:00:00,6.74,12018,United Kingdom,False,False,False,6.74,6.74,0.0,101255,2011,2011-11,Saturday,5,9,True
101255,P110,Gift Wrap,12,2011-11-12 09:00:00,2.48,12018,Australia,False,False,False,29.759999999999998,29.759999999999998,0.0,101255,2011,2011-11,Saturday,5,9,True
101255,P109,Desk Organizer,3,2011-11-12 09:00:00,10.51,12018,United Kingdom,False,False,False,31.53,31.53,0.0,101255,2011,2011-11,Saturday,5,9,True
101256,P101,Ceramic Mug,2,2011-09-07 12:00:00,6.83,12377,France,False,False,False,13.66,13.66,0.0,101256,2011,2011-09,Wednesday,2,12,True
101256,P108,Tea Set,6,2011-09-07 12:00:00,18.59,12377,Australia,False,False,False,111.53999999999999,111.53999999999999,0.0,101256,2011,2011-09,Wednesday,2,12,True
101257,P104,Candle Set,2,2011-01-08 13:00:00,11.0,12374,Australia,False,False,False,22.0,22.0,0.0,101257,2011,2011-01,Saturday,5,13,True
101257,P107,Photo Frame,7,2011-01-08 13:00:00,9.2,12374,Spain,False,False,False,64.39999999999999,64.39999999999999,0.0,101257,2011,2011-01,Saturday,5,13,True
101258,P105,Tote Bag,1,2011-09-01 08:00:00,6.69,12336,Germany,False,False,False,6.69,6.69,0.0,101258,2011,2011-09,Thursday,3,8,True
101258,P109,Desk Organizer,1,2011-09-01 08:00:00,11.27,12336,Germany,False,False,False,11.27,11.27,0.0,101258,2011,2011-09,Thursday,3,8,True
101258,P101,Ceramic Mug,3,2011-09-01 08:00:00,7.31,12336,Australia,False,False,False,21.93,21.93,0.0,101258,2011,2011-09,Thursday,3,8,True
101258,P102,Notebook,3,2011-09-01 08:00:00,3.72,12336,Spain,False,False,False,11.16,11.16,0.0,101258,2011,2011-09,Thursday,3,8,True
101259,P111,Serving Bowl,3,2011-09-10 19:00:00,14.59,12008,Netherlands,False,False,False,43.769999999999996,43.769999999999996,0.0,101259,2011,2011-09,Saturday,5,19,True
101260,P105,Tote Bag,2,2011-01-24 15:00:00,6.69,12698,Australia,False,False,False,13.38,13.38,0.0,101260,2011,2011-01,Monday,0,15,True
101260,P103,Wall Clock,1,2011-01-24 15:00:00,13.94,12698,Netherlands,False,False,False,13.94,13.94,0.0,101260,2011,2011-01,Monday,0,15,True
101260,P101,Ceramic Mug,2,2011-01-24 15:00:00,7.49,12698,India,False,False,False,14.98,14.98,0.0,101260,2011,2011-01,Monday,0,15,True
101260,P109,Desk Organizer,1,2011-01-24 15:00:00,11.94,12698,United Kingdom,False,False,False,11.94,11.94,0.0,101260,2011,2011-01,Monday,0,15,True
101261,P100,Gift Box,1,2011-02-28 15:00:00,4.54,12365,Netherlands,False,False,False,4.54,4.54,0.0,101261,2011,2011-02,Monday,0,15,True
101261,P109,Desk Organizer,5,2011-02-28 15:00:00,11.14,12365,Spain,False,False,False,55.7,55.7,0.0,101261,2011,2011-02,Monday,0,15,True
101261,P104,Candle Set,1,2011-02-28 15:00:00,9.24,12365,France,False,False,False,9.24,9.24,0.0,101261,2011,2011-02,Monday,0,15,True
101262,P105,Tote Bag,1,2011-03-20 15:00:00,7.22,12614,India,False,False,False,7.22,7.22,0.0,101262,2011,2011-03,Sunday,6,15,True
101262,P107,Photo Frame,7,2011-03-20 15:00:00,9.17,12614,France,False,False,False,64.19,64.19,0.0,101262,2011,2011-03,Sunday,6,15,True
101262,P100,Gift Box,5,2011-03-20 15:00:00,4.79,12614,Netherlands,False,False,False,23.95,23.95,0.0,101262,2011,2011-03,Sunday,6,15,True
101263,P109,Desk Organizer,4,2011-03-23 19:00:00,12.0,12697,France,False,False,False,48.0,48.0,0.0,101263,2011,2011-03,Wednesday,2,19,True
101263,P111,Serving Bowl,1,2011-03-23 19:00:00,15.55,12697,France,False,False,False,15.55,15.55,0.0,101263,2011,2011-03,Wednesday,2,19,True
101263,P103,Wall Clock,7,2011-03-23 19:00:00,12.77,12697,India,False,False,False,89.39,89.39,0.0,101263,2011,2011-03,Wednesday,2,19,True
101264,P110,Gift Wrap,2,2011-01-20 12:00:00,2.55,12236,Australia,False,False,False,5.1,5.1,0.0,101264,2011,2011-01,Thursday,3,12,True
101264,P103,Wall Clock,3,2011-01-20 12:00:00,11.58,12236,Spain,False,False,False,34.74,34.74,0.0,101264,2011,2011-01,Thursday,3,12,True
101264,P104,Candle Set,1,2011-01-20 12:00:00,10.83,12236,Netherlands,False,False,False,10.83,10.83,0.0,101264,2011,2011-01,Thursday,3,12,True
101265,P109,Desk Organizer,2,2011-06-19 08:00:00,12.14,12012,United Kingdom,False,False,False,24.28,24.28,0.0,101265,2011,2011-06,Sunday,6,8,True
101265,P107,Photo Frame,2,2011-06-19 08:00:00,7.56,12012,Netherlands,False,False,False,15.12,15.12,0.0,101265,2011,2011-06,Sunday,6,8,True
101265,P108,Tea Set,10,2011-06-19 08:00:00,17.97,12012,India,False,False,False,179.7,179.7,0.0,101265,2011,2011-06,Sunday,6,8,True
101266,P106,Glass Jar,9,2011-05-05 08:00:00,5.9,12298,France,False,False,False,53.1,53.1,0.0,101266,2011,2011-05,Thursday,3,8,True
101266,P107,Photo Frame,2,2011-05-05 08:00:00,8.01,12298,India,False,False,False,16.02,16.02,0.0,101266,2011,2011-05,Thursday,3,8,True
101266,P111,Serving Bowl,12,2011-05-05 08:00:00,13.19,12298,Spain,False,False,False,158.28,158.28,0.0,101266,2011,2011-05,Thursday,3,8,True
101267,P102,Notebook,1,2011-07-17 13:00:00,3.57,12067,Australia,False,False,False,3.57,3.57,0.0,101267,2011,2011-07,Sunday,6,13,True
101267,P108,Tea Set,6,2011-07-17 13:00:00,17.13,12067,France,False,False,False,102.78,102.78,0.0,101267,2011,2011-07,Sunday,6,13,True
101267,P107,Photo Frame,3,2011-07-17 13:00:00,9.42,12067,India,False,False,False,28.259999999999998,28.259999999999998,0.0,101267,2011,2011-07,Sunday,6,13,True
101268,P101,Ceramic Mug,3,2011-10-27 13:00:00,8.03,12638,Australia,False,False,False,24.089999999999996,24.089999999999996,0.0,101268,2011,2011-10,Thursday,3,13,True
101269,P110,Gift Wrap,1,2011-03-10 10:00:00,2.38,12046,France,False,False,False,2.38,2.38,0.0,101269,2011,2011-03,Thursday,3,10,True
101269,P111,Serving Bowl,5,2011-03-10 10:00:00,15.78,12046,Australia,False,False,False,78.89999999999999,78.89999999999999,0.0,101269,2011,2011-03,Thursday,3,10,True
101270,P106,Glass Jar,1,2011-05-09 18:00:00,5.9,12062,India,False,False,False,5.9,5.9,0.0,101270,2011,2011-05,Monday,0,18,True
101271,P107,Photo Frame,2,2011-04-25 16:00:00,7.69,12528,Spain,False,False,False,15.38,15.38,0.0,101271,2011,2011-04,Monday,0,16,True
101271,P111,Serving Bowl,8,2011-04-25 16:00:00,14.97,12528,Australia,False,False,False,119.76,119.76,0.0,101271,2011,2011-04,Monday,0,16,True
101271,P110,Gift Wrap,6,2011-04-25 16:00:00,2.63,12528,United Kingdom,False,False,False,15.78,15.78,0.0,101271,2011,2011-04,Monday,0,16,True
101272,P105,Tote Bag,1,2011-06-30 15:00:00,7.44,12559,Australia,False,False,False,7.44,7.44,0.0,101272,2011,2011-06,Thursday,3,15,True
101273,P103,Wall Clock,5,2011-05-24 18:00:00,13.83,12643,Spain,False,False,False,69.15,69.15,0.0,101273,2011,2011-05,Tuesday,1,18,True
101273,P104,Candle Set,4,2011-05-24 18:00:00,9.26,12643,Australia,False,False,False,37.04,37.04,0.0,101273,2011,2011-05,Tuesday,1,18,True
101273,P109,Desk Organizer,4,2011-05-24 18:00:00,12.01,12643,India,False,False,False,48.04,48.04,0.0,101273,2011,2011-05,Tuesday,1,18,True
101274,P107,Photo Frame,1,2011-02-03 16:00:00,8.19,12620,Netherlands,False,False,False,8.19,8.19,0.0,101274,2011,2011-02,Thursday,3,16,True
101274,P103,Wall Clock,2,2011-02-03 16:00:00,13.63,12620,Germany,False,False,False,27.26,27.26,0.0,101274,2011,2011-02,Thursday,3,16,True
101274,P105,Tote Bag,3,2011-02-03 16:00:00,7.44,12620,Australia,False,False,False,22.32,22.32,0.0,101274,2011,2011-02,Thursday,3,16,True
101275,P108,Tea Set,2,2011-12-03 08:00:00,17.12,12035,United Kingdom,False,False,False,34.24,34.24,0.0,101275,2011,2011-12,Saturday,5,8,True
101275,P100,Gift Box,1,2011-12-03 08:00:00,4.6,12035,United Kingdom,False,False,False,4.6,4.6,0.0,101275,2011,2011-12,Saturday,5,8,True
101276,P108,Tea Set,1,2011-12-01 13:00:00,19.28,12025,Spain,False,False,False,19.28,19.28,0.0,101276,2011,2011-12,Thursday,3,13,True
101276,P105,Tote Bag,3,2011-12-01 13:00:00,7.08,12025,United Kingdom,False,False,False,21.240000000000002,21.240000000000002,0.0,101276,2011,2011-12,Thursday,3,13,True
101276,P104,Candle Set,1,2011-12-01 13:00:00,10.38,12025,India,False,False,False,10.38,10.38,0.0,101276,2011,2011-12,Thursday,3,13,True
101277,P107,Photo Frame,2,2011-01-16 08:00:00,7.5,12045,France,False,False,False,15.0,15.0,0.0,101277,2011,2011-01,Sunday,6,8,True
101277,P105,Tote Bag,2,2011-01-16 08:00:00,6.86,12045,India,False,False,False,13.72,13.72,0.0,101277,2011,2011-01,Sunday,6,8,True
101277,P104,Candle Set,4,2011-01-16 08:00:00,10.11,12045,Spain,False,False,False,40.44,40.44,0.0,101277,2011,2011-01,Sunday,6,8,True
101277,P102,Notebook,4,2011-01-16 08:00:00,4.01,12045,Spain,False,False,False,16.04,16.04,0.0,101277,2011,2011-01,Sunday,6,8,True
101278,P101,Ceramic Mug,9,2010-12-14 12:00:00,7.82,12010,United Kingdom,False,False,False,70.38,70.38,0.0,101278,2010,2010-12,Tuesday,1,12,True
101278,P100,Gift Box,6,2010-12-14 12:00:00,4.66,12010,Germany,False,False,False,27.96,27.96,0.0,101278,2010,2010-12,Tuesday,1,12,True
101278,P107,Photo Frame,3,2010-12-14 12:00:00,7.68,12010,Germany,False,False,False,23.04,23.04,0.0,101278,2010,2010-12,Tuesday,1,12,True
101278,P106,Glass Jar,4,2010-12-14 12:00:00,5.57,12010,Australia,False,False,False,22.28,22.28,0.0,101278,2010,2010-12,Tuesday,1,12,True
101279,P103,Wall Clock,1,2011-09-21 15:00:00,13.95,12033,Netherlands,False,False,False,13.95,13.95,0.0,101279,2011,2011-09,Wednesday,2,15,True
101280,P106,Glass Jar,4,2011-11-16 08:00:00,5.35,12122,Netherlands,False,False,False,21.4,21.4,0.0,101280,2011,2011-11,Wednesday,2,8,True
101281,P103,Wall Clock,4,2011-05-28 14:00:00,13.02,12047,Australia,False,False,False,52.08,52.08,0.0,101281,2011,2011-05,Saturday,5,14,True
101281,P104,Candle Set,3,2011-05-28 14:00:00,9.64,12047,United Kingdom,False,False,False,28.92,28.92,0.0,101281,2011,2011-05,Saturday,5,14,True
101281,P109,Desk Organizer,4,2011-05-28 14:00:00,12.64,12047,Germany,False,False,False,50.56,50.56,0.0,101281,2011,2011-05,Saturday,5,14,True
101281,P107,Photo Frame,11,2011-05-28 14:00:00,7.95,12047,France,False,False,False,87.45,87.45,0.0,101281,2011,2011-05,Saturday,5,14,True
101282,P111,Serving Bowl,1,2011-05-01 19:00:00,15.94,12274,Spain,False,False,False,15.94,15.94,0.0,101282,2011,2011-05,Sunday,6,19,True
101283,P110,Gift Wrap,12,2011-07-14 13:00:00,2.47,12099,France,False,False,False,29.64,29.64,0.0,101283,2011,2011-07,Thursday,3,13,True
101283,P109,Desk Organizer,6,2011-07-14 13:00:00,11.88,12099,Netherlands,False,False,False,71.28,71.28,0.0,101283,2011,2011-07,Thursday,3,13,True
101283,P103,Wall Clock,5,2011-07-14 13:00:00,13.57,12099,Spain,False,False,False,67.85,67.85,0.0,101283,2011,2011-07,Thursday,3,13,True
101284,P102,Notebook,17,2011-03-26 14:00:00,3.9,12250,Australia,False,False,False,66.3,66.3,0.0,101284,2011,2011-03,Saturday,5,14,True
101284,P103,Wall Clock,40,2011-03-26 14:00:00,13.08,12250,France,False,False,False,523.2,523.2,0.0,101284,2011,2011-03,Saturday,5,14,True
101284,P109,Desk Organizer,2,2011-03-26 14:00:00,10.08,12250,France,False,False,False,20.16,20.16,0.0,101284,2011,2011-03,Saturday,5,14,True
101284,P105,Tote Bag,2,2011-03-26 14:00:00,6.53,12250,Spain,False,False,False,13.06,13.06,0.0,101284,2011,2011-03,Saturday,5,14,True
101285,P104,Candle Set,11,2011-08-13 19:00:00,9.63,12010,United Kingdom,False,False,False,105.93,105.93,0.0,101285,2011,2011-08,Saturday,5,19,True
101285,P107,Photo Frame,9,2011-08-13 19:00:00,8.16,12010,Australia,False,False,False,73.44,73.44,0.0,101285,2011,2011-08,Saturday,5,19,True
101285,P110,Gift Wrap,4,2011-08-13 19:00:00,2.26,12010,Australia,False,False,False,9.04,9.04,0.0,101285,2011,2011-08,Saturday,5,19,True
101286,P111,Serving Bowl,7,2011-11-15 18:00:00,13.7,12024,Netherlands,False,False,False,95.89999999999999,95.89999999999999,0.0,101286,2011,2011-11,Tuesday,1,18,True
101286,P100,Gift Box,1,2011-11-15 18:00:00,4.12,12024,Spain,False,False,False,4.12,4.12,0.0,101286,2011,2011-11,Tuesday,1,18,True
101287,P102,Notebook,9,2011-08-15 09:00:00,3.77,12639,Australia,False,False,False,33.93,33.93,0.0,101287,2011,2011-08,Monday,0,9,True
101287,P103,Wall Clock,21,2011-08-15 09:00:00,12.96,12639,India,False,False,False,272.16,272.16,0.0,101287,2011,2011-08,Monday,0,9,True
101287,P100,Gift Box,6,2011-08-15 09:00:00,4.95,12639,Australia,False,False,False,29.700000000000003,29.700000000000003,0.0,101287,2011,2011-08,Monday,0,9,True
101287,P110,Gift Wrap,3,2011-08-15 09:00:00,2.19,12639,Spain,False,False,False,6.57,6.57,0.0,101287,2011,2011-08,Monday,0,9,True
101288,P109,Desk Organizer,5,2011-08-23 15:00:00,11.8,12418,United Kingdom,False,False,False,59.0,59.0,0.0,101288,2011,2011-08,Tuesday,1,15,True
101289,P103,Wall Clock,1,2011-06-05 12:00:00,13.15,12434,France,False,False,False,13.15,13.15,0.0,101289,2011,2011-06,Sunday,6,12,True
101290,P109,Desk Organizer,5,2011-09-02 19:00:00,10.11,12570,Spain,False,False,False,50.55,50.55,0.0,101290,2011,2011-09,Friday,4,19,True
101291,P107,Photo Frame,3,2011-02-02 14:00:00,7.92,12278,Australia,False,False,False,23.759999999999998,23.759999999999998,0.0,101291,2011,2011-02,Wednesday,2,14,True
101291,P110,Gift Wrap,2,2011-02-02 14:00:00,2.5,12278,Germany,False,False,False,5.0,5.0,0.0,101291,2011,2011-02,Wednesday,2,14,True
101291,P105,Tote Bag,1,2011-02-02 14:00:00,7.32,12278,India,False,False,False,7.32,7.32,0.0,101291,2011,2011-02,Wednesday,2,14,True
101291,P102,Notebook,1,2011-02-02 14:00:00,3.57,12278,Australia,False,False,False,3.57,3.57,0.0,101291,2011,2011-02,Wednesday,2,14,True
101292,P104,Candle Set,4,2011-07-30 18:00:00,10.17,12049,Australia,False,False,False,40.68,40.68,0.0,101292,2011,2011-07,Saturday,5,18,True
101292,P109,Desk Organizer,1,2011-07-30 18:00:00,10.78,12049,Australia,False,False,False,10.78,10.78,0.0,101292,2011,2011-07,Saturday,5,18,True
101293,P104,Candle Set,2,2011-11-17 08:00:00,9.56,12533,India,False,False,False,19.12,19.12,0.0,101293,2011,2011-11,Thursday,3,8,True
101293,P109,Desk Organizer,3,2011-11-17 08:00:00,11.4,12533,Netherlands,False,False,False,34.2,34.2,0.0,101293,2011,2011-11,Thursday,3,8,True
101294,P102,Notebook,1,2011-04-17 17:00:00,3.91,12644,Netherlands,False,False,False,3.91,3.91,0.0,101294,2011,2011-04,Sunday,6,17,True
101294,P104,Candle Set,1,2011-04-17 17:00:00,9.68,12644,India,False,False,False,9.68,9.68,0.0,101294,2011,2011-04,Sunday,6,17,True
101295,P107,Photo Frame,10,2011-02-16 10:00:00,9.06,12002,Spain,False,False,False,90.60000000000001,90.60000000000001,0.0,101295,2011,2011-02,Wednesday,2,10,True
101296,P102,Notebook,9,2011-03-28 10:00:00,4.24,12019,Germany,False,False,False,38.160000000000004,38.160000000000004,0.0,101296,2011,2011-03,Monday,0,10,True
101297,P108,Tea Set,1,2011-08-26 10:00:00,17.67,12694,Australia,False,False,False,17.67,17.67,0.0,101297,2011,2011-08,Friday,4,10,True
101298,P103,Wall Clock,10,2011-04-06 15:00:00,11.26,12395,Netherlands,False,False,False,112.6,112.6,0.0,101298,2011,2011-04,Wednesday,2,15,True
101298,P111,Serving Bowl,4,2011-04-06 15:00:00,15.74,12395,United Kingdom,False,False,False,62.96,62.96,0.0,101298,2011,2011-04,Wednesday,2,15,True
101298,P105,Tote Bag,9,2011-04-06 15:00:00,6.91,12395,India,False,False,False,62.19,62.19,0.0,101298,2011,2011-04,Wednesday,2,15,True
101299,P105,Tote Bag,4,2011-05-22 15:00:00,7.36,12029,India,False,False,False,29.44,29.44,0.0,101299,2011,2011-05,Sunday,6,15,True
101299,P109,Desk Organizer,3,2011-05-22 15:00:00,10.38,12029,Australia,False,False,False,31.14,31.14,0.0,101299,2011,2011-05,Sunday,6,15,True
101299,P104,Candle Set,1,2011-05-22 15:00:00,9.8,12029,India,False,False,False,9.8,9.8,0.0,101299,2011,2011-05,Sunday,6,15,True
101300,P106,Glass Jar,44,2011-06-14 16:00:00,6.25,12349,India,False,False,False,275.0,275.0,0.0,101300,2011,2011-06,Tuesday,1,16,True
101301,P100,Gift Box,3,2011-05-08 11:00:00,4.56,12134,United Kingdom,False,False,False,13.68,13.68,0.0,101301,2011,2011-05,Sunday,6,11,True
101301,P108,Tea Set,3,2011-05-08 11:00:00,17.63,12134,Germany,False,False,False,52.89,52.89,0.0,101301,2011,2011-05,Sunday,6,11,True
101302,P102,Notebook,3,2011-11-21 15:00:00,4.1,12573,Australia,False,False,False,12.299999999999999,12.299999999999999,0.0,101302,2011,2011-11,Monday,0,15,True
101302,P107,Photo Frame,7,2011-11-21 15:00:00,9.36,12573,Australia,False,False,False,65.52,65.52,0.0,101302,2011,2011-11,Monday,0,15,True
101302,P100,Gift Box,1,2011-11-21 15:00:00,4.17,12573,India,False,False,False,4.17,4.17,0.0,101302,2011,2011-11,Monday,0,15,True
101302,P108,Tea Set,2,2011-11-21 15:00:00,20.0,12573,Australia,False,False,False,40.0,40.0,0.0,101302,2011,2011-11,Monday,0,15,True
101303,P103,Wall Clock,2,2011-06-06 11:00:00,13.88,12014,Germany,False,False,False,27.76,27.76,0.0,101303,2011,2011-06,Monday,0,11,True
101304,P111,Serving Bowl,3,2011-04-01 17:00:00,13.59,12006,Germany,False,False,False,40.769999999999996,40.769999999999996,0.0,101304,2011,2011-04,Friday,4,17,True
101305,P102,Notebook,3,2011-06-29 18:00:00,4.04,12112,Netherlands,False,False,False,12.120000000000001,12.120000000000001,0.0,101305,2011,2011-06,Wednesday,2,18,True
101306,P100,Gift Box,3,2011-05-12 09:00:00,5.17,12187,Australia,False,False,False,15.51,15.51,0.0,101306,2011,2011-05,Thursday,3,9,True
101306,P107,Photo Frame,4,2011-05-12 09:00:00,9.18,12187,Netherlands,False,False,False,36.72,36.72,0.0,101306,2011,2011-05,Thursday,3,9,True
101306,P104,Candle Set,6,2011-05-12 09:00:00,9.42,12187,Australia,False,False,False,56.519999999999996,56.519999999999996,0.0,101306,2011,2011-05,Thursday,3,9,True
101306,P102,Notebook,4,2011-05-12 09:00:00,4.28,12187,India,False,False,False,17.12,17.12,0.0,101306,2011,2011-05,Thursday,3,9,True
101307,P103,Wall Clock,1,2011-11-08 15:00:00,12.57,12004,Netherlands,False,False,False,12.57,12.57,0.0,101307,2011,2011-11,Tuesday,1,15,True
101307,P105,Tote Bag,5,2011-11-08 15:00:00,7.05,12004,Spain,False,False,False,35.25,35.25,0.0,101307,2011,2011-11,Tuesday,1,15,True
101307,P102,Notebook,1,2011-11-08 15:00:00,3.88,12004,Australia,False,False,False,3.88,3.88,0.0,101307,2011,2011-11,Tuesday,1,15,True
101308,P100,Gift Box,1,2011-11-10 18:00:00,4.73,12514,India,False,False,False,4.73,4.73,0.0,101308,2011,2011-11,Thursday,3,18,True
101309,P103,Wall Clock,2,2011-03-29 14:00:00,14.07,12677,Netherlands,False,False,False,28.14,28.14,0.0,101309,2011,2011-03,Tuesday,1,14,True
101309,P107,Photo Frame,8,2011-03-29 14:00:00,7.6,12677,India,False,False,False,60.8,60.8,0.0,101309,2011,2011-03,Tuesday,1,14,True
101310,P105,Tote Bag,1,2011-04-06 17:00:00,6.84,12556,United Kingdom,False,False,False,6.84,6.84,0.0,101310,2011,2011-04,Wednesday,2,17,True
101311,P111,Serving Bowl,7,2011-03-02 15:00:00,14.64,12076,India,False,False,False,102.48,102.48,0.0,101311,2011,2011-03,Wednesday,2,15,True
101311,P107,Photo Frame,11,2011-03-02 15:00:00,7.48,12076,Spain,False,False,False,82.28,82.28,0.0,101311,2011,2011-03,Wednesday,2,15,True
101311,P110,Gift Wrap,5,2011-03-02 15:00:00,2.35,12076,France,False,False,False,11.75,11.75,0.0,101311,2011,2011-03,Wednesday,2,15,True
101311,P108,Tea Set,2,2011-03-02 15:00:00,20.38,12076,India,False,False,False,40.76,40.76,0.0,101311,2011,2011-03,Wednesday,2,15,True
101312,P105,Tote Bag,7,2011-05-28 12:00:00,6.31,12004,United Kingdom,False,False,False,44.169999999999995,44.169999999999995,0.0,101312,2011,2011-05,Saturday,5,12,True
101312,P103,Wall Clock,1,2011-05-28 12:00:00,12.59,12004,France,False,False,False,12.59,12.59,0.0,101312,2011,2011-05,Saturday,5,12,True
101312,P107,Photo Frame,3,2011-05-28 12:00:00,7.87,12004,United Kingdom,False,False,False,23.61,23.61,0.0,101312,2011,2011-05,Saturday,5,12,True
101313,P104,Candle Set,7,2011-10-22 16:00:00,9.72,12344,India,False,False,False,68.04,68.04,0.0,101313,2011,2011-10,Saturday,5,16,True
101313,P107,Photo Frame,2,2011-10-22 16:00:00,7.94,12344,India,False,False,False,15.88,15.88,0.0,101313,2011,2011-10,Saturday,5,16,True
101313,P111,Serving Bowl,1,2011-10-22 16:00:00,15.15,12344,Australia,False,False,False,15.15,15.15,0.0,101313,2011,2011-10,Saturday,5,16,True
101313,P106,Glass Jar,1,2011-10-22 16:00:00,5.29,12344,Netherlands,False,False,False,5.29,5.29,0.0,101313,2011,2011-10,Saturday,5,16,True
101314,P110,Gift Wrap,3,2011-05-05 10:00:00,2.74,12658,France,False,False,False,8.22,8.22,0.0,101314,2011,2011-05,Thursday,3,10,True
101314,P106,Glass Jar,3,2011-05-05 10:00:00,5.6,12658,Germany,False,False,False,16.799999999999997,16.799999999999997,0.0,101314,2011,2011-05,Thursday,3,10,True
101314,P109,Desk Organizer,4,2011-05-05 10:00:00,11.6,12658,Australia,False,False,False,46.4,46.4,0.0,101314,2011,2011-05,Thursday,3,10,True
101314,P105,Tote Bag,19,2011-05-05 10:00:00,5.97,12658,France,False,False,False,113.42999999999999,113.42999999999999,0.0,101314,2011,2011-05,Thursday,3,10,True
101315,P100,Gift Box,3,2011-02-15 15:00:00,4.89,12037,Germany,False,False,False,14.669999999999998,14.669999999999998,0.0,101315,2011,2011-02,Tuesday,1,15,True
101315,P103,Wall Clock,6,2011-02-15 15:00:00,11.48,12037,Spain,False,False,False,68.88,68.88,0.0,101315,2011,2011-02,Tuesday,1,15,True
101315,P109,Desk Organizer,3,2011-02-15 15:00:00,12.43,12037,Germany,False,False,False,37.29,37.29,0.0,101315,2011,2011-02,Tuesday,1,15,True
101316,P110,Gift Wrap,1,2011-09-16 08:00:00,2.5,12025,France,False,False,False,2.5,2.5,0.0,101316,2011,2011-09,Friday,4,8,True
101317,P100,Gift Box,6,2011-10-02 15:00:00,4.97,12080,France,False,False,False,29.82,29.82,0.0,101317,2011,2011-10,Sunday,6,15,True
101317,P107,Photo Frame,8,2011-10-02 15:00:00,8.63,12080,United Kingdom,False,False,False,69.04,69.04,0.0,101317,2011,2011-10,Sunday,6,15,True
101318,P100,Gift Box,2,2011-07-25 14:00:00,4.75,12062,Netherlands,False,False,False,9.5,9.5,0.0,101318,2011,2011-07,Monday,0,14,True
101318,P103,Wall Clock,7,2011-07-25 14:00:00,14.2,12062,France,False,False,False,99.39999999999999,99.39999999999999,0.0,101318,2011,2011-07,Monday,0,14,True
101318,P104,Candle Set,3,2011-07-25 14:00:00,9.82,12062,Spain,False,False,False,29.46,29.46,0.0,101318,2011,2011-07,Monday,0,14,True
101319,P106,Glass Jar,3,2011-08-08 10:00:00,5.93,12469,United Kingdom,False,False,False,17.79,17.79,0.0,101319,2011,2011-08,Monday,0,10,True
101320,P109,Desk Organizer,1,2011-07-03 14:00:00,10.74,12044,Netherlands,False,False,False,10.74,10.74,0.0,101320,2011,2011-07,Sunday,6,14,True
101321,P106,Glass Jar,2,2011-04-08 10:00:00,5.17,12347,United Kingdom,False,False,False,10.34,10.34,0.0,101321,2011,2011-04,Friday,4,10,True
101322,P108,Tea Set,3,2011-05-17 09:00:00,16.21,12125,United Kingdom,False,False,False,48.63,48.63,0.0,101322,2011,2011-05,Tuesday,1,9,True
101322,P105,Tote Bag,2,2011-05-17 09:00:00,7.28,12125,Netherlands,False,False,False,14.56,14.56,0.0,101322,2011,2011-05,Tuesday,1,9,True
101322,P104,Candle Set,1,2011-05-17 09:00:00,9.83,12125,Spain,False,False,False,9.83,9.83,0.0,101322,2011,2011-05,Tuesday,1,9,True
101322,P103,Wall Clock,9,2011-05-17 09:00:00,13.35,12125,United Kingdom,False,False,False,120.14999999999999,120.14999999999999,0.0,101322,2011,2011-05,Tuesday,1,9,True
101323,P105,Tote Bag,2,2011-01-15 10:00:00,5.87,12201,France,False,False,False,11.74,11.74,0.0,101323,2011,2011-01,Saturday,5,10,True
101323,P108,Tea Set,2,2011-01-15 10:00:00,20.61,12201,Netherlands,False,False,False,41.22,41.22,0.0,101323,2011,2011-01,Saturday,5,10,True
101323,P109,Desk Organizer,4,2011-01-15 10:00:00,10.36,12201,Netherlands,False,False,False,41.44,41.44,0.0,101323,2011,2011-01,Saturday,5,10,True
101324,P106,Glass Jar,4,2011-12-05 17:00:00,5.62,12564,France,False,False,False,22.48,22.48,0.0,101324,2011,2011-12,Monday,0,17,True
101325,P110,Gift Wrap,2,2011-07-03 14:00:00,2.49,12025,Netherlands,False,False,False,4.98,4.98,0.0,101325,2011,2011-07,Sunday,6,14,True
101325,P101,Ceramic Mug,2,2011-07-03 14:00:00,6.61,12025,United Kingdom,False,False,False,13.22,13.22,0.0,101325,2011,2011-07,Sunday,6,14,True
101325,P103,Wall Clock,3,2011-07-03 14:00:00,11.65,12025,India,False,False,False,34.95,34.95,0.0,101325,2011,2011-07,Sunday,6,14,True
101325,P108,Tea Set,1,2011-07-03 14:00:00,18.61,12025,Netherlands,False,False,False,18.61,18.61,0.0,101325,2011,2011-07,Sunday,6,14,True
101326,P103,Wall Clock,4,2011-04-20 15:00:00,14.19,12059,India,False,False,False,56.76,56.76,0.0,101326,2011,2011-04,Wednesday,2,15,True
101326,P111,Serving Bowl,1,2011-04-20 15:00:00,16.0,12059,United Kingdom,False,False,False,16.0,16.0,0.0,101326,2011,2011-04,Wednesday,2,15,True
101327,P108,Tea Set,4,2011-01-06 19:00:00,20.51,12396,United Kingdom,False,False,False,82.04,82.04,0.0,101327,2011,2011-01,Thursday,3,19,True
101328,P101,Ceramic Mug,6,2011-09-19 18:00:00,8.21,12283,Netherlands,False,False,False,49.260000000000005,49.260000000000005,0.0,101328,2011,2011-09,Monday,0,18,True
101328,P111,Serving Bowl,4,2011-09-19 18:00:00,16.27,12283,Netherlands,False,False,False,65.08,65.08,0.0,101328,2011,2011-09,Monday,0,18,True
101328,P110,Gift Wrap,5,2011-09-19 18:00:00,2.36,12283,United Kingdom,False,False,False,11.799999999999999,11.799999999999999,0.0,101328,2011,2011-09,Monday,0,18,True
101328,P104,Candle Set,1,2011-09-19 18:00:00,9.04,12283,Spain,False,False,False,9.04,9.04,0.0,101328,2011,2011-09,Monday,0,18,True
101329,P104,Candle Set,3,2011-08-24 11:00:00,9.78,12020,Germany,False,False,False,29.339999999999996,29.339999999999996,0.0,101329,2011,2011-08,Wednesday,2,11,True
101329,P101,Ceramic Mug,7,2011-08-24 11:00:00,7.81,12020,Germany,False,False,False,54.669999999999995,54.669999999999995,0.0,101329,2011,2011-08,Wednesday,2,11,True
101329,P102,Notebook,6,2011-08-24 11:00:00,3.86,12020,United Kingdom,False,False,False,23.16,23.16,0.0,101329,2011,2011-08,Wednesday,2,11,True
101329,P108,Tea Set,2,2011-08-24 11:00:00,18.85,12020,France,False,False,False,37.7,37.7,0.0,101329,2011,2011-08,Wednesday,2,11,True
101330,P108,Tea Set,5,2011-05-28 19:00:00,19.05,12130,Germany,False,False,False,95.25,95.25,0.0,101330,2011,2011-05,Saturday,5,19,True
101330,P111,Serving Bowl,3,2011-05-28 19:00:00,14.58,12130,Australia,False,False,False,43.74,43.74,0.0,101330,2011,2011-05,Saturday,5,19,True
101331,P105,Tote Bag,1,2011-05-07 15:00:00,5.86,12599,United Kingdom,False,False,False,5.86,5.86,0.0,101331,2011,2011-05,Saturday,5,15,True
101331,P104,Candle Set,2,2011-05-07 15:00:00,10.3,12599,Spain,False,False,False,20.6,20.6,0.0,101331,2011,2011-05,Saturday,5,15,True
101331,P100,Gift Box,5,2011-05-07 15:00:00,4.94,12599,France,False,False,False,24.700000000000003,24.700000000000003,0.0,101331,2011,2011-05,Saturday,5,15,True
101332,P109,Desk Organizer,8,2011-07-14 13:00:00,9.95,12438,India,False,False,False,79.6,79.6,0.0,101332,2011,2011-07,Thursday,3,13,True
101333,P102,Notebook,1,2011-09-30 14:00:00,4.35,12139,Spain,False,False,False,4.35,4.35,0.0,101333,2011,2011-09,Friday,4,14,True
101333,P101,Ceramic Mug,2,2011-09-30 14:00:00,7.69,12139,Spain,False,False,False,15.38,15.38,0.0,101333,2011,2011-09,Friday,4,14,True
101333,P103,Wall Clock,1,2011-09-30 14:00:00,12.38,12139,France,False,False,False,12.38,12.38,0.0,101333,2011,2011-09,Friday,4,14,True
101334,P106,Glass Jar,1,2011-02-06 08:00:00,6.31,12419,India,False,False,False,6.31,6.31,0.0,101334,2011,2011-02,Sunday,6,8,True
101334,P103,Wall Clock,2,2011-02-06 08:00:00,13.68,12419,France,False,False,False,27.36,27.36,0.0,101334,2011,2011-02,Sunday,6,8,True
101334,P101,Ceramic Mug,4,2011-02-06 08:00:00,8.26,12419,United Kingdom,False,False,False,33.04,33.04,0.0,101334,2011,2011-02,Sunday,6,8,True
101334,P109,Desk Organizer,1,2011-02-06 08:00:00,11.39,12419,India,False,False,False,11.39,11.39,0.0,101334,2011,2011-02,Sunday,6,8,True
101335,P106,Glass Jar,3,2011-01-02 16:00:00,5.96,12042,France,False,False,False,17.88,17.88,0.0,101335,2011,2011-01,Sunday,6,16,True
101335,P101,Ceramic Mug,4,2011-01-02 16:00:00,7.1,12042,France,False,False,False,28.4,28.4,0.0,101335,2011,2011-01,Sunday,6,16,True
101335,P110,Gift Wrap,1,2011-01-02 16:00:00,2.41,12042,Germany,False,False,False,2.41,2.41,0.0,101335,2011,2011-01,Sunday,6,16,True
101336,P100,Gift Box,5,2011-09-14 13:00:00,4.2,12102,France,False,False,False,21.0,21.0,0.0,101336,2011,2011-09,Wednesday,2,13,True
101336,P108,Tea Set,1,2011-09-14 13:00:00,18.82,12102,Australia,False,False,False,18.82,18.82,0.0,101336,2011,2011-09,Wednesday,2,13,True
101336,P111,Serving Bowl,5,2011-09-14 13:00:00,14.59,12102,United Kingdom,False,False,False,72.95,72.95,0.0,101336,2011,2011-09,Wednesday,2,13,True
101336,P102,Notebook,2,2011-09-14 13:00:00,4.18,12102,India,False,False,False,8.36,8.36,0.0,101336,2011,2011-09,Wednesday,2,13,True
101337,P100,Gift Box,5,2011-03-10 10:00:00,4.35,12305,Germany,False,False,False,21.75,21.75,0.0,101337,2011,2011-03,Thursday,3,10,True
101337,P102,Notebook,1,2011-03-10 10:00:00,3.63,12305,Germany,False,False,False,3.63,3.63,0.0,101337,2011,2011-03,Thursday,3,10,True
101338,P110,Gift Wrap,2,2011-04-24 13:00:00,2.47,12043,Germany,False,False,False,4.94,4.94,0.0,101338,2011,2011-04,Sunday,6,13,True
101338,P111,Serving Bowl,1,2011-04-24 13:00:00,13.2,12043,India,False,False,False,13.2,13.2,0.0,101338,2011,2011-04,Sunday,6,13,True
101338,P101,Ceramic Mug,5,2011-04-24 13:00:00,7.25,12043,Spain,False,False,False,36.25,36.25,0.0,101338,2011,2011-04,Sunday,6,13,True
101338,P109,Desk Organizer,1,2011-04-24 13:00:00,12.65,12043,India,False,False,False,12.65,12.65,0.0,101338,2011,2011-04,Sunday,6,13,True
101339,P108,Tea Set,1,2011-02-03 09:00:00,18.34,12540,Spain,False,False,False,18.34,18.34,0.0,101339,2011,2011-02,Thursday,3,9,True
101340,P100,Gift Box,1,2011-07-13 18:00:00,4.27,12163,France,False,False,False,4.27,4.27,0.0,101340,2011,2011-07,Wednesday,2,18,True
101340,P103,Wall Clock,7,2011-07-13 18:00:00,14.05,12163,Germany,False,False,False,98.35000000000001,98.35000000000001,0.0,101340,2011,2011-07,Wednesday,2,18,True
101340,P106,Glass Jar,1,2011-07-13 18:00:00,5.64,12163,United Kingdom,False,False,False,5.64,5.64,0.0,101340,2011,2011-07,Wednesday,2,18,True
101340,P105,Tote Bag,1,2011-07-13 18:00:00,6.69,12163,Germany,False,False,False,6.69,6.69,0.0,101340,2011,2011-07,Wednesday,2,18,True
101341,P100,Gift Box,14,2010-12-26 15:00:00,4.51,12032,France,False,False,False,63.14,63.14,0.0,101341,2010,2010-12,Sunday,6,15,True
101341,P107,Photo Frame,3,2010-12-26 15:00:00,8.13,12032,Spain,False,False,False,24.39,24.39,0.0,101341,2010,2010-12,Sunday,6,15,True
101341,P106,Glass Jar,5,2010-12-26 15:00:00,5.08,12032,Australia,False,False,False,25.4,25.4,0.0,101341,2010,2010-12,Sunday,6,15,True
101341,P105,Tote Bag,1,2010-12-26 15:00:00,6.22,12032,France,False,False,False,6.22,6.22,0.0,101341,2010,2010-12,Sunday,6,15,True
101342,P103,Wall Clock,9,2011-08-13 16:00:00,11.51,12053,Australia,False,False,False,103.59,103.59,0.0,101342,2011,2011-08,Saturday,5,16,True
101343,P101,Ceramic Mug,5,2011-08-21 16:00:00,7.71,12586,Netherlands,False,False,False,38.55,38.55,0.0,101343,2011,2011-08,Sunday,6,16,True
101343,P100,Gift Box,2,2011-08-21 16:00:00,5.07,12586,Netherlands,False,False,False,10.14,10.14,0.0,101343,2011,2011-08,Sunday,6,16,True
101343,P110,Gift Wrap,2,2011-08-21 16:00:00,2.22,12586,Germany,False,False,False,4.44,4.44,0.0,101343,2011,2011-08,Sunday,6,16,True
101343,P106,Glass Jar,3,2011-08-21 16:00:00,5.16,12586,France,False,False,False,15.48,15.48,0.0,101343,2011,2011-08,Sunday,6,16,True
101344,P106,Glass Jar,3,2011-05-28 14:00:00,6.05,12167,India,False,False,False,18.15,18.15,0.0,101344,2011,2011-05,Saturday,5,14,True
101344,P109,Desk Organizer,5,2011-05-28 14:00:00,10.93,12167,Spain,False,False,False,54.65,54.65,0.0,101344,2011,2011-05,Saturday,5,14,True
101345,P100,Gift Box,2,2011-01-22 17:00:00,4.53,12136,Australia,False,False,False,9.06,9.06,0.0,101345,2011,2011-01,Saturday,5,17,True
101345,P111,Serving Bowl,8,2011-01-22 17:00:00,16.56,12136,France,False,False,False,132.48,132.48,0.0,101345,2011,2011-01,Saturday,5,17,True
101345,P108,Tea Set,80,2011-01-22 17:00:00,19.03,12136,Spain,False,False,False,1522.4,1522.4,0.0,101345,2011,2011-01,Saturday,5,17,True
101345,P102,Notebook,3,2011-01-22 17:00:00,4.14,12136,Netherlands,False,False,False,12.419999999999998,12.419999999999998,0.0,101345,2011,2011-01,Saturday,5,17,True
101346,P111,Serving Bowl,5,2011-08-28 11:00:00,14.87,12448,United Kingdom,False,False,False,74.35,74.35,0.0,101346,2011,2011-08,Sunday,6,11,True
101347,P102,Notebook,6,2011-04-25 08:00:00,4.33,12318,Australia,False,False,False,25.98,25.98,0.0,101347,2011,2011-04,Monday,0,8,True
101347,P100,Gift Box,5,2011-04-25 08:00:00,5.08,12318,India,False,False,False,25.4,25.4,0.0,101347,2011,2011-04,Monday,0,8,True
101348,P104,Candle Set,9,2011-07-23 10:00:00,10.13,12476,India,False,False,False,91.17,91.17,0.0,101348,2011,2011-07,Saturday,5,10,True
101348,P103,Wall Clock,1,2011-07-23 10:00:00,12.47,12476,Netherlands,False,False,False,12.47,12.47,0.0,101348,2011,2011-07,Saturday,5,10,True
101349,P101,Ceramic Mug,20,2011-09-11 10:00:00,7.97,12256,India,False,False,False,159.4,159.4,0.0,101349,2011,2011-09,Sunday,6,10,True
101350,P102,Notebook,3,2010-12-20 14:00:00,4.14,12080,Australia,False,False,False,12.419999999999998,12.419999999999998,0.0,101350,2010,2010-12,Monday,0,14,True
101351,P100,Gift Box,12,2011-01-02 15:00:00,5.09,12170,Spain,False,False,False,61.08,61.08,0.0,101351,2011,2011-01,Sunday,6,15,True
101351,P102,Notebook,2,2011-01-02 15:00:00,3.83,12170,Australia,False,False,False,7.66,7.66,0.0,101351,2011,2011-01,Sunday,6,15,True
101351,P103,Wall Clock,4,2011-01-02 15:00:00,12.22,12170,Spain,False,False,False,48.88,48.88,0.0,101351,2011,2011-01,Sunday,6,15,True
101351,P108,Tea Set,5,2011-01-02 15:00:00,19.0,12170,Spain,False,False,False,95.0,95.0,0.0,101351,2011,2011-01,Sunday,6,15,True
101352,P108,Tea Set,8,2011-03-08 18:00:00,18.67,12584,Australia,False,False,False,149.36,149.36,0.0,101352,2011,2011-03,Tuesday,1,18,True
101352,P105,Tote Bag,2,2011-03-08 18:00:00,6.9,12584,Spain,False,False,False,13.8,13.8,0.0,101352,2011,2011-03,Tuesday,1,18,True
101352,P107,Photo Frame,2,2011-03-08 18:00:00,8.79,12584,Germany,False,False,False,17.58,17.58,0.0,101352,2011,2011-03,Tuesday,1,18,True
101352,P104,Candle Set,760,2011-03-08 18:00:00,10.58,12584,United Kingdom,False,False,False,8040.8,8040.8,0.0,101352,2011,2011-03,Tuesday,1,18,True
101353,P100,Gift Box,2,2011-11-02 09:00:00,5.02,12066,Germany,False,False,False,10.04,10.04,0.0,101353,2011,2011-11,Wednesday,2,9,True
101354,P105,Tote Bag,5,2011-03-27 12:00:00,6.01,12032,Spain,False,False,False,30.049999999999997,30.049999999999997,0.0,101354,2011,2011-03,Sunday,6,12,True
101354,P109,Desk Organizer,8,2011-03-27 12:00:00,12.27,12032,India,False,False,False,98.16,98.16,0.0,101354,2011,2011-03,Sunday,6,12,True
101354,P108,Tea Set,2,2011-03-27 12:00:00,18.89,12032,France,False,False,False,37.78,37.78,0.0,101354,2011,2011-03,Sunday,6,12,True
101354,P104,Candle Set,1,2011-03-27 12:00:00,10.52,12032,Spain,False,False,False,10.52,10.52,0.0,101354,2011,2011-03,Sunday,6,12,True
101355,P108,Tea Set,8,2011-06-19 15:00:00,18.71,12596,Australia,False,False,False,149.68,149.68,0.0,101355,2011,2011-06,Sunday,6,15,True
101355,P103,Wall Clock,5,2011-06-19 15:00:00,14.29,12596,France,False,False,False,71.44999999999999,71.44999999999999,0.0,101355,2011,2011-06,Sunday,6,15,True
101355,P110,Gift Wrap,2,2011-06-19 15:00:00,2.16,12596,United Kingdom,False,False,False,4.32,4.32,0.0,101355,2011,2011-06,Sunday,6,15,True
101355,P101,Ceramic Mug,4,2011-06-19 15:00:00,8.04,12596,Netherlands,False,False,False,32.16,32.16,0.0,101355,2011,2011-06,Sunday,6,15,True
101356,P109,Desk Organizer,5,2011-06-19 16:00:00,11.62,12022,India,False,False,False,58.099999999999994,58.099999999999994,0.0,101356,2011,2011-06,Sunday,6,16,True
101356,P105,Tote Bag,2,2011-06-19 16:00:00,6.28,12022,United Kingdom,False,False,False,12.56,12.56,0.0,101356,2011,2011-06,Sunday,6,16,True
101356,P103,Wall Clock,2,2011-06-19 16:00:00,11.83,12022,Australia,False,False,False,23.66,23.66,0.0,101356,2011,2011-06,Sunday,6,16,True
101356,P104,Candle Set,6,2011-06-19 16:00:00,11.05,12022,Spain,False,False,False,66.30000000000001,66.30000000000001,0.0,101356,2011,2011-06,Sunday,6,16,True
101357,P110,Gift Wrap,2,2011-09-30 19:00:00,2.6,12460,Australia,False,False,False,5.2,5.2,0.0,101357,2011,2011-09,Friday,4,19,True
101358,P108,Tea Set,1,2011-10-30 14:00:00,18.24,12041,United Kingdom,False,False,False,18.24,18.24,0.0,101358,2011,2011-10,Sunday,6,14,True
101358,P110,Gift Wrap,1,2011-10-30 14:00:00,2.29,12041,Spain,False,False,False,2.29,2.29,0.0,101358,2011,2011-10,Sunday,6,14,True
101358,P104,Candle Set,5,2011-10-30 14:00:00,10.4,12041,Spain,False,False,False,52.0,52.0,0.0,101358,2011,2011-10,Sunday,6,14,True
101358,P102,Notebook,2,2011-10-30 14:00:00,3.57,12041,Australia,False,False,False,7.14,7.14,0.0,101358,2011,2011-10,Sunday,6,14,True
101359,P109,Desk Organizer,3,2011-03-29 18:00:00,10.85,12052,Australia,False,False,False,32.55,32.55,0.0,101359,2011,2011-03,Tuesday,1,18,True
101359,P104,Candle Set,4,2011-03-29 18:00:00,9.48,12052,Germany,False,False,False,37.92,37.92,0.0,101359,2011,2011-03,Tuesday,1,18,True
101360,P105,Tote Bag,3,2011-01-29 17:00:00,6.11,12265,Germany,False,False,False,18.330000000000002,18.330000000000002,0.0,101360,2011,2011-01,Saturday,5,17,True
101361,P103,Wall Clock,9,2011-04-20 19:00:00,14.2,12048,Netherlands,False,False,False,127.8,127.8,0.0,101361,2011,2011-04,Wednesday,2,19,True
101361,P107,Photo Frame,5,2011-04-20 19:00:00,7.86,12048,United Kingdom,False,False,False,39.300000000000004,39.300000000000004,0.0,101361,2011,2011-04,Wednesday,2,19,True
101361,P101,Ceramic Mug,5,2011-04-20 19:00:00,7.14,12048,India,False,False,False,35.699999999999996,35.699999999999996,0.0,101361,2011,2011-04,Wednesday,2,19,True
101362,P111,Serving Bowl,3,2011-08-22 16:00:00,13.99,12420,Spain,False,False,False,41.97,41.97,0.0,101362,2011,2011-08,Monday,0,16,True
101362,P100,Gift Box,4,2011-08-22 16:00:00,4.06,12420,Australia,False,False,False,16.24,16.24,0.0,101362,2011,2011-08,Monday,0,16,True
101362,P105,Tote Bag,5,2011-08-22 16:00:00,7.42,12420,Netherlands,False,False,False,37.1,37.1,0.0,101362,2011,2011-08,Monday,0,16,True
101362,P102,Notebook,4,2011-08-22 16:00:00,3.88,12420,United Kingdom,False,False,False,15.52,15.52,0.0,101362,2011,2011-08,Monday,0,16,True
101363,P103,Wall Clock,4,2011-05-04 15:00:00,13.9,12074,United Kingdom,False,False,False,55.6,55.6,0.0,101363,2011,2011-05,Wednesday,2,15,True
101363,P110,Gift Wrap,1,2011-05-04 15:00:00,2.25,12074,Spain,False,False,False,2.25,2.25,0.0,101363,2011,2011-05,Wednesday,2,15,True
101363,P101,Ceramic Mug,4,2011-05-04 15:00:00,7.37,12074,Spain,False,False,False,29.48,29.48,0.0,101363,2011,2011-05,Wednesday,2,15,True
101363,P104,Candle Set,2,2011-05-04 15:00:00,11.32,12074,Germany,False,False,False,22.64,22.64,0.0,101363,2011,2011-05,Wednesday,2,15,True
101364,P108,Tea Set,6,2011-08-31 17:00:00,17.48,12136,Spain,False,False,False,104.88,104.88,0.0,101364,2011,2011-08,Wednesday,2,17,True
101365,P108,Tea Set,3,2010-12-06 19:00:00,20.31,12670,Spain,False,False,False,60.92999999999999,60.92999999999999,0.0,101365,2010,2010-12,Monday,0,19,True
101365,P104,Candle Set,3,2010-12-06 19:00:00,9.01,12670,Spain,False,False,False,27.03,27.03,0.0,101365,2010,2010-12,Monday,0,19,True
101365,P100,Gift Box,7,2010-12-06 19:00:00,4.5,12670,France,False,False,False,31.5,31.5,0.0,101365,2010,2010-12,Monday,0,19,True
101366,P109,Desk Organizer,3,2011-11-13 14:00:00,10.9,12070,India,False,False,False,32.7,32.7,0.0,101366,2011,2011-11,Sunday,6,14,True
101367,P109,Desk Organizer,2,2011-06-24 10:00:00,10.01,12265,Germany,False,False,False,20.02,20.02,0.0,101367,2011,2011-06,Friday,4,10,True
101367,P101,Ceramic Mug,1,2011-06-24 10:00:00,6.66,12265,France,False,False,False,6.66,6.66,0.0,101367,2011,2011-06,Friday,4,10,True
101367,P108,Tea Set,5,2011-06-24 10:00:00,16.65,12265,Spain,False,False,False,83.25,83.25,0.0,101367,2011,2011-06,Friday,4,10,True
101367,P110,Gift Wrap,2,2011-06-24 10:00:00,2.66,12265,Australia,False,False,False,5.32,5.32,0.0,101367,2011,2011-06,Friday,4,10,True
101368,P100,Gift Box,2,2011-11-06 10:00:00,4.31,12014,United Kingdom,False,False,False,8.62,8.62,0.0,101368,2011,2011-11,Sunday,6,10,True
101369,P103,Wall Clock,3,2011-01-19 18:00:00,13.35,12595,Spain,False,False,False,40.05,40.05,0.0,101369,2011,2011-01,Wednesday,2,18,True
101369,P107,Photo Frame,3,2011-01-19 18:00:00,8.33,12595,Spain,False,False,False,24.990000000000002,24.990000000000002,0.0,101369,2011,2011-01,Wednesday,2,18,True
101370,P109,Desk Organizer,1,2011-11-10 08:00:00,11.96,12507,France,False,False,False,11.96,11.96,0.0,101370,2011,2011-11,Thursday,3,8,True
101370,P103,Wall Clock,1,2011-11-10 08:00:00,13.25,12507,Netherlands,False,False,False,13.25,13.25,0.0,101370,2011,2011-11,Thursday,3,8,True
101370,P102,Notebook,1,2011-11-10 08:00:00,3.84,12507,Australia,False,False,False,3.84,3.84,0.0,101370,2011,2011-11,Thursday,3,8,True
101370,P100,Gift Box,1,2011-11-10 08:00:00,4.25,12507,India,False,False,False,4.25,4.25,0.0,101370,2011,2011-11,Thursday,3,8,True
101371,P106,Glass Jar,5,2010-12-16 16:00:00,5.31,12497,Netherlands,False,False,False,26.549999999999997,26.549999999999997,0.0,101371,2010,2010-12,Thursday,3,16,True
101372,P110,Gift Wrap,2,2011-02-06 16:00:00,2.48,12271,Australia,False,False,False,4.96,4.96,0.0,101372,2011,2011-02,Sunday,6,16,True
101373,P106,Glass Jar,1,2011-02-20 16:00:00,5.94,12072,Spain,False,False,False,5.94,5.94,0.0,101373,2011,2011-02,Sunday,6,16,True
101373,P107,Photo Frame,2,2011-02-20 16:00:00,8.77,12072,Germany,False,False,False,17.54,17.54,0.0,101373,2011,2011-02,Sunday,6,16,True
101373,P109,Desk Organizer,1,2011-02-20 16:00:00,10.3,12072,Germany,False,False,False,10.3,10.3,0.0,101373,2011,2011-02,Sunday,6,16,True
101374,P103,Wall Clock,6,2011-04-21 13:00:00,11.57,12055,Spain,False,False,False,69.42,69.42,0.0,101374,2011,2011-04,Thursday,3,13,True
101374,P102,Notebook,1,2011-04-21 13:00:00,3.78,12055,Spain,False,False,False,3.78,3.78,0.0,101374,2011,2011-04,Thursday,3,13,True
101375,P103,Wall Clock,4,2011-09-14 12:00:00,12.35,12194,India,False,False,False,49.4,49.4,0.0,101375,2011,2011-09,Wednesday,2,12,True
101375,P109,Desk Organizer,2,2011-09-14 12:00:00,12.59,12194,Spain,False,False,False,25.18,25.18,0.0,101375,2011,2011-09,Wednesday,2,12,True
101376,P109,Desk Organizer,8,2011-11-12 14:00:00,10.47,12062,United Kingdom,False,False,False,83.76,83.76,0.0,101376,2011,2011-11,Saturday,5,14,True
101376,P100,Gift Box,3,2011-11-12 14:00:00,4.88,12062,India,False,False,False,14.64,14.64,0.0,101376,2011,2011-11,Saturday,5,14,True
101377,P108,Tea Set,4,2011-07-14 19:00:00,17.13,12063,United Kingdom,False,False,False,68.52,68.52,0.0,101377,2011,2011-07,Thursday,3,19,True
101377,P102,Notebook,5,2011-07-14 19:00:00,3.44,12063,United Kingdom,False,False,False,17.2,17.2,0.0,101377,2011,2011-07,Thursday,3,19,True
101378,P100,Gift Box,2,2011-11-25 18:00:00,4.54,12089,Australia,False,False,False,9.08,9.08,0.0,101378,2011,2011-11,Friday,4,18,True
101379,P107,Photo Frame,1,2011-07-01 15:00:00,8.1,12092,United Kingdom,False,False,False,8.1,8.1,0.0,101379,2011,2011-07,Friday,4,15,True
101379,P106,Glass Jar,3,2011-07-01 15:00:00,5.37,12092,Australia,False,False,False,16.11,16.11,0.0,101379,2011,2011-07,Friday,4,15,True
101379,P103,Wall Clock,5,2011-07-01 15:00:00,12.77,12092,India,False,False,False,63.849999999999994,63.849999999999994,0.0,101379,2011,2011-07,Friday,4,15,True
101379,P102,Notebook,1,2011-07-01 15:00:00,3.99,12092,Germany,False,False,False,3.99,3.99,0.0,101379,2011,2011-07,Friday,4,15,True
101380,P103,Wall Clock,4,2011-08-09 11:00:00,13.02,12449,Netherlands,False,False,False,52.08,52.08,0.0,101380,2011,2011-08,Tuesday,1,11,True
101380,P108,Tea Set,168,2011-08-09 11:00:00,16.29,12449,Australia,False,False,False,2736.72,2736.72,0.0,101380,2011,2011-08,Tuesday,1,11,True
101380,P107,Photo Frame,1,2011-08-09 11:00:00,8.62,12449,United Kingdom,False,False,False,8.62,8.62,0.0,101380,2011,2011-08,Tuesday,1,11,True
101380,P105,Tote Bag,1,2011-08-09 11:00:00,6.82,12449,France,False,False,False,6.82,6.82,0.0,101380,2011,2011-08,Tuesday,1,11,True
101381,P110,Gift Wrap,7,2011-01-23 15:00:00,2.42,12114,Netherlands,False,False,False,16.939999999999998,16.939999999999998,0.0,101381,2011,2011-01,Sunday,6,15,True
101381,P103,Wall Clock,2,2011-01-23 15:00:00,13.36,12114,Netherlands,False,False,False,26.72,26.72,0.0,101381,2011,2011-01,Sunday,6,15,True
101381,P100,Gift Box,1,2011-01-23 15:00:00,4.21,12114,France,False,False,False,4.21,4.21,0.0,101381,2011,2011-01,Sunday,6,15,True
101381,P105,Tote Bag,4,2011-01-23 15:00:00,6.84,12114,Germany,False,False,False,27.36,27.36,0.0,101381,2011,2011-01,Sunday,6,15,True
101382,P103,Wall Clock,4,2011-07-11 15:00:00,12.35,12063,India,False,False,False,49.4,49.4,0.0,101382,2011,2011-07,Monday,0,15,True
101382,P102,Notebook,5,2011-07-11 15:00:00,3.85,12063,Germany,False,False,False,19.25,19.25,0.0,101382,2011,2011-07,Monday,0,15,True
101382,P109,Desk Organizer,1,2011-07-11 15:00:00,11.07,12063,Australia,False,False,False,11.07,11.07,0.0,101382,2011,2011-07,Monday,0,15,True
101382,P105,Tote Bag,13,2011-07-11 15:00:00,6.19,12063,France,False,False,False,80.47,80.47,0.0,101382,2011,2011-07,Monday,0,15,True
101383,P101,Ceramic Mug,4,2011-08-25 19:00:00,8.25,12111,Netherlands,False,False,False,33.0,33.0,0.0,101383,2011,2011-08,Thursday,3,19,True
101383,P109,Desk Organizer,3,2011-08-25 19:00:00,11.28,12111,United Kingdom,False,False,False,33.839999999999996,33.839999999999996,0.0,101383,2011,2011-08,Thursday,3,19,True
101384,P111,Serving Bowl,2,2011-03-09 12:00:00,13.4,12405,Netherlands,False,False,False,26.8,26.8,0.0,101384,2011,2011-03,Wednesday,2,12,True
101384,P110,Gift Wrap,2,2011-03-09 12:00:00,2.47,12405,Germany,False,False,False,4.94,4.94,0.0,101384,2011,2011-03,Wednesday,2,12,True
101384,P101,Ceramic Mug,3,2011-03-09 12:00:00,7.46,12405,France,False,False,False,22.38,22.38,0.0,101384,2011,2011-03,Wednesday,2,12,True
101384,P109,Desk Organizer,6,2011-03-09 12:00:00,11.58,12405,United Kingdom,False,False,False,69.48,69.48,0.0,101384,2011,2011-03,Wednesday,2,12,True
101385,P108,Tea Set,1,2011-02-11 08:00:00,16.65,12619,United Kingdom,False,False,False,16.65,16.65,0.0,101385,2011,2011-02,Friday,4,8,True
101386,P100,Gift Box,1,2011-06-18 17:00:00,4.53,12288,United Kingdom,False,False,False,4.53,4.53,0.0,101386,2011,2011-06,Saturday,5,17,True
101387,P103,Wall Clock,10,2011-04-07 14:00:00,13.84,12032,Australia,False,False,False,138.4,138.4,0.0,101387,2011,2011-04,Thursday,3,14,True
101387,P106,Glass Jar,2,2011-04-07 14:00:00,5.48,12032,France,False,False,False,10.96,10.96,0.0,101387,2011,2011-04,Thursday,3,14,True
101387,P107,Photo Frame,1,2011-04-07 14:00:00,8.37,12032,Germany,False,False,False,8.37,8.37,0.0,101387,2011,2011-04,Thursday,3,14,True
101387,P110,Gift Wrap,2,2011-04-07 14:00:00,2.67,12032,France,False,False,False,5.34,5.34,0.0,101387,2011,2011-04,Thursday,3,14,True
101388,P110,Gift Wrap,4,2011-05-04 12:00:00,2.59,12175,United Kingdom,False,False,False,10.36,10.36,0.0,101388,2011,2011-05,Wednesday,2,12,True
101388,P102,Notebook,1,2011-05-04 12:00:00,3.77,12175,France,False,False,False,3.77,3.77,0.0,101388,2011,2011-05,Wednesday,2,12,True
101388,P106,Glass Jar,10,2011-05-04 12:00:00,5.43,12175,France,False,False,False,54.3,54.3,0.0,101388,2011,2011-05,Wednesday,2,12,True
101388,P108,Tea Set,1,2011-05-04 12:00:00,18.73,12175,India,False,False,False,18.73,18.73,0.0,101388,2011,2011-05,Wednesday,2,12,True
101389,P100,Gift Box,11,2011-01-25 14:00:00,5.07,12067,Netherlands,False,False,False,55.77,55.77,0.0,101389,2011,2011-01,Tuesday,1,14,True
101389,P111,Serving Bowl,2,2011-01-25 14:00:00,15.93,12067,Netherlands,False,False,False,31.86,31.86,0.0,101389,2011,2011-01,Tuesday,1,14,True
101389,P102,Notebook,1,2011-01-25 14:00:00,4.05,12067,Netherlands,False,False,False,4.05,4.05,0.0,101389,2011,2011-01,Tuesday,1,14,True
101389,P110,Gift Wrap,3,2011-01-25 14:00:00,2.4,12067,Spain,False,False,False,7.199999999999999,7.199999999999999,0.0,101389,2011,2011-01,Tuesday,1,14,True
101390,P106,Glass Jar,3,2011-11-21 13:00:00,6.28,12299,Germany,False,False,False,18.84,18.84,0.0,101390,2011,2011-11,Monday,0,13,True
101390,P110,Gift Wrap,2,2011-11-21 13:00:00,2.4,12299,Netherlands,False,False,False,4.8,4.8,0.0,101390,2011,2011-11,Monday,0,13,True
101390,P100,Gift Box,5,2011-11-21 13:00:00,4.66,12299,India,False,False,False,23.3,23.3,0.0,101390,2011,2011-11,Monday,0,13,True
101391,P103,Wall Clock,4,2011-03-31 09:00:00,14.09,12137,United Kingdom,False,False,False,56.36,56.36,0.0,101391,2011,2011-03,Thursday,3,9,True
101391,P100,Gift Box,19,2011-03-31 09:00:00,4.13,12137,India,False,False,False,78.47,78.47,0.0,101391,2011,2011-03,Thursday,3,9,True
101392,P106,Glass Jar,10,2011-09-25 17:00:00,5.69,12071,India,False,False,False,56.900000000000006,56.900000000000006,0.0,101392,2011,2011-09,Sunday,6,17,True
101392,P100,Gift Box,2,2011-09-25 17:00:00,4.96,12071,Spain,False,False,False,9.92,9.92,0.0,101392,2011,2011-09,Sunday,6,17,True
101392,P102,Notebook,5,2011-09-25 17:00:00,4.06,12071,United Kingdom,False,False,False,20.299999999999997,20.299999999999997,0.0,101392,2011,2011-09,Sunday,6,17,True
101393,P100,Gift Box,10,2011-04-04 17:00:00,4.9,12037,Netherlands,False,False,False,49.0,49.0,0.0,101393,2011,2011-04,Monday,0,17,True
101393,P109,Desk Organizer,2,2011-04-04 17:00:00,10.75,12037,United Kingdom,False,False,False,21.5,21.5,0.0,101393,2011,2011-04,Monday,0,17,True
101393,P108,Tea Set,7,2011-04-04 17:00:00,19.02,12037,India,False,False,False,133.14,133.14,0.0,101393,2011,2011-04,Monday,0,17,True
101394,P109,Desk Organizer,2,2011-03-30 17:00:00,11.48,12063,Netherlands,False,False,False,22.96,22.96,0.0,101394,2011,2011-03,Wednesday,2,17,True
101394,P110,Gift Wrap,3,2011-03-30 17:00:00,2.71,12063,France,False,False,False,8.129999999999999,8.129999999999999,0.0,101394,2011,2011-03,Wednesday,2,17,True
101394,P104,Candle Set,5,2011-03-30 17:00:00,10.82,12063,United Kingdom,False,False,False,54.1,54.1,0.0,101394,2011,2011-03,Wednesday,2,17,True
101395,P103,Wall Clock,4,2011-02-24 10:00:00,11.27,12696,India,False,False,False,45.08,45.08,0.0,101395,2011,2011-02,Thursday,3,10,True
101395,P104,Candle Set,2,2011-02-24 10:00:00,9.97,12696,Spain,False,False,False,19.94,19.94,0.0,101395,2011,2011-02,Thursday,3,10,True
101396,P100,Gift Box,1,2011-02-25 11:00:00,4.46,12014,United Kingdom,False,False,False,4.46,4.46,0.0,101396,2011,2011-02,Friday,4,11,True
101397,P102,Notebook,3,2011-05-22 11:00:00,3.46,12626,Australia,False,False,False,10.379999999999999,10.379999999999999,0.0,101397,2011,2011-05,Sunday,6,11,True
101398,P105,Tote Bag,2,2011-09-18 09:00:00,6.38,12432,Germany,False,False,False,12.76,12.76,0.0,101398,2011,2011-09,Sunday,6,9,True
101398,P107,Photo Frame,3,2011-09-18 09:00:00,8.46,12432,Germany,False,False,False,25.380000000000003,25.380000000000003,0.0,101398,2011,2011-09,Sunday,6,9,True
101398,P110,Gift Wrap,6,2011-09-18 09:00:00,2.17,12432,Spain,False,False,False,13.02,13.02,0.0,101398,2011,2011-09,Sunday,6,9,True
101398,P109,Desk Organizer,1,2011-09-18 09:00:00,10.81,12432,France,False,False,False,10.81,10.81,0.0,101398,2011,2011-09,Sunday,6,9,True
101399,P106,Glass Jar,1,2011-05-10 11:00:00,5.93,12052,Spain,False,False,False,5.93,5.93,0.0,101399,2011,2011-05,Tuesday,1,11,True
101400,P107,Photo Frame,6,2011-01-11 18:00:00,7.75,12007,Spain,False,False,False,46.5,46.5,0.0,101400,2011,2011-01,Tuesday,1,18,True
101400,P109,Desk Organizer,5,2011-01-11 18:00:00,11.57,12007,India,False,False,False,57.85,57.85,0.0,101400,2011,2011-01,Tuesday,1,18,True
101400,P110,Gift Wrap,4,2011-01-11 18:00:00,2.7,12007,Germany,False,False,False,10.8,10.8,0.0,101400,2011,2011-01,Tuesday,1,18,True
101401,P108,Tea Set,3,2011-01-22 08:00:00,19.9,12044,United Kingdom,False,False,False,59.699999999999996,59.699999999999996,0.0,101401,2011,2011-01,Saturday,5,8,True
101401,P106,Glass Jar,9,2011-01-22 08:00:00,5.67,12044,India,False,False,False,51.03,51.03,0.0,101401,2011,2011-01,Saturday,5,8,True
101401,P103,Wall Clock,14,2011-01-22 08:00:00,13.33,12044,Netherlands,False,False,False,186.62,186.62,0.0,101401,2011,2011-01,Saturday,5,8,True
101402,P103,Wall Clock,6,2010-12-04 14:00:00,12.12,12099,Spain,False,False,False,72.72,72.72,0.0,101402,2010,2010-12,Saturday,5,14,True
101402,P108,Tea Set,9,2010-12-04 14:00:00,19.02,12099,Netherlands,False,False,False,171.18,171.18,0.0,101402,2010,2010-12,Saturday,5,14,True
101402,P102,Notebook,2,2010-12-04 14:00:00,4.03,12099,Australia,False,False,False,8.06,8.06,0.0,101402,2010,2010-12,Saturday,5,14,True
101402,P109,Desk Organizer,1,2010-12-04 14:00:00,11.3,12099,Australia,False,False,False,11.3,11.3,0.0,101402,2010,2010-12,Saturday,5,14,True
101403,P109,Desk Organizer,2,2011-08-09 10:00:00,11.74,12609,Spain,False,False,False,23.48,23.48,0.0,101403,2011,2011-08,Tuesday,1,10,True
101403,P111,Serving Bowl,5,2011-08-09 10:00:00,14.06,12609,France,False,False,False,70.3,70.3,0.0,101403,2011,2011-08,Tuesday,1,10,True
101403,P100,Gift Box,2,2011-08-09 10:00:00,4.52,12609,Germany,False,False,False,9.04,9.04,0.0,101403,2011,2011-08,Tuesday,1,10,True
101403,P107,Photo Frame,3,2011-08-09 10:00:00,7.93,12609,France,False,False,False,23.79,23.79,0.0,101403,2011,2011-08,Tuesday,1,10,True
101404,P106,Glass Jar,7,2011-08-05 13:00:00,6.05,12024,France,False,False,False,42.35,42.35,0.0,101404,2011,2011-08,Friday,4,13,True
101405,P109,Desk Organizer,8,2011-06-01 09:00:00,11.28,12183,France,False,False,False,90.24,90.24,0.0,101405,2011,2011-06,Wednesday,2,9,True
101406,P101,Ceramic Mug,4,2011-02-03 10:00:00,7.99,12036,Germany,False,False,False,31.96,31.96,0.0,101406,2011,2011-02,Thursday,3,10,True
101406,P102,Notebook,1,2011-02-03 10:00:00,3.63,12036,India,False,False,False,3.63,3.63,0.0,101406,2011,2011-02,Thursday,3,10,True
101407,P110,Gift Wrap,2,2011-01-25 15:00:00,2.71,12221,Spain,False,False,False,5.42,5.42,0.0,101407,2011,2011-01,Tuesday,1,15,True
101408,P102,Notebook,1,2011-11-07 13:00:00,4.14,12001,Netherlands,False,False,False,4.14,4.14,0.0,101408,2011,2011-11,Monday,0,13,True
101409,P111,Serving Bowl,2,2011-09-18 13:00:00,14.31,12006,Germany,False,False,False,28.62,28.62,0.0,101409,2011,2011-09,Sunday,6,13,True
101409,P110,Gift Wrap,1,2011-09-18 13:00:00,2.67,12006,India,False,False,False,2.67,2.67,0.0,101409,2011,2011-09,Sunday,6,13,True
101410,P107,Photo Frame,3,2011-01-10 08:00:00,8.46,12624,France,False,False,False,25.380000000000003,25.380000000000003,0.0,101410,2011,2011-01,Monday,0,8,True
101410,P100,Gift Box,1,2011-01-10 08:00:00,4.53,12624,India,False,False,False,4.53,4.53,0.0,101410,2011,2011-01,Monday,0,8,True
101410,P103,Wall Clock,2,2011-01-10 08:00:00,14.01,12624,Spain,False,False,False,28.02,28.02,0.0,101410,2011,2011-01,Monday,0,8,True
101410,P109,Desk Organizer,15,2011-01-10 08:00:00,11.09,12624,Netherlands,False,False,False,166.35,166.35,0.0,101410,2011,2011-01,Monday,0,8,True
101411,P102,Notebook,2,2011-11-08 14:00:00,3.72,12055,France,False,False,False,7.44,7.44,0.0,101411,2011,2011-11,Tuesday,1,14,True
101411,P105,Tote Bag,1,2011-11-08 14:00:00,5.94,12055,Netherlands,False,False,False,5.94,5.94,0.0,101411,2011,2011-11,Tuesday,1,14,True
101411,P111,Serving Bowl,1,2011-11-08 14:00:00,15.57,12055,Netherlands,False,False,False,15.57,15.57,0.0,101411,2011,2011-11,Tuesday,1,14,True
101412,P111,Serving Bowl,3,2010-12-03 14:00:00,13.7,12682,Australia,False,False,False,41.099999999999994,41.099999999999994,0.0,101412,2010,2010-12,Friday,4,14,True
101412,P100,Gift Box,1,2010-12-03 14:00:00,4.47,12682,India,False,False,False,4.47,4.47,0.0,101412,2010,2010-12,Friday,4,14,True
101412,P104,Candle Set,1,2010-12-03 14:00:00,9.79,12682,United Kingdom,False,False,False,9.79,9.79,0.0,101412,2010,2010-12,Friday,4,14,True
101412,P106,Glass Jar,3,2010-12-03 14:00:00,6.07,12682,United Kingdom,False,False,False,18.21,18.21,0.0,101412,2010,2010-12,Friday,4,14,True
101413,P108,Tea Set,7,2010-12-05 19:00:00,20.29,12550,Australia,False,False,False,142.03,142.03,0.0,101413,2010,2010-12,Sunday,6,19,True
101413,P104,Candle Set,1,2010-12-05 19:00:00,10.43,12550,Netherlands,False,False,False,10.43,10.43,0.0,101413,2010,2010-12,Sunday,6,19,True
101413,P111,Serving Bowl,3,2010-12-05 19:00:00,16.1,12550,Spain,False,False,False,48.300000000000004,48.300000000000004,0.0,101413,2010,2010-12,Sunday,6,19,True
101414,P109,Desk Organizer,1,2011-11-11 10:00:00,12.31,12252,Netherlands,False,False,False,12.31,12.31,0.0,101414,2011,2011-11,Friday,4,10,True
101414,P105,Tote Bag,1,2011-11-11 10:00:00,6.17,12252,Spain,False,False,False,6.17,6.17,0.0,101414,2011,2011-11,Friday,4,10,True
101414,P107,Photo Frame,1,2011-11-11 10:00:00,8.44,12252,Germany,False,False,False,8.44,8.44,0.0,101414,2011,2011-11,Friday,4,10,True
101415,P111,Serving Bowl,2,2010-12-20 08:00:00,16.18,12256,India,False,False,False,32.36,32.36,0.0,101415,2010,2010-12,Monday,0,8,True
101415,P109,Desk Organizer,4,2010-12-20 08:00:00,10.18,12256,India,False,False,False,40.72,40.72,0.0,101415,2010,2010-12,Monday,0,8,True
101415,P104,Candle Set,10,2010-12-20 08:00:00,10.65,12256,Germany,False,False,False,106.5,106.5,0.0,101415,2010,2010-12,Monday,0,8,True
101416,P110,Gift Wrap,6,2011-01-25 13:00:00,2.24,12498,United Kingdom,False,False,False,13.440000000000001,13.440000000000001,0.0,101416,2011,2011-01,Tuesday,1,13,True
101416,P105,Tote Bag,10,2011-01-25 13:00:00,6.06,12498,Australia,False,False,False,60.599999999999994,60.599999999999994,0.0,101416,2011,2011-01,Tuesday,1,13,True
101416,P111,Serving Bowl,2,2011-01-25 13:00:00,13.44,12498,France,False,False,False,26.88,26.88,0.0,101416,2011,2011-01,Tuesday,1,13,True
101417,P108,Tea Set,6,2011-01-11 12:00:00,18.65,12136,Spain,False,False,False,111.89999999999999,111.89999999999999,0.0,101417,2011,2011-01,Tuesday,1,12,True
101418,P105,Tote Bag,16,2011-02-19 08:00:00,6.8,12012,Spain,False,False,False,108.8,108.8,0.0,101418,2011,2011-02,Saturday,5,8,True
101419,P101,Ceramic Mug,1,2011-04-09 14:00:00,7.9,12432,Spain,False,False,False,7.9,7.9,0.0,101419,2011,2011-04,Saturday,5,14,True
101419,P106,Glass Jar,1,2011-04-09 14:00:00,5.52,12432,Germany,False,False,False,5.52,5.52,0.0,101419,2011,2011-04,Saturday,5,14,True
101419,P103,Wall Clock,4,2011-04-09 14:00:00,13.07,12432,Spain,False,False,False,52.28,52.28,0.0,101419,2011,2011-04,Saturday,5,14,True
101420,P102,Notebook,1,2011-09-03 11:00:00,3.58,12422,United Kingdom,False,False,False,3.58,3.58,0.0,101420,2011,2011-09,Saturday,5,11,True
101420,P110,Gift Wrap,7,2011-09-03 11:00:00,2.75,12422,France,False,False,False,19.25,19.25,0.0,101420,2011,2011-09,Saturday,5,11,True
101420,P100,Gift Box,1,2011-09-03 11:00:00,4.2,12422,United Kingdom,False,False,False,4.2,4.2,0.0,101420,2011,2011-09,Saturday,5,11,True
101420,P109,Desk Organizer,7,2011-09-03 11:00:00,11.09,12422,Germany,False,False,False,77.63,77.63,0.0,101420,2011,2011-09,Saturday,5,11,True
101421,P108,Tea Set,7,2011-09-20 08:00:00,20.39,12632,India,False,False,False,142.73000000000002,142.73000000000002,0.0,101421,2011,2011-09,Tuesday,1,8,True
101421,P109,Desk Organizer,3,2011-09-20 08:00:00,12.3,12632,Netherlands,False,False,False,36.900000000000006,36.900000000000006,0.0,101421,2011,2011-09,Tuesday,1,8,True
101422,P100,Gift Box,1,2011-01-14 15:00:00,5.17,12307,Germany,False,False,False,5.17,5.17,0.0,101422,2011,2011-01,Friday,4,15,True
101422,P106,Glass Jar,5,2011-01-14 15:00:00,5.74,12307,Germany,False,False,False,28.700000000000003,28.700000000000003,0.0,101422,2011,2011-01,Friday,4,15,True
101422,P103,Wall Clock,3,2011-01-14 15:00:00,13.38,12307,Netherlands,False,False,False,40.14,40.14,0.0,101422,2011,2011-01,Friday,4,15,True
101422,P108,Tea Set,4,2011-01-14 15:00:00,20.21,12307,United Kingdom,False,False,False,80.84,80.84,0.0,101422,2011,2011-01,Friday,4,15,True
101423,P108,Tea Set,31,2011-04-11 19:00:00,17.74,12131,Netherlands,False,False,False,549.9399999999999,549.9399999999999,0.0,101423,2011,2011-04,Monday,0,19,True
101423,P109,Desk Organizer,5,2011-04-11 19:00:00,12.02,12131,Netherlands,False,False,False,60.099999999999994,60.099999999999994,0.0,101423,2011,2011-04,Monday,0,19,True
101423,P100,Gift Box,1,2011-04-11 19:00:00,4.9,12131,United Kingdom,False,False,False,4.9,4.9,0.0,101423,2011,2011-04,Monday,0,19,True
101424,P102,Notebook,1,2011-09-24 14:00:00,3.5,12274,United Kingdom,False,False,False,3.5,3.5,0.0,101424,2011,2011-09,Saturday,5,14,True
101425,P108,Tea Set,2,2011-01-10 08:00:00,19.38,12330,United Kingdom,False,False,False,38.76,38.76,0.0,101425,2011,2011-01,Monday,0,8,True
101426,P101,Ceramic Mug,5,2011-05-26 14:00:00,6.61,12151,Spain,False,False,False,33.050000000000004,33.050000000000004,0.0,101426,2011,2011-05,Thursday,3,14,True
101426,P100,Gift Box,3,2011-05-26 14:00:00,4.66,12151,Germany,False,False,False,13.98,13.98,0.0,101426,2011,2011-05,Thursday,3,14,True
101427,P109,Desk Organizer,1,2011-04-01 15:00:00,11.6,12257,India,False,False,False,11.6,11.6,0.0,101427,2011,2011-04,Friday,4,15,True
101427,P104,Candle Set,1,2011-04-01 15:00:00,9.61,12257,India,False,False,False,9.61,9.61,0.0,101427,2011,2011-04,Friday,4,15,True
101427,P107,Photo Frame,2,2011-04-01 15:00:00,9.27,12257,Spain,False,False,False,18.54,18.54,0.0,101427,2011,2011-04,Friday,4,15,True
101427,P111,Serving Bowl,3,2011-04-01 15:00:00,13.39,12257,Netherlands,False,False,False,40.17,40.17,0.0,101427,2011,2011-04,Friday,4,15,True
101428,P111,Serving Bowl,1,2011-05-31 15:00:00,14.14,12390,India,False,False,False,14.14,14.14,0.0,101428,2011,2011-05,Tuesday,1,15,True
101428,P107,Photo Frame,11,2011-05-31 15:00:00,8.33,12390,United Kingdom,False,False,False,91.63,91.63,0.0,101428,2011,2011-05,Tuesday,1,15,True
101429,P106,Glass Jar,1,2011-07-08 14:00:00,6.09,12381,Germany,False,False,False,6.09,6.09,0.0,101429,2011,2011-07,Friday,4,14,True
101429,P108,Tea Set,3,2011-07-08 14:00:00,19.91,12381,Netherlands,False,False,False,59.730000000000004,59.730000000000004,0.0,101429,2011,2011-07,Friday,4,14,True
101429,P111,Serving Bowl,1,2011-07-08 14:00:00,13.96,12381,France,False,False,False,13.96,13.96,0.0,101429,2011,2011-07,Friday,4,14,True
101430,P105,Tote Bag,2,2011-01-07 12:00:00,6.79,12314,France,False,False,False,13.58,13.58,0.0,101430,2011,2011-01,Friday,4,12,True
101430,P107,Photo Frame,4,2011-01-07 12:00:00,8.55,12314,Australia,False,False,False,34.2,34.2,0.0,101430,2011,2011-01,Friday,4,12,True
101430,P111,Serving Bowl,2,2011-01-07 12:00:00,15.55,12314,Germany,False,False,False,31.1,31.1,0.0,101430,2011,2011-01,Friday,4,12,True
101430,P103,Wall Clock,3,2011-01-07 12:00:00,13.05,12314,India,False,False,False,39.150000000000006,39.150000000000006,0.0,101430,2011,2011-01,Friday,4,12,True
101431,P111,Serving Bowl,9,2011-04-02 18:00:00,14.41,12079,Spain,False,False,False,129.69,129.69,0.0,101431,2011,2011-04,Saturday,5,18,True
101431,P105,Tote Bag,5,2011-04-02 18:00:00,7.09,12079,Spain,False,False,False,35.45,35.45,0.0,101431,2011,2011-04,Saturday,5,18,True
101432,P111,Serving Bowl,1,2011-10-25 19:00:00,13.06,12240,Australia,False,False,False,13.06,13.06,0.0,101432,2011,2011-10,Tuesday,1,19,True
101432,P107,Photo Frame,5,2011-10-25 19:00:00,7.53,12240,Australia,False,False,False,37.65,37.65,0.0,101432,2011,2011-10,Tuesday,1,19,True
101433,P102,Notebook,9,2011-04-18 13:00:00,3.75,12306,Spain,False,False,False,33.75,33.75,0.0,101433,2011,2011-04,Monday,0,13,True
101434,P110,Gift Wrap,9,2011-05-28 14:00:00,2.19,12322,France,False,False,False,19.71,19.71,0.0,101434,2011,2011-05,Saturday,5,14,True
101434,P103,Wall Clock,4,2011-05-28 14:00:00,12.71,12322,Netherlands,False,False,False,50.84,50.84,0.0,101434,2011,2011-05,Saturday,5,14,True
101435,P102,Notebook,2,2011-10-25 08:00:00,3.53,12217,France,False,False,False,7.06,7.06,0.0,101435,2011,2011-10,Tuesday,1,8,True
101435,P110,Gift Wrap,4,2011-10-25 08:00:00,2.28,12217,Netherlands,False,False,False,9.12,9.12,0.0,101435,2011,2011-10,Tuesday,1,8,True
101435,P111,Serving Bowl,1,2011-10-25 08:00:00,15.36,12217,France,False,False,False,15.36,15.36,0.0,101435,2011,2011-10,Tuesday,1,8,True
101435,P100,Gift Box,1,2011-10-25 08:00:00,4.81,12217,France,False,False,False,4.81,4.81,0.0,101435,2011,2011-10,Tuesday,1,8,True
101436,P103,Wall Clock,2,2011-03-08 16:00:00,13.86,12069,Germany,False,False,False,27.72,27.72,0.0,101436,2011,2011-03,Tuesday,1,16,True
101436,P108,Tea Set,3,2011-03-08 16:00:00,19.34,12069,India,False,False,False,58.019999999999996,58.019999999999996,0.0,101436,2011,2011-03,Tuesday,1,16,True
101436,P107,Photo Frame,4,2011-03-08 16:00:00,8.91,12069,Germany,False,False,False,35.64,35.64,0.0,101436,2011,2011-03,Tuesday,1,16,True
101436,P102,Notebook,11,2011-03-08 16:00:00,4.24,12069,France,False,False,False,46.64,46.64,0.0,101436,2011,2011-03,Tuesday,1,16,True
101437,P102,Notebook,2,2011-07-27 08:00:00,4.25,12546,United Kingdom,False,False,False,8.5,8.5,0.0,101437,2011,2011-07,Wednesday,2,8,True
101437,P107,Photo Frame,1,2011-07-27 08:00:00,7.7,12546,Netherlands,False,False,False,7.7,7.7,0.0,101437,2011,2011-07,Wednesday,2,8,True
101437,P106,Glass Jar,8,2011-07-27 08:00:00,5.13,12546,Netherlands,False,False,False,41.04,41.04,0.0,101437,2011,2011-07,Wednesday,2,8,True
101437,P111,Serving Bowl,12,2011-07-27 08:00:00,15.48,12546,Netherlands,False,False,False,185.76,185.76,0.0,101437,2011,2011-07,Wednesday,2,8,True
101438,P105,Tote Bag,4,2011-11-23 09:00:00,6.31,12505,Spain,False,False,False,25.24,25.24,0.0,101438,2011,2011-11,Wednesday,2,9,True
101439,P110,Gift Wrap,5,2011-01-09 16:00:00,2.63,12416,France,False,False,False,13.149999999999999,13.149999999999999,0.0,101439,2011,2011-01,Sunday,6,16,True
101439,P101,Ceramic Mug,4,2011-01-09 16:00:00,7.04,12416,Australia,False,False,False,28.16,28.16,0.0,101439,2011,2011-01,Sunday,6,16,True
101440,P101,Ceramic Mug,12,2011-10-29 08:00:00,6.85,12054,United Kingdom,False,False,False,82.19999999999999,82.19999999999999,0.0,101440,2011,2011-10,Saturday,5,8,True
101440,P109,Desk Organizer,1,2011-10-29 08:00:00,11.77,12054,Germany,False,False,False,11.77,11.77,0.0,101440,2011,2011-10,Saturday,5,8,True
101440,P111,Serving Bowl,2,2011-10-29 08:00:00,15.09,12054,Australia,False,False,False,30.18,30.18,0.0,101440,2011,2011-10,Saturday,5,8,True
101441,P101,Ceramic Mug,3,2011-11-29 14:00:00,7.81,12641,Australia,False,False,False,23.43,23.43,0.0,101441,2011,2011-11,Tuesday,1,14,True
101441,P109,Desk Organizer,16,2011-11-29 14:00:00,10.73,12641,Germany,False,False,False,171.68,171.68,0.0,101441,2011,2011-11,Tuesday,1,14,True
101441,P103,Wall Clock,3,2011-11-29 14:00:00,13.71,12641,United Kingdom,False,False,False,41.13,41.13,0.0,101441,2011,2011-11,Tuesday,1,14,True
101441,P106,Glass Jar,5,2011-11-29 14:00:00,6.27,12641,India,False,False,False,31.349999999999998,31.349999999999998,0.0,101441,2011,2011-11,Tuesday,1,14,True
101442,P111,Serving Bowl,1,2011-01-02 10:00:00,16.38,12473,Spain,False,False,False,16.38,16.38,0.0,101442,2011,2011-01,Sunday,6,10,True
101443,P107,Photo Frame,8,2011-08-15 11:00:00,8.01,12679,India,False,False,False,64.08,64.08,0.0,101443,2011,2011-08,Monday,0,11,True
101443,P102,Notebook,6,2011-08-15 11:00:00,3.76,12679,Netherlands,False,False,False,22.56,22.56,0.0,101443,2011,2011-08,Monday,0,11,True
101444,P100,Gift Box,1,2011-09-03 19:00:00,4.81,12024,Australia,False,False,False,4.81,4.81,0.0,101444,2011,2011-09,Saturday,5,19,True
101444,P110,Gift Wrap,1,2011-09-03 19:00:00,2.53,12024,Australia,False,False,False,2.53,2.53,0.0,101444,2011,2011-09,Saturday,5,19,True
101444,P108,Tea Set,1,2011-09-03 19:00:00,19.7,12024,Netherlands,False,False,False,19.7,19.7,0.0,101444,2011,2011-09,Saturday,5,19,True
101445,P100,Gift Box,1,2011-03-16 09:00:00,4.34,12323,India,False,False,False,4.34,4.34,0.0,101445,2011,2011-03,Wednesday,2,9,True
101445,P101,Ceramic Mug,4,2011-03-16 09:00:00,6.49,12323,France,False,False,False,25.96,25.96,0.0,101445,2011,2011-03,Wednesday,2,9,True
101445,P106,Glass Jar,1,2011-03-16 09:00:00,6.23,12323,France,False,False,False,6.23,6.23,0.0,101445,2011,2011-03,Wednesday,2,9,True
101446,P107,Photo Frame,1,2011-02-23 18:00:00,8.28,12241,India,False,False,False,8.28,8.28,0.0,101446,2011,2011-02,Wednesday,2,18,True
101446,P106,Glass Jar,2,2011-02-23 18:00:00,5.01,12241,Netherlands,False,False,False,10.02,10.02,0.0,101446,2011,2011-02,Wednesday,2,18,True
101446,P108,Tea Set,15,2011-02-23 18:00:00,17.03,12241,India,False,False,False,255.45000000000002,255.45000000000002,0.0,101446,2011,2011-02,Wednesday,2,18,True
101447,P106,Glass Jar,2,2011-09-28 08:00:00,5.99,12001,India,False,False,False,11.98,11.98,0.0,101447,2011,2011-09,Wednesday,2,8,True
101447,P102,Notebook,1,2011-09-28 08:00:00,4.07,12001,Germany,False,False,False,4.07,4.07,0.0,101447,2011,2011-09,Wednesday,2,8,True
101447,P104,Candle Set,15,2011-09-28 08:00:00,9.25,12001,United Kingdom,False,False,False,138.75,138.75,0.0,101447,2011,2011-09,Wednesday,2,8,True
101448,P106,Glass Jar,3,2010-12-14 13:00:00,5.5,12561,United Kingdom,False,False,False,16.5,16.5,0.0,101448,2010,2010-12,Tuesday,1,13,True
101448,P100,Gift Box,3,2010-12-14 13:00:00,5.07,12561,France,False,False,False,15.21,15.21,0.0,101448,2010,2010-12,Tuesday,1,13,True
101448,P102,Notebook,2,2010-12-14 13:00:00,3.72,12561,Australia,False,False,False,7.44,7.44,0.0,101448,2010,2010-12,Tuesday,1,13,True
101449,P107,Photo Frame,7,2011-07-01 09:00:00,9.06,12049,India,False,False,False,63.42,63.42,0.0,101449,2011,2011-07,Friday,4,9,True
101450,P104,Candle Set,2,2011-09-16 08:00:00,9.68,12350,France,False,False,False,19.36,19.36,0.0,101450,2011,2011-09,Friday,4,8,True
101450,P101,Ceramic Mug,1,2011-09-16 08:00:00,7.53,12350,India,False,False,False,7.53,7.53,0.0,101450,2011,2011-09,Friday,4,8,True
101451,P100,Gift Box,3,2011-04-15 13:00:00,5.17,12665,Australia,False,False,False,15.51,15.51,0.0,101451,2011,2011-04,Friday,4,13,True
101452,P108,Tea Set,2,2011-10-06 15:00:00,16.9,12444,Germany,False,False,False,33.8,33.8,0.0,101452,2011,2011-10,Thursday,3,15,True
101453,P104,Candle Set,1,2011-09-20 09:00:00,9.99,12643,Germany,False,False,False,9.99,9.99,0.0,101453,2011,2011-09,Tuesday,1,9,True
101453,P105,Tote Bag,5,2011-09-20 09:00:00,7.17,12643,Spain,False,False,False,35.85,35.85,0.0,101453,2011,2011-09,Tuesday,1,9,True
101453,P111,Serving Bowl,12,2011-09-20 09:00:00,15.64,12643,Spain,False,False,False,187.68,187.68,0.0,101453,2011,2011-09,Tuesday,1,9,True
101453,P107,Photo Frame,4,2011-09-20 09:00:00,7.4,12643,Germany,False,False,False,29.6,29.6,0.0,101453,2011,2011-09,Tuesday,1,9,True
101454,P105,Tote Bag,1,2011-02-24 17:00:00,7.26,12009,Netherlands,False,False,False,7.26,7.26,0.0,101454,2011,2011-02,Thursday,3,17,True
101454,P102,Notebook,7,2011-02-24 17:00:00,4.25,12009,Spain,False,False,False,29.75,29.75,0.0,101454,2011,2011-02,Thursday,3,17,True
101454,P110,Gift Wrap,1,2011-02-24 17:00:00,2.61,12009,Netherlands,False,False,False,2.61,2.61,0.0,101454,2011,2011-02,Thursday,3,17,True
101454,P107,Photo Frame,1,2011-02-24 17:00:00,8.37,12009,India,False,False,False,8.37,8.37,0.0,101454,2011,2011-02,Thursday,3,17,True
101455,P107,Photo Frame,4,2011-04-23 15:00:00,7.46,12649,Spain,False,False,False,29.84,29.84,0.0,101455,2011,2011-04,Saturday,5,15,True
101455,P108,Tea Set,2,2011-04-23 15:00:00,18.26,12649,Netherlands,False,False,False,36.52,36.52,0.0,101455,2011,2011-04,Saturday,5,15,True
101455,P102,Notebook,4,2011-04-23 15:00:00,3.54,12649,Germany,False,False,False,14.16,14.16,0.0,101455,2011,2011-04,Saturday,5,15,True
101456,P108,Tea Set,5,2011-02-08 13:00:00,18.11,12195,Netherlands,False,False,False,90.55,90.55,0.0,101456,2011,2011-02,Tuesday,1,13,True
101456,P104,Candle Set,6,2011-02-08 13:00:00,10.24,12195,Netherlands,False,False,False,61.44,61.44,0.0,101456,2011,2011-02,Tuesday,1,13,True
101456,P100,Gift Box,2,2011-02-08 13:00:00,4.98,12195,Spain,False,False,False,9.96,9.96,0.0,101456,2011,2011-02,Tuesday,1,13,True
101457,P103,Wall Clock,3,2011-02-05 15:00:00,12.74,12348,France,False,False,False,38.22,38.22,0.0,101457,2011,2011-02,Saturday,5,15,True
101457,P101,Ceramic Mug,5,2011-02-05 15:00:00,8.02,12348,Germany,False,False,False,40.099999999999994,40.099999999999994,0.0,101457,2011,2011-02,Saturday,5,15,True
101457,P108,Tea Set,6,2011-02-05 15:00:00,20.49,12348,Australia,False,False,False,122.94,122.94,0.0,101457,2011,2011-02,Saturday,5,15,True
101457,P105,Tote Bag,10,2011-02-05 15:00:00,7.15,12348,Spain,False,False,False,71.5,71.5,0.0,101457,2011,2011-02,Saturday,5,15,True
101458,P110,Gift Wrap,4,2011-07-23 16:00:00,2.55,12117,India,False,False,False,10.2,10.2,0.0,101458,2011,2011-07,Saturday,5,16,True
101458,P102,Notebook,1,2011-07-23 16:00:00,3.62,12117,Australia,False,False,False,3.62,3.62,0.0,101458,2011,2011-07,Saturday,5,16,True
101458,P103,Wall Clock,2,2011-07-23 16:00:00,12.94,12117,India,False,False,False,25.88,25.88,0.0,101458,2011,2011-07,Saturday,5,16,True
101458,P101,Ceramic Mug,3,2011-07-23 16:00:00,6.95,12117,India,False,False,False,20.85,20.85,0.0,101458,2011,2011-07,Saturday,5,16,True
101459,P101,Ceramic Mug,2,2011-03-04 09:00:00,7.16,12651,United Kingdom,False,False,False,14.32,14.32,0.0,101459,2011,2011-03,Friday,4,9,True
101459,P108,Tea Set,2,2011-03-04 09:00:00,17.55,12651,India,False,False,False,35.1,35.1,0.0,101459,2011,2011-03,Friday,4,9,True
101459,P100,Gift Box,1,2011-03-04 09:00:00,4.13,12651,India,False,False,False,4.13,4.13,0.0,101459,2011,2011-03,Friday,4,9,True
101459,P104,Candle Set,10,2011-03-04 09:00:00,9.51,12651,France,False,False,False,95.1,95.1,0.0,101459,2011,2011-03,Friday,4,9,True
101460,P111,Serving Bowl,1,2011-11-23 09:00:00,13.88,12400,Spain,False,False,False,13.88,13.88,0.0,101460,2011,2011-11,Wednesday,2,9,True
101460,P104,Candle Set,12,2011-11-23 09:00:00,10.15,12400,India,False,False,False,121.80000000000001,121.80000000000001,0.0,101460,2011,2011-11,Wednesday,2,9,True
101461,P111,Serving Bowl,9,2011-03-01 15:00:00,15.47,12206,Germany,False,False,False,139.23000000000002,139.23000000000002,0.0,101461,2011,2011-03,Tuesday,1,15,True
101461,P100,Gift Box,2,2011-03-01 15:00:00,4.56,12206,Germany,False,False,False,9.12,9.12,0.0,101461,2011,2011-03,Tuesday,1,15,True
101461,P106,Glass Jar,4,2011-03-01 15:00:00,6.28,12206,Spain,False,False,False,25.12,25.12,0.0,101461,2011,2011-03,Tuesday,1,15,True
101461,P108,Tea Set,10,2011-03-01 15:00:00,19.96,12206,Netherlands,False,False,False,199.60000000000002,199.60000000000002,0.0,101461,2011,2011-03,Tuesday,1,15,True
101462,P100,Gift Box,4,2011-02-23 15:00:00,4.73,12586,Australia,False,False,False,18.92,18.92,0.0,101462,2011,2011-02,Wednesday,2,15,True
101462,P101,Ceramic Mug,8,2011-02-23 15:00:00,7.08,12586,Australia,False,False,False,56.64,56.64,0.0,101462,2011,2011-02,Wednesday,2,15,True
101462,P106,Glass Jar,5,2011-02-23 15:00:00,5.28,12586,Germany,False,False,False,26.400000000000002,26.400000000000002,0.0,101462,2011,2011-02,Wednesday,2,15,True
101462,P107,Photo Frame,102,2011-02-23 15:00:00,9.39,12586,United Kingdom,False,False,False,957.7800000000001,957.7800000000001,0.0,101462,2011,2011-02,Wednesday,2,15,True
101463,P100,Gift Box,8,2011-10-01 10:00:00,4.26,12167,Netherlands,False,False,False,34.08,34.08,0.0,101463,2011,2011-10,Saturday,5,10,True
101463,P109,Desk Organizer,1,2011-10-01 10:00:00,10.63,12167,Netherlands,False,False,False,10.63,10.63,0.0,101463,2011,2011-10,Saturday,5,10,True
101463,P103,Wall Clock,1,2011-10-01 10:00:00,13.52,12167,United Kingdom,False,False,False,13.52,13.52,0.0,101463,2011,2011-10,Saturday,5,10,True
101464,P101,Ceramic Mug,7,2011-11-13 12:00:00,7.49,12564,India,False,False,False,52.43,52.43,0.0,101464,2011,2011-11,Sunday,6,12,True
101464,P110,Gift Wrap,4,2011-11-13 12:00:00,2.52,12564,France,False,False,False,10.08,10.08,0.0,101464,2011,2011-11,Sunday,6,12,True
101464,P100,Gift Box,1,2011-11-13 12:00:00,4.88,12564,France,False,False,False,4.88,4.88,0.0,101464,2011,2011-11,Sunday,6,12,True
101464,P102,Notebook,2,2011-11-13 12:00:00,3.58,12564,United Kingdom,False,False,False,7.16,7.16,0.0,101464,2011,2011-11,Sunday,6,12,True
101465,P111,Serving Bowl,1,2011-02-15 13:00:00,13.26,12054,Australia,False,False,False,13.26,13.26,0.0,101465,2011,2011-02,Tuesday,1,13,True
101466,P105,Tote Bag,1,2011-07-17 08:00:00,7.47,12495,France,False,False,False,7.47,7.47,0.0,101466,2011,2011-07,Sunday,6,8,True
101467,P109,Desk Organizer,2,2011-02-02 15:00:00,11.94,12659,Netherlands,False,False,False,23.88,23.88,0.0,101467,2011,2011-02,Wednesday,2,15,True
101467,P106,Glass Jar,3,2011-02-02 15:00:00,5.35,12659,India,False,False,False,16.049999999999997,16.049999999999997,0.0,101467,2011,2011-02,Wednesday,2,15,True
101467,P110,Gift Wrap,2,2011-02-02 15:00:00,2.32,12659,United Kingdom,False,False,False,4.64,4.64,0.0,101467,2011,2011-02,Wednesday,2,15,True
101467,P111,Serving Bowl,2,2011-02-02 15:00:00,13.54,12659,United Kingdom,False,False,False,27.08,27.08,0.0,101467,2011,2011-02,Wednesday,2,15,True
101468,P100,Gift Box,2,2011-02-28 14:00:00,4.67,12074,Australia,False,False,False,9.34,9.34,0.0,101468,2011,2011-02,Monday,0,14,True
101468,P103,Wall Clock,1,2011-02-28 14:00:00,12.03,12074,Spain,False,False,False,12.03,12.03,0.0,101468,2011,2011-02,Monday,0,14,True
101469,P111,Serving Bowl,7,2011-06-28 17:00:00,15.11,12213,Australia,False,False,False,105.77,105.77,0.0,101469,2011,2011-06,Tuesday,1,17,True
101469,P107,Photo Frame,10,2011-06-28 17:00:00,7.82,12213,Netherlands,False,False,False,78.2,78.2,0.0,101469,2011,2011-06,Tuesday,1,17,True
101470,P104,Candle Set,3,2011-02-09 13:00:00,9.51,12035,United Kingdom,False,False,False,28.53,28.53,0.0,101470,2011,2011-02,Wednesday,2,13,True
101470,P111,Serving Bowl,7,2011-02-09 13:00:00,15.64,12035,Netherlands,False,False,False,109.48,109.48,0.0,101470,2011,2011-02,Wednesday,2,13,True
101470,P100,Gift Box,39,2011-02-09 13:00:00,4.11,12035,India,False,False,False,160.29000000000002,160.29000000000002,0.0,101470,2011,2011-02,Wednesday,2,13,True
101470,P105,Tote Bag,4,2011-02-09 13:00:00,7.12,12035,Netherlands,False,False,False,28.48,28.48,0.0,101470,2011,2011-02,Wednesday,2,13,True
101471,P105,Tote Bag,2,2011-06-06 19:00:00,7.18,12445,Netherlands,False,False,False,14.36,14.36,0.0,101471,2011,2011-06,Monday,0,19,True
101472,P111,Serving Bowl,1,2011-08-19 10:00:00,13.61,12571,United Kingdom,False,False,False,13.61,13.61,0.0,101472,2011,2011-08,Friday,4,10,True
101472,P108,Tea Set,2,2011-08-19 10:00:00,20.14,12571,Netherlands,False,False,False,40.28,40.28,0.0,101472,2011,2011-08,Friday,4,10,True
101473,P100,Gift Box,2,2011-03-27 19:00:00,5.07,12163,Germany,False,False,False,10.14,10.14,0.0,101473,2011,2011-03,Sunday,6,19,True
101474,P101,Ceramic Mug,5,2011-08-03 16:00:00,7.35,12235,Australia,False,False,False,36.75,36.75,0.0,101474,2011,2011-08,Wednesday,2,16,True
101474,P106,Glass Jar,1,2011-08-03 16:00:00,6.24,12235,France,False,False,False,6.24,6.24,0.0,101474,2011,2011-08,Wednesday,2,16,True
101474,P103,Wall Clock,2,2011-08-03 16:00:00,11.38,12235,United Kingdom,False,False,False,22.76,22.76,0.0,101474,2011,2011-08,Wednesday,2,16,True
101474,P109,Desk Organizer,1,2011-08-03 16:00:00,10.5,12235,India,False,False,False,10.5,10.5,0.0,101474,2011,2011-08,Wednesday,2,16,True
101475,P107,Photo Frame,4,2011-07-16 10:00:00,9.2,12443,France,False,False,False,36.8,36.8,0.0,101475,2011,2011-07,Saturday,5,10,True
101475,P104,Candle Set,1,2011-07-16 10:00:00,9.08,12443,France,False,False,False,9.08,9.08,0.0,101475,2011,2011-07,Saturday,5,10,True
101475,P106,Glass Jar,7,2011-07-16 10:00:00,5.13,12443,Spain,False,False,False,35.91,35.91,0.0,101475,2011,2011-07,Saturday,5,10,True
101476,P106,Glass Jar,23,2011-05-14 17:00:00,5.05,12361,Netherlands,False,False,False,116.14999999999999,116.14999999999999,0.0,101476,2011,2011-05,Saturday,5,17,True
101476,P100,Gift Box,1,2011-05-14 17:00:00,4.77,12361,Netherlands,False,False,False,4.77,4.77,0.0,101476,2011,2011-05,Saturday,5,17,True
101476,P103,Wall Clock,7,2011-05-14 17:00:00,13.17,12361,Australia,False,False,False,92.19,92.19,0.0,101476,2011,2011-05,Saturday,5,17,True
101476,P107,Photo Frame,5,2011-05-14 17:00:00,9.1,12361,Netherlands,False,False,False,45.5,45.5,0.0,101476,2011,2011-05,Saturday,5,17,True
101477,P107,Photo Frame,9,2011-05-18 08:00:00,7.91,12092,Netherlands,False,False,False,71.19,71.19,0.0,101477,2011,2011-05,Wednesday,2,8,True
101478,P103,Wall Clock,3,2011-10-03 10:00:00,13.04,12619,Germany,False,False,False,39.12,39.12,0.0,101478,2011,2011-10,Monday,0,10,True
101478,P102,Notebook,3,2011-10-03 10:00:00,3.44,12619,Germany,False,False,False,10.32,10.32,0.0,101478,2011,2011-10,Monday,0,10,True
101478,P105,Tote Bag,9,2011-10-03 10:00:00,6.36,12619,Spain,False,False,False,57.24,57.24,0.0,101478,2011,2011-10,Monday,0,10,True
101478,P110,Gift Wrap,4,2011-10-03 10:00:00,2.52,12619,Australia,False,False,False,10.08,10.08,0.0,101478,2011,2011-10,Monday,0,10,True
101479,P103,Wall Clock,2,2011-07-25 18:00:00,11.9,12657,Germany,False,False,False,23.8,23.8,0.0,101479,2011,2011-07,Monday,0,18,True
101479,P111,Serving Bowl,1,2011-07-25 18:00:00,15.38,12657,France,False,False,False,15.38,15.38,0.0,101479,2011,2011-07,Monday,0,18,True
101480,P100,Gift Box,1,2011-04-17 18:00:00,4.19,12064,Australia,False,False,False,4.19,4.19,0.0,101480,2011,2011-04,Sunday,6,18,True
101480,P110,Gift Wrap,3,2011-04-17 18:00:00,2.49,12064,France,False,False,False,7.470000000000001,7.470000000000001,0.0,101480,2011,2011-04,Sunday,6,18,True
101480,P108,Tea Set,5,2011-04-17 18:00:00,20.06,12064,Spain,False,False,False,100.3,100.3,0.0,101480,2011,2011-04,Sunday,6,18,True
101480,P104,Candle Set,4,2011-04-17 18:00:00,9.83,12064,Spain,False,False,False,39.32,39.32,0.0,101480,2011,2011-04,Sunday,6,18,True
101481,P104,Candle Set,6,2011-04-01 10:00:00,10.46,12492,United Kingdom,False,False,False,62.760000000000005,62.760000000000005,0.0,101481,2011,2011-04,Friday,4,10,True
101482,P104,Candle Set,6,2011-05-26 09:00:00,9.64,12002,Spain,False,False,False,57.84,57.84,0.0,101482,2011,2011-05,Thursday,3,9,True
101482,P105,Tote Bag,1,2011-05-26 09:00:00,6.5,12002,United Kingdom,False,False,False,6.5,6.5,0.0,101482,2011,2011-05,Thursday,3,9,True
101482,P103,Wall Clock,4,2011-05-26 09:00:00,12.75,12002,India,False,False,False,51.0,51.0,0.0,101482,2011,2011-05,Thursday,3,9,True
101482,P102,Notebook,5,2011-05-26 09:00:00,3.49,12002,India,False,False,False,17.450000000000003,17.450000000000003,0.0,101482,2011,2011-05,Thursday,3,9,True
101483,P108,Tea Set,5,2011-02-12 10:00:00,17.27,12557,United Kingdom,False,False,False,86.35,86.35,0.0,101483,2011,2011-02,Saturday,5,10,True
101484,P108,Tea Set,2,2011-06-19 10:00:00,16.76,12324,Netherlands,False,False,False,33.52,33.52,0.0,101484,2011,2011-06,Sunday,6,10,True
101484,P107,Photo Frame,7,2011-06-19 10:00:00,9.36,12324,Australia,False,False,False,65.52,65.52,0.0,101484,2011,2011-06,Sunday,6,10,True
101484,P109,Desk Organizer,5,2011-06-19 10:00:00,10.43,12324,Netherlands,False,False,False,52.15,52.15,0.0,101484,2011,2011-06,Sunday,6,10,True
101485,P108,Tea Set,5,2011-01-10 12:00:00,16.47,12067,France,False,False,False,82.35,82.35,0.0,101485,2011,2011-01,Monday,0,12,True
101485,P110,Gift Wrap,2,2011-01-10 12:00:00,2.75,12067,Spain,False,False,False,5.5,5.5,0.0,101485,2011,2011-01,Monday,0,12,True
101486,P107,Photo Frame,3,2011-02-27 12:00:00,9.03,12043,Germany,False,False,False,27.089999999999996,27.089999999999996,0.0,101486,2011,2011-02,Sunday,6,12,True
101486,P110,Gift Wrap,5,2011-02-27 12:00:00,2.46,12043,Spain,False,False,False,12.3,12.3,0.0,101486,2011,2011-02,Sunday,6,12,True
101486,P108,Tea Set,8,2011-02-27 12:00:00,20.68,12043,India,False,False,False,165.44,165.44,0.0,101486,2011,2011-02,Sunday,6,12,True
101487,P107,Photo Frame,1,2011-11-27 09:00:00,9.13,12257,Spain,False,False,False,9.13,9.13,0.0,101487,2011,2011-11,Sunday,6,9,True
101487,P110,Gift Wrap,2,2011-11-27 09:00:00,2.27,12257,Germany,False,False,False,4.54,4.54,0.0,101487,2011,2011-11,Sunday,6,9,True
101487,P103,Wall Clock,9,2011-11-27 09:00:00,14.07,12257,United Kingdom,False,False,False,126.63,126.63,0.0,101487,2011,2011-11,Sunday,6,9,True
101487,P106,Glass Jar,3,2011-11-27 09:00:00,5.65,12257,Netherlands,False,False,False,16.950000000000003,16.950000000000003,0.0,101487,2011,2011-11,Sunday,6,9,True
101488,P110,Gift Wrap,10,2011-10-20 14:00:00,2.51,12673,Australia,False,False,False,25.099999999999998,25.099999999999998,0.0,101488,2011,2011-10,Thursday,3,14,True
101488,P109,Desk Organizer,2,2011-10-20 14:00:00,10.18,12673,United Kingdom,False,False,False,20.36,20.36,0.0,101488,2011,2011-10,Thursday,3,14,True
101488,P107,Photo Frame,2,2011-10-20 14:00:00,7.67,12673,Spain,False,False,False,15.34,15.34,0.0,101488,2011,2011-10,Thursday,3,14,True
101488,P104,Candle Set,2,2011-10-20 14:00:00,9.66,12673,United Kingdom,False,False,False,19.32,19.32,0.0,101488,2011,2011-10,Thursday,3,14,True
101489,P105,Tote Bag,4,2010-12-12 10:00:00,6.08,12218,Germany,False,False,False,24.32,24.32,0.0,101489,2010,2010-12,Sunday,6,10,True
101489,P101,Ceramic Mug,5,2010-12-12 10:00:00,7.97,12218,Germany,False,False,False,39.85,39.85,0.0,101489,2010,2010-12,Sunday,6,10,True
101490,P111,Serving Bowl,7,2011-05-24 13:00:00,16.5,12428,Germany,False,False,False,115.5,115.5,0.0,101490,2011,2011-05,Tuesday,1,13,True
101490,P106,Glass Jar,1,2011-05-24 13:00:00,6.31,12428,France,False,False,False,6.31,6.31,0.0,101490,2011,2011-05,Tuesday,1,13,True
101490,P101,Ceramic Mug,7,2011-05-24 13:00:00,7.09,12428,Netherlands,False,False,False,49.629999999999995,49.629999999999995,0.0,101490,2011,2011-05,Tuesday,1,13,True
101490,P110,Gift Wrap,2,2011-05-24 13:00:00,2.3,12428,Germany,False,False,False,4.6,4.6,0.0,101490,2011,2011-05,Tuesday,1,13,True
101491,P111,Serving Bowl,1,2011-09-29 08:00:00,16.06,12051,Australia,False,False,False,16.06,16.06,0.0,101491,2011,2011-09,Thursday,3,8,True
101491,P109,Desk Organizer,5,2011-09-29 08:00:00,11.61,12051,Germany,False,False,False,58.05,58.05,0.0,101491,2011,2011-09,Thursday,3,8,True
101491,P100,Gift Box,6,2011-09-29 08:00:00,5.14,12051,Netherlands,False,False,False,30.839999999999996,30.839999999999996,0.0,101491,2011,2011-09,Thursday,3,8,True
101491,P103,Wall Clock,1,2011-09-29 08:00:00,11.54,12051,India,False,False,False,11.54,11.54,0.0,101491,2011,2011-09,Thursday,3,8,True
101492,P111,Serving Bowl,5,2011-01-19 19:00:00,13.48,12437,Germany,False,False,False,67.4,67.4,0.0,101492,2011,2011-01,Wednesday,2,19,True
101492,P110,Gift Wrap,2,2011-01-19 19:00:00,2.55,12437,France,False,False,False,5.1,5.1,0.0,101492,2011,2011-01,Wednesday,2,19,True
101492,P104,Candle Set,1,2011-01-19 19:00:00,11.14,12437,Netherlands,False,False,False,11.14,11.14,0.0,101492,2011,2011-01,Wednesday,2,19,True
101492,P101,Ceramic Mug,1,2011-01-19 19:00:00,7.35,12437,India,False,False,False,7.35,7.35,0.0,101492,2011,2011-01,Wednesday,2,19,True
101493,P110,Gift Wrap,1,2011-12-03 09:00:00,2.74,12438,Australia,False,False,False,2.74,2.74,0.0,101493,2011,2011-12,Saturday,5,9,True
101493,P100,Gift Box,9,2011-12-03 09:00:00,4.78,12438,Spain,False,False,False,43.02,43.02,0.0,101493,2011,2011-12,Saturday,5,9,True
101493,P102,Notebook,3,2011-12-03 09:00:00,3.63,12438,Netherlands,False,False,False,10.89,10.89,0.0,101493,2011,2011-12,Saturday,5,9,True
101493,P104,Candle Set,1,2011-12-03 09:00:00,11.15,12438,United Kingdom,False,False,False,11.15,11.15,0.0,101493,2011,2011-12,Saturday,5,9,True
101494,P101,Ceramic Mug,5,2011-09-07 16:00:00,6.8,12038,Germany,False,False,False,34.0,34.0,0.0,101494,2011,2011-09,Wednesday,2,16,True
101494,P108,Tea Set,3,2011-09-07 16:00:00,18.53,12038,France,False,False,False,55.59,55.59,0.0,101494,2011,2011-09,Wednesday,2,16,True
101495,P111,Serving Bowl,5,2011-07-26 13:00:00,13.79,12171,France,False,False,False,68.94999999999999,68.94999999999999,0.0,101495,2011,2011-07,Tuesday,1,13,True
101495,P106,Glass Jar,1,2011-07-26 13:00:00,5.68,12171,Spain,False,False,False,5.68,5.68,0.0,101495,2011,2011-07,Tuesday,1,13,True
101495,P109,Desk Organizer,2,2011-07-26 13:00:00,11.94,12171,Spain,False,False,False,23.88,23.88,0.0,101495,2011,2011-07,Tuesday,1,13,True
101495,P105,Tote Bag,2,2011-07-26 13:00:00,6.82,12171,France,False,False,False,13.64,13.64,0.0,101495,2011,2011-07,Tuesday,1,13,True
101496,P108,Tea Set,8,2011-05-03 08:00:00,18.47,12359,France,False,False,False,147.76,147.76,0.0,101496,2011,2011-05,Tuesday,1,8,True
101496,P111,Serving Bowl,3,2011-05-03 08:00:00,14.73,12359,France,False,False,False,44.19,44.19,0.0,101496,2011,2011-05,Tuesday,1,8,True
101496,P102,Notebook,8,2011-05-03 08:00:00,4.26,12359,Germany,False,False,False,34.08,34.08,0.0,101496,2011,2011-05,Tuesday,1,8,True
101497,P100,Gift Box,1,2011-02-26 10:00:00,4.23,12563,Australia,False,False,False,4.23,4.23,0.0,101497,2011,2011-02,Saturday,5,10,True
101497,P103,Wall Clock,2,2011-02-26 10:00:00,12.82,12563,Netherlands,False,False,False,25.64,25.64,0.0,101497,2011,2011-02,Saturday,5,10,True
101498,P106,Glass Jar,1,2011-05-04 11:00:00,5.41,12465,India,False,False,False,5.41,5.41,0.0,101498,2011,2011-05,Wednesday,2,11,True
101498,P105,Tote Bag,1,2011-05-04 11:00:00,6.02,12465,Australia,False,False,False,6.02,6.02,0.0,101498,2011,2011-05,Wednesday,2,11,True
101498,P107,Photo Frame,10,2011-05-04 11:00:00,9.1,12465,Australia,False,False,False,91.0,91.0,0.0,101498,2011,2011-05,Wednesday,2,11,True
101499,P110,Gift Wrap,1,2011-01-23 19:00:00,2.18,12033,Spain,False,False,False,2.18,2.18,0.0,101499,2011,2011-01,Sunday,6,19,True
101499,P101,Ceramic Mug,2,2011-01-23 19:00:00,7.68,12033,Netherlands,False,False,False,15.36,15.36,0.0,101499,2011,2011-01,Sunday,6,19,True
101499,P103,Wall Clock,6,2011-01-23 19:00:00,11.26,12033,Australia,False,False,False,67.56,67.56,0.0,101499,2011,2011-01,Sunday,6,19,True
101500,P106,Glass Jar,4,2011-08-12 13:00:00,5.26,12004,France,False,False,False,21.04,21.04,0.0,101500,2011,2011-08,Friday,4,13,True
101500,P105,Tote Bag,15,2011-08-12 13:00:00,6.1,12004,Australia,False,False,False,91.5,91.5,0.0,101500,2011,2011-08,Friday,4,13,True
101500,P104,Candle Set,1,2011-08-12 13:00:00,10.51,12004,Netherlands,False,False,False,10.51,10.51,0.0,101500,2011,2011-08,Friday,4,13,True
101501,P106,Glass Jar,2,2010-12-16 12:00:00,6.28,12015,United Kingdom,False,False,False,12.56,12.56,0.0,101501,2010,2010-12,Thursday,3,12,True
101501,P108,Tea Set,4,2010-12-16 12:00:00,17.71,12015,United Kingdom,False,False,False,70.84,70.84,0.0,101501,2010,2010-12,Thursday,3,12,True
101501,P101,Ceramic Mug,9,2010-12-16 12:00:00,6.51,12015,Spain,False,False,False,58.589999999999996,58.589999999999996,0.0,101501,2010,2010-12,Thursday,3,12,True
101502,P110,Gift Wrap,2,2011-04-08 08:00:00,2.37,12041,United Kingdom,False,False,False,4.74,4.74,0.0,101502,2011,2011-04,Friday,4,8,True
101503,P111,Serving Bowl,5,2010-12-29 11:00:00,15.54,12680,Netherlands,False,False,False,77.69999999999999,77.69999999999999,0.0,101503,2010,2010-12,Wednesday,2,11,True
101503,P107,Photo Frame,82,2010-12-29 11:00:00,8.13,12680,Australia,False,False,False,666.6600000000001,666.6600000000001,0.0,101503,2010,2010-12,Wednesday,2,11,True
101504,P100,Gift Box,26,2011-10-07 12:00:00,4.22,12092,Australia,False,False,False,109.72,109.72,0.0,101504,2011,2011-10,Friday,4,12,True
101504,P107,Photo Frame,7,2011-10-07 12:00:00,8.78,12092,Spain,False,False,False,61.459999999999994,61.459999999999994,0.0,101504,2011,2011-10,Friday,4,12,True
101505,P102,Notebook,1,2011-10-18 19:00:00,3.52,12470,Germany,False,False,False,3.52,3.52,0.0,101505,2011,2011-10,Tuesday,1,19,True
101506,P102,Notebook,1,2011-04-15 15:00:00,3.89,12401,India,False,False,False,3.89,3.89,0.0,101506,2011,2011-04,Friday,4,15,True
101506,P108,Tea Set,78,2011-04-15 15:00:00,19.88,12401,France,False,False,False,1550.6399999999999,1550.6399999999999,0.0,101506,2011,2011-04,Friday,4,15,True
101506,P111,Serving Bowl,1,2011-04-15 15:00:00,15.35,12401,Spain,False,False,False,15.35,15.35,0.0,101506,2011,2011-04,Friday,4,15,True
101506,P101,Ceramic Mug,2,2011-04-15 15:00:00,7.34,12401,France,False,False,False,14.68,14.68,0.0,101506,2011,2011-04,Friday,4,15,True
101507,P111,Serving Bowl,8,2011-03-12 18:00:00,14.24,12135,Germany,False,False,False,113.92,113.92,0.0,101507,2011,2011-03,Saturday,5,18,True
101507,P110,Gift Wrap,1,2011-03-12 18:00:00,2.41,12135,Australia,False,False,False,2.41,2.41,0.0,101507,2011,2011-03,Saturday,5,18,True
101507,P108,Tea Set,3,2011-03-12 18:00:00,19.64,12135,Germany,False,False,False,58.92,58.92,0.0,101507,2011,2011-03,Saturday,5,18,True
101508,P104,Candle Set,4,2010-12-14 15:00:00,10.25,12041,Australia,False,False,False,41.0,41.0,0.0,101508,2010,2010-12,Tuesday,1,15,True
101508,P110,Gift Wrap,4,2010-12-14 15:00:00,2.64,12041,United Kingdom,False,False,False,10.56,10.56,0.0,101508,2010,2010-12,Tuesday,1,15,True
101508,P107,Photo Frame,7,2010-12-14 15:00:00,8.92,12041,Germany,False,False,False,62.44,62.44,0.0,101508,2010,2010-12,Tuesday,1,15,True
101509,P101,Ceramic Mug,1,2011-09-19 18:00:00,7.71,12588,India,False,False,False,7.71,7.71,0.0,101509,2011,2011-09,Monday,0,18,True
101509,P104,Candle Set,1,2011-09-19 18:00:00,10.55,12588,France,False,False,False,10.55,10.55,0.0,101509,2011,2011-09,Monday,0,18,True
101510,P108,Tea Set,2,2011-05-29 14:00:00,18.62,12307,Australia,False,False,False,37.24,37.24,0.0,101510,2011,2011-05,Sunday,6,14,True
101511,P100,Gift Box,8,2011-08-25 10:00:00,4.93,12070,Australia,False,False,False,39.44,39.44,0.0,101511,2011,2011-08,Thursday,3,10,True
101512,P102,Notebook,6,2011-02-04 14:00:00,4.29,12670,India,False,False,False,25.740000000000002,25.740000000000002,0.0,101512,2011,2011-02,Friday,4,14,True
101512,P106,Glass Jar,5,2011-02-04 14:00:00,5.94,12670,Spain,False,False,False,29.700000000000003,29.700000000000003,0.0,101512,2011,2011-02,Friday,4,14,True
101512,P107,Photo Frame,10,2011-02-04 14:00:00,7.46,12670,France,False,False,False,74.6,74.6,0.0,101512,2011,2011-02,Friday,4,14,True
101513,P109,Desk Organizer,2,2011-09-13 10:00:00,10.22,12123,Spain,False,False,False,20.44,20.44,0.0,101513,2011,2011-09,Tuesday,1,10,True
101513,P107,Photo Frame,5,2011-09-13 10:00:00,8.64,12123,United Kingdom,False,False,False,43.2,43.2,0.0,101513,2011,2011-09,Tuesday,1,10,True
101513,P110,Gift Wrap,9,2011-09-13 10:00:00,2.76,12123,United Kingdom,False,False,False,24.839999999999996,24.839999999999996,0.0,101513,2011,2011-09,Tuesday,1,10,True
101513,P108,Tea Set,7,2011-09-13 10:00:00,19.84,12123,Spain,False,False,False,138.88,138.88,0.0,101513,2011,2011-09,Tuesday,1,10,True
101514,P107,Photo Frame,3,2011-01-30 17:00:00,8.25,12023,United Kingdom,False,False,False,24.75,24.75,0.0,101514,2011,2011-01,Sunday,6,17,True
101514,P108,Tea Set,5,2011-01-30 17:00:00,17.62,12023,United Kingdom,False,False,False,88.10000000000001,88.10000000000001,0.0,101514,2011,2011-01,Sunday,6,17,True
101514,P101,Ceramic Mug,3,2011-01-30 17:00:00,7.83,12023,United Kingdom,False,False,False,23.490000000000002,23.490000000000002,0.0,101514,2011,2011-01,Sunday,6,17,True
101515,P110,Gift Wrap,1,2011-05-16 10:00:00,2.67,12178,Australia,False,False,False,2.67,2.67,0.0,101515,2011,2011-05,Monday,0,10,True
101515,P100,Gift Box,17,2011-05-16 10:00:00,4.92,12178,Netherlands,False,False,False,83.64,83.64,0.0,101515,2011,2011-05,Monday,0,10,True
101516,P108,Tea Set,3,2011-07-13 12:00:00,19.7,12017,United Kingdom,False,False,False,59.099999999999994,59.099999999999994,0.0,101516,2011,2011-07,Wednesday,2,12,True
101516,P106,Glass Jar,1,2011-07-13 12:00:00,5.1,12017,India,False,False,False,5.1,5.1,0.0,101516,2011,2011-07,Wednesday,2,12,True
101517,P106,Glass Jar,1,2010-12-07 08:00:00,5.82,12546,Netherlands,False,False,False,5.82,5.82,0.0,101517,2010,2010-12,Tuesday,1,8,True
101518,P104,Candle Set,3,2011-04-03 17:00:00,9.08,12543,Netherlands,False,False,False,27.240000000000002,27.240000000000002,0.0,101518,2011,2011-04,Sunday,6,17,True
101518,P108,Tea Set,3,2011-04-03 17:00:00,20.37,12543,Germany,False,False,False,61.11,61.11,0.0,101518,2011,2011-04,Sunday,6,17,True
101518,P106,Glass Jar,4,2011-04-03 17:00:00,5.92,12543,Australia,False,False,False,23.68,23.68,0.0,101518,2011,2011-04,Sunday,6,17,True
101518,P107,Photo Frame,1,2011-04-03 17:00:00,8.84,12543,Netherlands,False,False,False,8.84,8.84,0.0,101518,2011,2011-04,Sunday,6,17,True
101519,P107,Photo Frame,1,2011-07-08 19:00:00,7.93,12049,Australia,False,False,False,7.93,7.93,0.0,101519,2011,2011-07,Friday,4,19,True
101520,P109,Desk Organizer,14,2011-06-29 12:00:00,10.34,12211,Australia,False,False,False,144.76,144.76,0.0,101520,2011,2011-06,Wednesday,2,12,True
101520,P110,Gift Wrap,1,2011-06-29 12:00:00,2.43,12211,United Kingdom,False,False,False,2.43,2.43,0.0,101520,2011,2011-06,Wednesday,2,12,True
101520,P105,Tote Bag,5,2011-06-29 12:00:00,6.03,12211,France,False,False,False,30.150000000000002,30.150000000000002,0.0,101520,2011,2011-06,Wednesday,2,12,True
101521,P102,Notebook,9,2011-07-13 12:00:00,3.9,12510,United Kingdom,False,False,False,35.1,35.1,0.0,101521,2011,2011-07,Wednesday,2,12,True
101521,P108,Tea Set,4,2011-07-13 12:00:00,16.48,12510,Netherlands,False,False,False,65.92,65.92,0.0,101521,2011,2011-07,Wednesday,2,12,True
101521,P100,Gift Box,1,2011-07-13 12:00:00,4.33,12510,Germany,False,False,False,4.33,4.33,0.0,101521,2011,2011-07,Wednesday,2,12,True
101521,P104,Candle Set,7,2011-07-13 12:00:00,10.41,12510,United Kingdom,False,False,False,72.87,72.87,0.0,101521,2011,2011-07,Wednesday,2,12,True
101522,P104,Candle Set,14,2011-11-29 09:00:00,9.05,12057,Spain,False,False,False,126.70000000000002,126.70000000000002,0.0,101522,2011,2011-11,Tuesday,1,9,True
101523,P101,Ceramic Mug,3,2011-10-25 09:00:00,8.11,12015,Australia,False,False,False,24.33,24.33,0.0,101523,2011,2011-10,Tuesday,1,9,True
101523,P111,Serving Bowl,4,2011-10-25 09:00:00,13.49,12015,United Kingdom,False,False,False,53.96,53.96,0.0,101523,2011,2011-10,Tuesday,1,9,True
101523,P110,Gift Wrap,2,2011-10-25 09:00:00,2.4,12015,Netherlands,False,False,False,4.8,4.8,0.0,101523,2011,2011-10,Tuesday,1,9,True
101523,P105,Tote Bag,3,2011-10-25 09:00:00,6.6,12015,Netherlands,False,False,False,19.799999999999997,19.799999999999997,0.0,101523,2011,2011-10,Tuesday,1,9,True
101524,P109,Desk Organizer,7,2011-11-02 11:00:00,11.91,12394,Australia,False,False,False,83.37,83.37,0.0,101524,2011,2011-11,Wednesday,2,11,True
101524,P100,Gift Box,2,2011-11-02 11:00:00,5.1,12394,India,False,False,False,10.2,10.2,0.0,101524,2011,2011-11,Wednesday,2,11,True
101524,P108,Tea Set,6,2011-11-02 11:00:00,17.93,12394,United Kingdom,False,False,False,107.58,107.58,0.0,101524,2011,2011-11,Wednesday,2,11,True
101525,P107,Photo Frame,3,2011-06-13 08:00:00,7.63,12267,Australia,False,False,False,22.89,22.89,0.0,101525,2011,2011-06,Monday,0,8,True
101525,P101,Ceramic Mug,4,2011-06-13 08:00:00,7.57,12267,France,False,False,False,30.28,30.28,0.0,101525,2011,2011-06,Monday,0,8,True
101525,P106,Glass Jar,1,2011-06-13 08:00:00,6.21,12267,India,False,False,False,6.21,6.21,0.0,101525,2011,2011-06,Monday,0,8,True
101525,P103,Wall Clock,1,2011-06-13 08:00:00,13.36,12267,Germany,False,False,False,13.36,13.36,0.0,101525,2011,2011-06,Monday,0,8,True
101526,P107,Photo Frame,4,2011-04-25 10:00:00,8.81,12003,France,False,False,False,35.24,35.24,0.0,101526,2011,2011-04,Monday,0,10,True
101527,P103,Wall Clock,11,2010-12-22 18:00:00,13.68,12537,France,False,False,False,150.48,150.48,0.0,101527,2010,2010-12,Wednesday,2,18,True
101527,P100,Gift Box,2,2010-12-22 18:00:00,4.95,12537,United Kingdom,False,False,False,9.9,9.9,0.0,101527,2010,2010-12,Wednesday,2,18,True
101528,P100,Gift Box,3,2010-12-21 15:00:00,4.48,12564,India,False,False,False,13.440000000000001,13.440000000000001,0.0,101528,2010,2010-12,Tuesday,1,15,True
101528,P107,Photo Frame,1,2010-12-21 15:00:00,8.15,12564,France,False,False,False,8.15,8.15,0.0,101528,2010,2010-12,Tuesday,1,15,True
101528,P103,Wall Clock,4,2010-12-21 15:00:00,13.71,12564,France,False,False,False,54.84,54.84,0.0,101528,2010,2010-12,Tuesday,1,15,True
101529,P105,Tote Bag,2,2011-05-16 17:00:00,7.23,12273,Germany,False,False,False,14.46,14.46,0.0,101529,2011,2011-05,Monday,0,17,True
101530,P108,Tea Set,4,2011-03-06 17:00:00,20.3,12100,United Kingdom,False,False,False,81.2,81.2,0.0,101530,2011,2011-03,Sunday,6,17,True
101530,P104,Candle Set,2,2011-03-06 17:00:00,10.83,12100,Spain,False,False,False,21.66,21.66,0.0,101530,2011,2011-03,Sunday,6,17,True
101530,P100,Gift Box,1,2011-03-06 17:00:00,4.52,12100,France,False,False,False,4.52,4.52,0.0,101530,2011,2011-03,Sunday,6,17,True
101531,P102,Notebook,21,2010-12-27 14:00:00,3.71,12423,India,False,False,False,77.91,77.91,0.0,101531,2010,2010-12,Monday,0,14,True
101531,P110,Gift Wrap,2,2010-12-27 14:00:00,2.61,12423,Australia,False,False,False,5.22,5.22,0.0,101531,2010,2010-12,Monday,0,14,True
101531,P111,Serving Bowl,5,2010-12-27 14:00:00,15.5,12423,Australia,False,False,False,77.5,77.5,0.0,101531,2010,2010-12,Monday,0,14,True
101532,P100,Gift Box,1,2011-08-16 11:00:00,4.28,12147,Netherlands,False,False,False,4.28,4.28,0.0,101532,2011,2011-08,Tuesday,1,11,True
101532,P104,Candle Set,5,2011-08-16 11:00:00,10.35,12147,Netherlands,False,False,False,51.75,51.75,0.0,101532,2011,2011-08,Tuesday,1,11,True
101532,P109,Desk Organizer,1,2011-08-16 11:00:00,10.6,12147,India,False,False,False,10.6,10.6,0.0,101532,2011,2011-08,Tuesday,1,11,True
101533,P106,Glass Jar,1,2011-10-05 14:00:00,6.3,12603,Australia,False,False,False,6.3,6.3,0.0,101533,2011,2011-10,Wednesday,2,14,True
101533,P102,Notebook,3,2011-10-05 14:00:00,3.57,12603,United Kingdom,False,False,False,10.709999999999999,10.709999999999999,0.0,101533,2011,2011-10,Wednesday,2,14,True
101533,P107,Photo Frame,1,2011-10-05 14:00:00,7.78,12603,France,False,False,False,7.78,7.78,0.0,101533,2011,2011-10,Wednesday,2,14,True
101534,P105,Tote Bag,1,2011-10-10 15:00:00,6.96,12002,Spain,False,False,False,6.96,6.96,0.0,101534,2011,2011-10,Monday,0,15,True
101534,P110,Gift Wrap,2,2011-10-10 15:00:00,2.28,12002,Australia,False,False,False,4.56,4.56,0.0,101534,2011,2011-10,Monday,0,15,True
101534,P102,Notebook,1,2011-10-10 15:00:00,4.22,12002,United Kingdom,False,False,False,4.22,4.22,0.0,101534,2011,2011-10,Monday,0,15,True
101534,P109,Desk Organizer,4,2011-10-10 15:00:00,11.52,12002,India,False,False,False,46.08,46.08,0.0,101534,2011,2011-10,Monday,0,15,True
101535,P107,Photo Frame,3,2011-02-17 12:00:00,8.44,12069,Germany,False,False,False,25.32,25.32,0.0,101535,2011,2011-02,Thursday,3,12,True
101535,P103,Wall Clock,7,2011-02-17 12:00:00,14.02,12069,India,False,False,False,98.14,98.14,0.0,101535,2011,2011-02,Thursday,3,12,True
101535,P105,Tote Bag,2,2011-02-17 12:00:00,6.65,12069,France,False,False,False,13.3,13.3,0.0,101535,2011,2011-02,Thursday,3,12,True
101536,P110,Gift Wrap,3,2011-07-12 15:00:00,2.26,12212,France,False,False,False,6.779999999999999,6.779999999999999,0.0,101536,2011,2011-07,Tuesday,1,15,True
101536,P111,Serving Bowl,4,2011-07-12 15:00:00,15.74,12212,Netherlands,False,False,False,62.96,62.96,0.0,101536,2011,2011-07,Tuesday,1,15,True
101536,P105,Tote Bag,7,2011-07-12 15:00:00,7.2,12212,Netherlands,False,False,False,50.4,50.4,0.0,101536,2011,2011-07,Tuesday,1,15,True
101537,P108,Tea Set,1,2010-12-08 19:00:00,20.43,12267,United Kingdom,False,False,False,20.43,20.43,0.0,101537,2010,2010-12,Wednesday,2,19,True
101537,P110,Gift Wrap,1,2010-12-08 19:00:00,2.63,12267,France,False,False,False,2.63,2.63,0.0,101537,2010,2010-12,Wednesday,2,19,True
101537,P101,Ceramic Mug,5,2010-12-08 19:00:00,7.03,12267,France,False,False,False,35.15,35.15,0.0,101537,2010,2010-12,Wednesday,2,19,True
101538,P104,Candle Set,3,2011-08-10 17:00:00,10.64,12020,France,False,False,False,31.92,31.92,0.0,101538,2011,2011-08,Wednesday,2,17,True
101538,P101,Ceramic Mug,2,2011-08-10 17:00:00,7.55,12020,Australia,False,False,False,15.1,15.1,0.0,101538,2011,2011-08,Wednesday,2,17,True
101539,P111,Serving Bowl,29,2010-12-17 09:00:00,15.14,12007,France,False,False,False,439.06,439.06,0.0,101539,2010,2010-12,Friday,4,9,True
101539,P104,Candle Set,1,2010-12-17 09:00:00,10.84,12007,Spain,False,False,False,10.84,10.84,0.0,101539,2010,2010-12,Friday,4,9,True
101540,P110,Gift Wrap,5,2011-06-22 13:00:00,2.2,12358,Netherlands,False,False,False,11.0,11.0,0.0,101540,2011,2011-06,Wednesday,2,13,True
101540,P108,Tea Set,7,2011-06-22 13:00:00,20.13,12358,India,False,False,False,140.91,140.91,0.0,101540,2011,2011-06,Wednesday,2,13,True
101540,P100,Gift Box,2,2011-06-22 13:00:00,4.31,12358,Germany,False,False,False,8.62,8.62,0.0,101540,2011,2011-06,Wednesday,2,13,True
101540,P111,Serving Bowl,14,2011-06-22 13:00:00,16.23,12358,India,False,False,False,227.22,227.22,0.0,101540,2011,2011-06,Wednesday,2,13,True
101541,P100,Gift Box,4,2011-06-02 10:00:00,5.15,12087,France,False,False,False,20.6,20.6,0.0,101541,2011,2011-06,Thursday,3,10,True
101541,P106,Glass Jar,5,2011-06-02 10:00:00,5.42,12087,Netherlands,False,False,False,27.1,27.1,0.0,101541,2011,2011-06,Thursday,3,10,True
101541,P105,Tote Bag,4,2011-06-02 10:00:00,6.32,12087,France,False,False,False,25.28,25.28,0.0,101541,2011,2011-06,Thursday,3,10,True
101542,P101,Ceramic Mug,2,2011-01-21 10:00:00,8.0,12412,United Kingdom,False,False,False,16.0,16.0,0.0,101542,2011,2011-01,Friday,4,10,True
101543,P110,Gift Wrap,3,2011-12-05 11:00:00,2.17,12345,Spain,False,False,False,6.51,6.51,0.0,101543,2011,2011-12,Monday,0,11,True
101543,P103,Wall Clock,6,2011-12-05 11:00:00,14.19,12345,Spain,False,False,False,85.14,85.14,0.0,101543,2011,2011-12,Monday,0,11,True
101543,P108,Tea Set,3,2011-12-05 11:00:00,19.71,12345,Netherlands,False,False,False,59.13,59.13,0.0,101543,2011,2011-12,Monday,0,11,True
101544,P107,Photo Frame,11,2011-11-05 09:00:00,9.12,12076,Australia,False,False,False,100.32,100.32,0.0,101544,2011,2011-11,Saturday,5,9,True
101544,P103,Wall Clock,6,2011-11-05 09:00:00,12.44,12076,Australia,False,False,False,74.64,74.64,0.0,101544,2011,2011-11,Saturday,5,9,True
101544,P106,Glass Jar,9,2011-11-05 09:00:00,6.32,12076,Australia,False,False,False,56.88,56.88,0.0,101544,2011,2011-11,Saturday,5,9,True
101544,P108,Tea Set,4,2011-11-05 09:00:00,20.31,12076,India,False,False,False,81.24,81.24,0.0,101544,2011,2011-11,Saturday,5,9,True
101545,P100,Gift Box,2,2011-05-19 15:00:00,4.43,12365,India,False,False,False,8.86,8.86,0.0,101545,2011,2011-05,Thursday,3,15,True
101545,P108,Tea Set,5,2011-05-19 15:00:00,18.54,12365,Australia,False,False,False,92.69999999999999,92.69999999999999,0.0,101545,2011,2011-05,Thursday,3,15,True
101545,P102,Notebook,1,2011-05-19 15:00:00,3.7,12365,Netherlands,False,False,False,3.7,3.7,0.0,101545,2011,2011-05,Thursday,3,15,True
101545,P106,Glass Jar,4,2011-05-19 15:00:00,5.49,12365,Australia,False,False,False,21.96,21.96,0.0,101545,2011,2011-05,Thursday,3,15,True
101546,P106,Glass Jar,2,2011-09-08 19:00:00,5.85,12146,United Kingdom,False,False,False,11.7,11.7,0.0,101546,2011,2011-09,Thursday,3,19,True
101546,P104,Candle Set,4,2011-09-08 19:00:00,11.24,12146,Spain,False,False,False,44.96,44.96,0.0,101546,2011,2011-09,Thursday,3,19,True
101546,P111,Serving Bowl,2,2011-09-08 19:00:00,14.59,12146,India,False,False,False,29.18,29.18,0.0,101546,2011,2011-09,Thursday,3,19,True
101547,P104,Candle Set,2,2011-05-25 17:00:00,10.06,12407,Australia,False,False,False,20.12,20.12,0.0,101547,2011,2011-05,Wednesday,2,17,True
101547,P100,Gift Box,1,2011-05-25 17:00:00,4.66,12407,Australia,False,False,False,4.66,4.66,0.0,101547,2011,2011-05,Wednesday,2,17,True
101547,P102,Notebook,4,2011-05-25 17:00:00,4.36,12407,Netherlands,False,False,False,17.44,17.44,0.0,101547,2011,2011-05,Wednesday,2,17,True
101547,P111,Serving Bowl,1,2011-05-25 17:00:00,14.09,12407,France,False,False,False,14.09,14.09,0.0,101547,2011,2011-05,Wednesday,2,17,True
101548,P107,Photo Frame,8,2011-10-04 16:00:00,8.01,12534,Netherlands,False,False,False,64.08,64.08,0.0,101548,2011,2011-10,Tuesday,1,16,True
101548,P104,Candle Set,9,2011-10-04 16:00:00,9.35,12534,Australia,False,False,False,84.14999999999999,84.14999999999999,0.0,101548,2011,2011-10,Tuesday,1,16,True
101549,P102,Notebook,5,2011-01-24 12:00:00,3.46,12033,Spain,False,False,False,17.3,17.3,0.0,101549,2011,2011-01,Monday,0,12,True
101549,P109,Desk Organizer,14,2011-01-24 12:00:00,10.78,12033,Netherlands,False,False,False,150.92,150.92,0.0,101549,2011,2011-01,Monday,0,12,True
101549,P106,Glass Jar,2,2011-01-24 12:00:00,5.07,12033,Australia,False,False,False,10.14,10.14,0.0,101549,2011,2011-01,Monday,0,12,True
101549,P101,Ceramic Mug,1,2011-01-24 12:00:00,6.93,12033,Spain,False,False,False,6.93,6.93,0.0,101549,2011,2011-01,Monday,0,12,True
101550,P100,Gift Box,1,2011-11-01 10:00:00,4.95,12028,Spain,False,False,False,4.95,4.95,0.0,101550,2011,2011-11,Tuesday,1,10,True
101550,P108,Tea Set,2,2011-11-01 10:00:00,20.2,12028,Australia,False,False,False,40.4,40.4,0.0,101550,2011,2011-11,Tuesday,1,10,True
101550,P101,Ceramic Mug,2,2011-11-01 10:00:00,7.89,12028,France,False,False,False,15.78,15.78,0.0,101550,2011,2011-11,Tuesday,1,10,True
101550,P104,Candle Set,1,2011-11-01 10:00:00,11.37,12028,Netherlands,False,False,False,11.37,11.37,0.0,101550,2011,2011-11,Tuesday,1,10,True
101551,P102,Notebook,2,2011-05-23 09:00:00,3.96,12342,Australia,False,False,False,7.92,7.92,0.0,101551,2011,2011-05,Monday,0,9,True
101551,P105,Tote Bag,2,2011-05-23 09:00:00,5.98,12342,France,False,False,False,11.96,11.96,0.0,101551,2011,2011-05,Monday,0,9,True
101551,P107,Photo Frame,1,2011-05-23 09:00:00,8.41,12342,Germany,False,False,False,8.41,8.41,0.0,101551,2011,2011-05,Monday,0,9,True
101552,P109,Desk Organizer,11,2011-02-28 08:00:00,11.63,12074,India,False,False,False,127.93,127.93,0.0,101552,2011,2011-02,Monday,0,8,True
101552,P111,Serving Bowl,5,2011-02-28 08:00:00,15.51,12074,Australia,False,False,False,77.55,77.55,0.0,101552,2011,2011-02,Monday,0,8,True
101552,P110,Gift Wrap,2,2011-02-28 08:00:00,2.35,12074,India,False,False,False,4.7,4.7,0.0,101552,2011,2011-02,Monday,0,8,True
101553,P109,Desk Organizer,1,2011-07-06 13:00:00,11.55,12699,France,False,False,False,11.55,11.55,0.0,101553,2011,2011-07,Wednesday,2,13,True
101553,P104,Candle Set,7,2011-07-06 13:00:00,10.85,12699,Australia,False,False,False,75.95,75.95,0.0,101553,2011,2011-07,Wednesday,2,13,True
101553,P105,Tote Bag,16,2011-07-06 13:00:00,6.45,12699,Spain,False,False,False,103.2,103.2,0.0,101553,2011,2011-07,Wednesday,2,13,True
101553,P108,Tea Set,12,2011-07-06 13:00:00,18.43,12699,Netherlands,False,False,False,221.16,221.16,0.0,101553,2011,2011-07,Wednesday,2,13,True
101554,P105,Tote Bag,2,2010-12-30 16:00:00,6.92,12435,France,False,False,False,13.84,13.84,0.0,101554,2010,2010-12,Thursday,3,16,True
101554,P101,Ceramic Mug,2,2010-12-30 16:00:00,7.68,12435,Spain,False,False,False,15.36,15.36,0.0,101554,2010,2010-12,Thursday,3,16,True
101554,P111,Serving Bowl,4,2010-12-30 16:00:00,14.42,12435,Netherlands,False,False,False,57.68,57.68,0.0,101554,2010,2010-12,Thursday,3,16,True
101554,P110,Gift Wrap,2,2010-12-30 16:00:00,2.55,12435,Australia,False,False,False,5.1,5.1,0.0,101554,2010,2010-12,Thursday,3,16,True
101555,P104,Candle Set,4,2011-08-06 17:00:00,9.7,12233,United Kingdom,False,False,False,38.8,38.8,0.0,101555,2011,2011-08,Saturday,5,17,True
101556,P108,Tea Set,2,2011-04-20 09:00:00,20.68,12500,Netherlands,False,False,False,41.36,41.36,0.0,101556,2011,2011-04,Wednesday,2,9,True
101556,P101,Ceramic Mug,1,2011-04-20 09:00:00,6.89,12500,Germany,False,False,False,6.89,6.89,0.0,101556,2011,2011-04,Wednesday,2,9,True
101556,P110,Gift Wrap,1,2011-04-20 09:00:00,2.7,12500,France,False,False,False,2.7,2.7,0.0,101556,2011,2011-04,Wednesday,2,9,True
101556,P104,Candle Set,4,2011-04-20 09:00:00,10.08,12500,Australia,False,False,False,40.32,40.32,0.0,101556,2011,2011-04,Wednesday,2,9,True
101557,P107,Photo Frame,16,2011-11-21 17:00:00,8.13,12071,United Kingdom,False,False,False,130.08,130.08,0.0,101557,2011,2011-11,Monday,0,17,True
101557,P100,Gift Box,7,2011-11-21 17:00:00,4.1,12071,Netherlands,False,False,False,28.699999999999996,28.699999999999996,0.0,101557,2011,2011-11,Monday,0,17,True
101557,P110,Gift Wrap,9,2011-11-21 17:00:00,2.53,12071,Germany,False,False,False,22.77,22.77,0.0,101557,2011,2011-11,Monday,0,17,True
101558,P104,Candle Set,10,2011-05-30 18:00:00,9.49,12341,France,False,False,False,94.9,94.9,0.0,101558,2011,2011-05,Monday,0,18,True
101558,P101,Ceramic Mug,4,2011-05-30 18:00:00,8.04,12341,Netherlands,False,False,False,32.16,32.16,0.0,101558,2011,2011-05,Monday,0,18,True
101558,P100,Gift Box,88,2011-05-30 18:00:00,4.86,12341,India,False,False,False,427.68,427.68,0.0,101558,2011,2011-05,Monday,0,18,True
101559,P101,Ceramic Mug,2,2011-05-21 17:00:00,7.22,12504,Spain,False,False,False,14.44,14.44,0.0,101559,2011,2011-05,Saturday,5,17,True
101559,P104,Candle Set,43,2011-05-21 17:00:00,9.85,12504,Netherlands,False,False,False,423.55,423.55,0.0,101559,2011,2011-05,Saturday,5,17,True
101560,P100,Gift Box,8,2011-04-14 18:00:00,5.05,12352,Germany,False,False,False,40.4,40.4,0.0,101560,2011,2011-04,Thursday,3,18,True
101560,P104,Candle Set,4,2011-04-14 18:00:00,10.52,12352,Spain,False,False,False,42.08,42.08,0.0,101560,2011,2011-04,Thursday,3,18,True
101560,P106,Glass Jar,2,2011-04-14 18:00:00,5.75,12352,Australia,False,False,False,11.5,11.5,0.0,101560,2011,2011-04,Thursday,3,18,True
101561,P103,Wall Clock,5,2011-03-07 17:00:00,13.62,12517,Australia,False,False,False,68.1,68.1,0.0,101561,2011,2011-03,Monday,0,17,True
101561,P110,Gift Wrap,2,2011-03-07 17:00:00,2.75,12517,United Kingdom,False,False,False,5.5,5.5,0.0,101561,2011,2011-03,Monday,0,17,True
101561,P108,Tea Set,1,2011-03-07 17:00:00,17.41,12517,Australia,False,False,False,17.41,17.41,0.0,101561,2011,2011-03,Monday,0,17,True
101562,P103,Wall Clock,2,2011-04-06 09:00:00,11.6,12607,India,False,False,False,23.2,23.2,0.0,101562,2011,2011-04,Wednesday,2,9,True
101562,P100,Gift Box,7,2011-04-06 09:00:00,4.54,12607,Spain,False,False,False,31.78,31.78,0.0,101562,2011,2011-04,Wednesday,2,9,True
101562,P104,Candle Set,4,2011-04-06 09:00:00,11.25,12607,India,False,False,False,45.0,45.0,0.0,101562,2011,2011-04,Wednesday,2,9,True
101562,P106,Glass Jar,10,2011-04-06 09:00:00,6.31,12607,Germany,False,False,False,63.099999999999994,63.099999999999994,0.0,101562,2011,2011-04,Wednesday,2,9,True
101563,P107,Photo Frame,7,2011-08-14 09:00:00,9.42,12508,India,False,False,False,65.94,65.94,0.0,101563,2011,2011-08,Sunday,6,9,True
101564,P102,Notebook,8,2011-09-02 13:00:00,3.53,12573,Spain,False,False,False,28.24,28.24,0.0,101564,2011,2011-09,Friday,4,13,True
101564,P104,Candle Set,10,2011-09-02 13:00:00,9.27,12573,United Kingdom,False,False,False,92.69999999999999,92.69999999999999,0.0,101564,2011,2011-09,Friday,4,13,True
101564,P110,Gift Wrap,1,2011-09-02 13:00:00,2.71,12573,Spain,False,False,False,2.71,2.71,0.0,101564,2011,2011-09,Friday,4,13,True
101565,P104,Candle Set,11,2011-11-19 17:00:00,10.87,12494,Netherlands,False,False,False,119.57,119.57,0.0,101565,2011,2011-11,Saturday,5,17,True
101565,P102,Notebook,6,2011-11-19 17:00:00,4.31,12494,Spain,False,False,False,25.86,25.86,0.0,101565,2011,2011-11,Saturday,5,17,True
101566,P111,Serving Bowl,3,2011-11-13 17:00:00,14.14,12280,India,False,False,False,42.42,42.42,0.0,101566,2011,2011-11,Sunday,6,17,True
101566,P103,Wall Clock,1,2011-11-13 17:00:00,12.16,12280,France,False,False,False,12.16,12.16,0.0,101566,2011,2011-11,Sunday,6,17,True
101566,P105,Tote Bag,2,2011-11-13 17:00:00,6.06,12280,Germany,False,False,False,12.12,12.12,0.0,101566,2011,2011-11,Sunday,6,17,True
101567,P108,Tea Set,4,2011-08-17 08:00:00,20.63,12255,France,False,False,False,82.52,82.52,0.0,101567,2011,2011-08,Wednesday,2,8,True
101567,P106,Glass Jar,2,2011-08-17 08:00:00,6.02,12255,Australia,False,False,False,12.04,12.04,0.0,101567,2011,2011-08,Wednesday,2,8,True
101568,P104,Candle Set,2,2011-07-29 14:00:00,11.08,12021,France,False,False,False,22.16,22.16,0.0,101568,2011,2011-07,Friday,4,14,True
101568,P108,Tea Set,5,2011-07-29 14:00:00,19.7,12021,Netherlands,False,False,False,98.5,98.5,0.0,101568,2011,2011-07,Friday,4,14,True
101568,P101,Ceramic Mug,3,2011-07-29 14:00:00,6.83,12021,France,False,False,False,20.490000000000002,20.490000000000002,0.0,101568,2011,2011-07,Friday,4,14,True
101569,P108,Tea Set,1,2011-08-31 10:00:00,20.06,12259,Spain,False,False,False,20.06,20.06,0.0,101569,2011,2011-08,Wednesday,2,10,True
101569,P103,Wall Clock,1,2011-08-31 10:00:00,14.16,12259,United Kingdom,False,False,False,14.16,14.16,0.0,101569,2011,2011-08,Wednesday,2,10,True
101570,P108,Tea Set,2,2011-08-18 13:00:00,19.06,12182,Germany,False,False,False,38.12,38.12,0.0,101570,2011,2011-08,Thursday,3,13,True
101570,P105,Tote Bag,1,2011-08-18 13:00:00,7.18,12182,Australia,False,False,False,7.18,7.18,0.0,101570,2011,2011-08,Thursday,3,13,True
101570,P111,Serving Bowl,1,2011-08-18 13:00:00,14.32,12182,France,False,False,False,14.32,14.32,0.0,101570,2011,2011-08,Thursday,3,13,True
101570,P103,Wall Clock,2,2011-08-18 13:00:00,12.53,12182,India,False,False,False,25.06,25.06,0.0,101570,2011,2011-08,Thursday,3,13,True
101571,P109,Desk Organizer,9,2011-05-20 11:00:00,10.61,12441,Spain,False,False,False,95.49,95.49,0.0,101571,2011,2011-05,Friday,4,11,True
101571,P103,Wall Clock,2,2011-05-20 11:00:00,14.31,12441,Australia,False,False,False,28.62,28.62,0.0,101571,2011,2011-05,Friday,4,11,True
101572,P106,Glass Jar,7,2011-09-19 16:00:00,5.58,12263,United Kingdom,False,False,False,39.06,39.06,0.0,101572,2011,2011-09,Monday,0,16,True
101573,P111,Serving Bowl,9,2011-10-27 17:00:00,15.64,12376,Germany,False,False,False,140.76,140.76,0.0,101573,2011,2011-10,Thursday,3,17,True
101574,P101,Ceramic Mug,1,2011-08-31 19:00:00,7.54,12007,United Kingdom,False,False,False,7.54,7.54,0.0,101574,2011,2011-08,Wednesday,2,19,True
101574,P104,Candle Set,6,2011-08-31 19:00:00,9.67,12007,Germany,False,False,False,58.019999999999996,58.019999999999996,0.0,101574,2011,2011-08,Wednesday,2,19,True
101575,P100,Gift Box,2,2011-09-11 17:00:00,4.59,12056,Australia,False,False,False,9.18,9.18,0.0,101575,2011,2011-09,Sunday,6,17,True
101576,P105,Tote Bag,5,2011-11-13 12:00:00,6.84,12553,Spain,False,False,False,34.2,34.2,0.0,101576,2011,2011-11,Sunday,6,12,True
101576,P106,Glass Jar,3,2011-11-13 12:00:00,5.16,12553,United Kingdom,False,False,False,15.48,15.48,0.0,101576,2011,2011-11,Sunday,6,12,True
101576,P111,Serving Bowl,1,2011-11-13 12:00:00,14.65,12553,Australia,False,False,False,14.65,14.65,0.0,101576,2011,2011-11,Sunday,6,12,True
101576,P108,Tea Set,2,2011-11-13 12:00:00,18.03,12553,Spain,False,False,False,36.06,36.06,0.0,101576,2011,2011-11,Sunday,6,12,True
101577,P109,Desk Organizer,150,2011-09-23 17:00:00,11.32,12021,India,False,False,False,1698.0,1698.0,0.0,101577,2011,2011-09,Friday,4,17,True
101578,P106,Glass Jar,2,2011-11-26 09:00:00,6.22,12566,France,False,False,False,12.44,12.44,0.0,101578,2011,2011-11,Saturday,5,9,True
101579,P102,Notebook,3,2011-03-04 10:00:00,3.5,12697,Australia,False,False,False,10.5,10.5,0.0,101579,2011,2011-03,Friday,4,10,True
101580,P101,Ceramic Mug,3,2011-01-24 15:00:00,7.26,12159,Spain,False,False,False,21.78,21.78,0.0,101580,2011,2011-01,Monday,0,15,True
101581,P108,Tea Set,2,2011-11-13 09:00:00,16.28,12541,Netherlands,False,False,False,32.56,32.56,0.0,101581,2011,2011-11,Sunday,6,9,True
101581,P105,Tote Bag,1,2011-11-13 09:00:00,7.11,12541,Spain,False,False,False,7.11,7.11,0.0,101581,2011,2011-11,Sunday,6,9,True
101581,P100,Gift Box,1,2011-11-13 09:00:00,4.42,12541,France,False,False,False,4.42,4.42,0.0,101581,2011,2011-11,Sunday,6,9,True
101582,P106,Glass Jar,7,2011-09-07 09:00:00,5.59,12562,Australia,False,False,False,39.129999999999995,39.129999999999995,0.0,101582,2011,2011-09,Wednesday,2,9,True
101582,P109,Desk Organizer,1,2011-09-07 09:00:00,10.58,12562,Australia,False,False,False,10.58,10.58,0.0,101582,2011,2011-09,Wednesday,2,9,True
101583,P101,Ceramic Mug,4,2011-09-25 19:00:00,7.45,12333,Spain,False,False,False,29.8,29.8,0.0,101583,2011,2011-09,Sunday,6,19,True
101583,P111,Serving Bowl,1,2011-09-25 19:00:00,15.59,12333,Netherlands,False,False,False,15.59,15.59,0.0,101583,2011,2011-09,Sunday,6,19,True
101583,P109,Desk Organizer,2,2011-09-25 19:00:00,10.6,12333,India,False,False,False,21.2,21.2,0.0,101583,2011,2011-09,Sunday,6,19,True
101584,P102,Notebook,2,2011-02-23 15:00:00,3.81,12007,France,False,False,False,7.62,7.62,0.0,101584,2011,2011-02,Wednesday,2,15,True
101584,P108,Tea Set,2,2011-02-23 15:00:00,20.51,12007,India,False,False,False,41.02,41.02,0.0,101584,2011,2011-02,Wednesday,2,15,True
101585,P103,Wall Clock,4,2011-06-19 08:00:00,11.65,12528,Australia,False,False,False,46.6,46.6,0.0,101585,2011,2011-06,Sunday,6,8,True
101585,P105,Tote Bag,1,2011-06-19 08:00:00,6.61,12528,United Kingdom,False,False,False,6.61,6.61,0.0,101585,2011,2011-06,Sunday,6,8,True
101586,P105,Tote Bag,3,2011-09-15 12:00:00,5.96,12248,United Kingdom,False,False,False,17.88,17.88,0.0,101586,2011,2011-09,Thursday,3,12,True
101587,P109,Desk Organizer,4,2011-07-05 12:00:00,10.61,12045,Spain,False,False,False,42.44,42.44,0.0,101587,2011,2011-07,Tuesday,1,12,True
101587,P106,Glass Jar,4,2011-07-05 12:00:00,5.65,12045,France,False,False,False,22.6,22.6,0.0,101587,2011,2011-07,Tuesday,1,12,True
101588,P110,Gift Wrap,2,2011-10-10 11:00:00,2.46,12139,Australia,False,False,False,4.92,4.92,0.0,101588,2011,2011-10,Monday,0,11,True
101588,P108,Tea Set,11,2011-10-10 11:00:00,18.42,12139,France,False,False,False,202.62,202.62,0.0,101588,2011,2011-10,Monday,0,11,True
101588,P101,Ceramic Mug,1,2011-10-10 11:00:00,8.17,12139,France,False,False,False,8.17,8.17,0.0,101588,2011,2011-10,Monday,0,11,True
101589,P104,Candle Set,1,2011-04-04 11:00:00,9.64,12066,Germany,False,False,False,9.64,9.64,0.0,101589,2011,2011-04,Monday,0,11,True
101589,P108,Tea Set,1,2011-04-04 11:00:00,18.4,12066,France,False,False,False,18.4,18.4,0.0,101589,2011,2011-04,Monday,0,11,True
101589,P110,Gift Wrap,7,2011-04-04 11:00:00,2.63,12066,France,False,False,False,18.41,18.41,0.0,101589,2011,2011-04,Monday,0,11,True
101589,P109,Desk Organizer,2,2011-04-04 11:00:00,10.63,12066,India,False,False,False,21.26,21.26,0.0,101589,2011,2011-04,Monday,0,11,True
101590,P105,Tote Bag,3,2011-05-23 18:00:00,6.88,12270,Germany,False,False,False,20.64,20.64,0.0,101590,2011,2011-05,Monday,0,18,True
101591,P106,Glass Jar,2,2011-08-08 18:00:00,5.51,12137,Spain,False,False,False,11.02,11.02,0.0,101591,2011,2011-08,Monday,0,18,True
101592,P105,Tote Bag,2,2011-07-18 19:00:00,6.38,12266,Spain,False,False,False,12.76,12.76,0.0,101592,2011,2011-07,Monday,0,19,True
101592,P102,Notebook,3,2011-07-18 19:00:00,3.46,12266,Australia,False,False,False,10.379999999999999,10.379999999999999,0.0,101592,2011,2011-07,Monday,0,19,True
101592,P107,Photo Frame,17,2011-07-18 19:00:00,8.07,12266,Australia,False,False,False,137.19,137.19,0.0,101592,2011,2011-07,Monday,0,19,True
101593,P105,Tote Bag,2,2011-05-31 10:00:00,6.84,12361,United Kingdom,False,False,False,13.68,13.68,0.0,101593,2011,2011-05,Tuesday,1,10,True
101593,P108,Tea Set,3,2011-05-31 10:00:00,17.91,12361,Spain,False,False,False,53.730000000000004,53.730000000000004,0.0,101593,2011,2011-05,Tuesday,1,10,True
101593,P111,Serving Bowl,12,2011-05-31 10:00:00,16.49,12361,Spain,False,False,False,197.88,197.88,0.0,101593,2011,2011-05,Tuesday,1,10,True
101593,P107,Photo Frame,3,2011-05-31 10:00:00,8.43,12361,France,False,False,False,25.29,25.29,0.0,101593,2011,2011-05,Tuesday,1,10,True
101594,P110,Gift Wrap,3,2011-06-03 11:00:00,2.67,12530,United Kingdom,False,False,False,8.01,8.01,0.0,101594,2011,2011-06,Friday,4,11,True
101594,P111,Serving Bowl,6,2011-06-03 11:00:00,16.41,12530,France,False,False,False,98.46000000000001,98.46000000000001,0.0,101594,2011,2011-06,Friday,4,11,True
101595,P108,Tea Set,6,2011-05-04 11:00:00,16.37,12051,Netherlands,False,False,False,98.22,98.22,0.0,101595,2011,2011-05,Wednesday,2,11,True
101596,P104,Candle Set,1,2011-05-01 18:00:00,10.91,12006,Germany,False,False,False,10.91,10.91,0.0,101596,2011,2011-05,Sunday,6,18,True
101596,P107,Photo Frame,2,2011-05-01 18:00:00,9.14,12006,Spain,False,False,False,18.28,18.28,0.0,101596,2011,2011-05,Sunday,6,18,True
101597,P104,Candle Set,4,2010-12-16 11:00:00,10.91,12078,France,False,False,False,43.64,43.64,0.0,101597,2010,2010-12,Thursday,3,11,True
101597,P106,Glass Jar,4,2010-12-16 11:00:00,6.31,12078,United Kingdom,False,False,False,25.24,25.24,0.0,101597,2010,2010-12,Thursday,3,11,True
101598,P109,Desk Organizer,4,2011-12-02 13:00:00,10.6,12036,United Kingdom,False,False,False,42.4,42.4,0.0,101598,2011,2011-12,Friday,4,13,True
101598,P108,Tea Set,7,2011-12-02 13:00:00,16.97,12036,Spain,False,False,False,118.78999999999999,118.78999999999999,0.0,101598,2011,2011-12,Friday,4,13,True
101598,P111,Serving Bowl,4,2011-12-02 13:00:00,13.64,12036,France,False,False,False,54.56,54.56,0.0,101598,2011,2011-12,Friday,4,13,True
101598,P107,Photo Frame,2,2011-12-02 13:00:00,7.54,12036,United Kingdom,False,False,False,15.08,15.08,0.0,101598,2011,2011-12,Friday,4,13,True
101599,P100,Gift Box,2,2011-05-31 18:00:00,4.07,12073,Germany,False,False,False,8.14,8.14,0.0,101599,2011,2011-05,Tuesday,1,18,True
101599,P106,Glass Jar,3,2011-05-31 18:00:00,5.51,12073,India,False,False,False,16.53,16.53,0.0,101599,2011,2011-05,Tuesday,1,18,True
101599,P111,Serving Bowl,1,2011-05-31 18:00:00,15.87,12073,Netherlands,False,False,False,15.87,15.87,0.0,101599,2011,2011-05,Tuesday,1,18,True
101600,P111,Serving Bowl,6,2011-09-11 09:00:00,15.18,12234,Germany,False,False,False,91.08,91.08,0.0,101600,2011,2011-09,Sunday,6,9,True
101600,P107,Photo Frame,10,2011-09-11 09:00:00,8.04,12234,Spain,False,False,False,80.39999999999999,80.39999999999999,0.0,101600,2011,2011-09,Sunday,6,9,True
101600,P101,Ceramic Mug,1,2011-09-11 09:00:00,8.21,12234,Netherlands,False,False,False,8.21,8.21,0.0,101600,2011,2011-09,Sunday,6,9,True
101600,P105,Tote Bag,7,2011-09-11 09:00:00,7.25,12234,India,False,False,False,50.75,50.75,0.0,101600,2011,2011-09,Sunday,6,9,True
101601,P110,Gift Wrap,3,2011-01-10 15:00:00,2.44,12057,France,False,False,False,7.32,7.32,0.0,101601,2011,2011-01,Monday,0,15,True
101601,P102,Notebook,1,2011-01-10 15:00:00,3.44,12057,India,False,False,False,3.44,3.44,0.0,101601,2011,2011-01,Monday,0,15,True
101602,P105,Tote Bag,3,2011-09-15 10:00:00,6.83,12449,France,False,False,False,20.490000000000002,20.490000000000002,0.0,101602,2011,2011-09,Thursday,3,10,True
101602,P101,Ceramic Mug,1,2011-09-15 10:00:00,7.98,12449,Netherlands,False,False,False,7.98,7.98,0.0,101602,2011,2011-09,Thursday,3,10,True
101602,P110,Gift Wrap,6,2011-09-15 10:00:00,2.22,12449,Spain,False,False,False,13.32,13.32,0.0,101602,2011,2011-09,Thursday,3,10,True
101602,P107,Photo Frame,13,2011-09-15 10:00:00,8.12,12449,France,False,False,False,105.55999999999999,105.55999999999999,0.0,101602,2011,2011-09,Thursday,3,10,True
101603,P110,Gift Wrap,1,2011-11-07 09:00:00,2.22,12027,Spain,False,False,False,2.22,2.22,0.0,101603,2011,2011-11,Monday,0,9,True
101604,P106,Glass Jar,5,2011-01-28 15:00:00,5.98,12118,Spain,False,False,False,29.900000000000002,29.900000000000002,0.0,101604,2011,2011-01,Friday,4,15,True
101604,P110,Gift Wrap,5,2011-01-28 15:00:00,2.31,12118,India,False,False,False,11.55,11.55,0.0,101604,2011,2011-01,Friday,4,15,True
101605,P107,Photo Frame,5,2011-02-23 15:00:00,7.74,12059,France,False,False,False,38.7,38.7,0.0,101605,2011,2011-02,Wednesday,2,15,True
101606,P110,Gift Wrap,9,2011-11-07 18:00:00,2.36,12039,United Kingdom,False,False,False,21.24,21.24,0.0,101606,2011,2011-11,Monday,0,18,True
101606,P100,Gift Box,7,2011-11-07 18:00:00,4.35,12039,France,False,False,False,30.449999999999996,30.449999999999996,0.0,101606,2011,2011-11,Monday,0,18,True
101606,P106,Glass Jar,2,2011-11-07 18:00:00,5.46,12039,Germany,False,False,False,10.92,10.92,0.0,101606,2011,2011-11,Monday,0,18,True
101607,P106,Glass Jar,1,2011-06-06 12:00:00,6.16,12024,Netherlands,False,False,False,6.16,6.16,0.0,101607,2011,2011-06,Monday,0,12,True
101607,P109,Desk Organizer,1,2011-06-06 12:00:00,12.01,12024,United Kingdom,False,False,False,12.01,12.01,0.0,101607,2011,2011-06,Monday,0,12,True
101607,P103,Wall Clock,4,2011-06-06 12:00:00,14.02,12024,India,False,False,False,56.08,56.08,0.0,101607,2011,2011-06,Monday,0,12,True
101608,P108,Tea Set,2,2011-10-26 17:00:00,19.99,12651,Spain,False,False,False,39.98,39.98,0.0,101608,2011,2011-10,Wednesday,2,17,True
101608,P111,Serving Bowl,2,2011-10-26 17:00:00,16.66,12651,Spain,False,False,False,33.32,33.32,0.0,101608,2011,2011-10,Wednesday,2,17,True
101609,P105,Tote Bag,6,2011-03-03 18:00:00,5.94,12363,Germany,False,False,False,35.64,35.64,0.0,101609,2011,2011-03,Thursday,3,18,True
101609,P110,Gift Wrap,2,2011-03-03 18:00:00,2.35,12363,Netherlands,False,False,False,4.7,4.7,0.0,101609,2011,2011-03,Thursday,3,18,True
101610,P110,Gift Wrap,10,2010-12-08 08:00:00,2.4,12019,India,False,False,False,24.0,24.0,0.0,101610,2010,2010-12,Wednesday,2,8,True
101611,P102,Notebook,3,2011-06-11 09:00:00,3.54,12260,Australia,False,False,False,10.620000000000001,10.620000000000001,0.0,101611,2011,2011-06,Saturday,5,9,True
101611,P103,Wall Clock,4,2011-06-11 09:00:00,11.58,12260,Netherlands,False,False,False,46.32,46.32,0.0,101611,2011,2011-06,Saturday,5,9,True
101611,P110,Gift Wrap,6,2011-06-11 09:00:00,2.53,12260,India,False,False,False,15.18,15.18,0.0,101611,2011,2011-06,Saturday,5,9,True
101611,P106,Glass Jar,2,2011-06-11 09:00:00,6.15,12260,Netherlands,False,False,False,12.3,12.3,0.0,101611,2011,2011-06,Saturday,5,9,True
101612,P109,Desk Organizer,3,2011-01-20 12:00:00,10.67,12294,United Kingdom,False,False,False,32.01,32.01,0.0,101612,2011,2011-01,Thursday,3,12,True
101613,P111,Serving Bowl,12,2011-05-27 13:00:00,13.36,12454,Spain,False,False,False,160.32,160.32,0.0,101613,2011,2011-05,Friday,4,13,True
101613,P101,Ceramic Mug,5,2011-05-27 13:00:00,6.61,12454,Germany,False,False,False,33.050000000000004,33.050000000000004,0.0,101613,2011,2011-05,Friday,4,13,True
101613,P100,Gift Box,4,2011-05-27 13:00:00,4.5,12454,Australia,False,False,False,18.0,18.0,0.0,101613,2011,2011-05,Friday,4,13,True
101614,P101,Ceramic Mug,4,2011-07-13 14:00:00,7.51,12006,India,False,False,False,30.04,30.04,0.0,101614,2011,2011-07,Wednesday,2,14,True
101614,P105,Tote Bag,9,2011-07-13 14:00:00,7.26,12006,Australia,False,False,False,65.34,65.34,0.0,101614,2011,2011-07,Wednesday,2,14,True
101615,P108,Tea Set,7,2011-07-02 13:00:00,18.36,12096,Germany,False,False,False,128.51999999999998,128.51999999999998,0.0,101615,2011,2011-07,Saturday,5,13,True
101615,P104,Candle Set,5,2011-07-02 13:00:00,9.37,12096,India,False,False,False,46.849999999999994,46.849999999999994,0.0,101615,2011,2011-07,Saturday,5,13,True
101616,P105,Tote Bag,1,2010-12-16 11:00:00,6.09,12186,India,False,False,False,6.09,6.09,0.0,101616,2010,2010-12,Thursday,3,11,True
101616,P103,Wall Clock,1,2010-12-16 11:00:00,12.52,12186,India,False,False,False,12.52,12.52,0.0,101616,2010,2010-12,Thursday,3,11,True
101616,P100,Gift Box,5,2010-12-16 11:00:00,4.65,12186,France,False,False,False,23.25,23.25,0.0,101616,2010,2010-12,Thursday,3,11,True
101617,P105,Tote Bag,1,2011-01-13 14:00:00,6.11,12026,Spain,False,False,False,6.11,6.11,0.0,101617,2011,2011-01,Thursday,3,14,True
101618,P110,Gift Wrap,3,2011-10-26 16:00:00,2.33,12029,Germany,False,False,False,6.99,6.99,0.0,101618,2011,2011-10,Wednesday,2,16,True
101619,P106,Glass Jar,6,2011-07-05 13:00:00,5.61,12171,France,False,False,False,33.660000000000004,33.660000000000004,0.0,101619,2011,2011-07,Tuesday,1,13,True
101620,P109,Desk Organizer,4,2011-07-07 17:00:00,11.16,12580,Germany,False,False,False,44.64,44.64,0.0,101620,2011,2011-07,Thursday,3,17,True
101620,P101,Ceramic Mug,1,2011-07-07 17:00:00,8.23,12580,Netherlands,False,False,False,8.23,8.23,0.0,101620,2011,2011-07,Thursday,3,17,True
101620,P104,Candle Set,2,2011-07-07 17:00:00,9.34,12580,Netherlands,False,False,False,18.68,18.68,0.0,101620,2011,2011-07,Thursday,3,17,True
101620,P110,Gift Wrap,5,2011-07-07 17:00:00,2.28,12580,United Kingdom,False,False,False,11.399999999999999,11.399999999999999,0.0,101620,2011,2011-07,Thursday,3,17,True
101621,P105,Tote Bag,1,2011-01-26 12:00:00,6.37,12214,India,False,False,False,6.37,6.37,0.0,101621,2011,2011-01,Wednesday,2,12,True
101622,P106,Glass Jar,11,2011-10-18 17:00:00,6.08,12516,India,False,False,False,66.88,66.88,0.0,101622,2011,2011-10,Tuesday,1,17,True
101623,P101,Ceramic Mug,4,2011-03-17 18:00:00,7.33,12217,Netherlands,False,False,False,29.32,29.32,0.0,101623,2011,2011-03,Thursday,3,18,True
101623,P110,Gift Wrap,1,2011-03-17 18:00:00,2.68,12217,United Kingdom,False,False,False,2.68,2.68,0.0,101623,2011,2011-03,Thursday,3,18,True
101623,P111,Serving Bowl,1,2011-03-17 18:00:00,13.95,12217,United Kingdom,False,False,False,13.95,13.95,0.0,101623,2011,2011-03,Thursday,3,18,True
101624,P101,Ceramic Mug,4,2011-02-24 18:00:00,6.82,12311,Spain,False,False,False,27.28,27.28,0.0,101624,2011,2011-02,Thursday,3,18,True
101624,P104,Candle Set,17,2011-02-24 18:00:00,11.02,12311,India,False,False,False,187.34,187.34,0.0,101624,2011,2011-02,Thursday,3,18,True
101625,P108,Tea Set,5,2011-02-04 19:00:00,18.01,12523,Spain,False,False,False,90.05000000000001,90.05000000000001,0.0,101625,2011,2011-02,Friday,4,19,True
101625,P106,Glass Jar,6,2011-02-04 19:00:00,6.18,12523,United Kingdom,False,False,False,37.08,37.08,0.0,101625,2011,2011-02,Friday,4,19,True
101625,P109,Desk Organizer,5,2011-02-04 19:00:00,10.57,12523,Germany,False,False,False,52.85,52.85,0.0,101625,2011,2011-02,Friday,4,19,True
101625,P103,Wall Clock,2,2011-02-04 19:00:00,14.23,12523,Australia,False,False,False,28.46,28.46,0.0,101625,2011,2011-02,Friday,4,19,True
101626,P109,Desk Organizer,12,2011-08-10 19:00:00,9.99,12143,India,False,False,False,119.88,119.88,0.0,101626,2011,2011-08,Wednesday,2,19,True
101626,P100,Gift Box,13,2011-08-10 19:00:00,5.12,12143,India,False,False,False,66.56,66.56,0.0,101626,2011,2011-08,Wednesday,2,19,True
101626,P111,Serving Bowl,27,2011-08-10 19:00:00,15.93,12143,India,False,False,False,430.11,430.11,0.0,101626,2011,2011-08,Wednesday,2,19,True
101627,P103,Wall Clock,1,2011-05-28 14:00:00,14.04,12628,France,False,False,False,14.04,14.04,0.0,101627,2011,2011-05,Saturday,5,14,True
101627,P109,Desk Organizer,4,2011-05-28 14:00:00,12.41,12628,United Kingdom,False,False,False,49.64,49.64,0.0,101627,2011,2011-05,Saturday,5,14,True
101627,P108,Tea Set,10,2011-05-28 14:00:00,19.85,12628,Australia,False,False,False,198.5,198.5,0.0,101627,2011,2011-05,Saturday,5,14,True
101628,P111,Serving Bowl,5,2011-01-14 19:00:00,14.34,12078,Spain,False,False,False,71.7,71.7,0.0,101628,2011,2011-01,Friday,4,19,True
101628,P102,Notebook,15,2011-01-14 19:00:00,4.36,12078,Germany,False,False,False,65.4,65.4,0.0,101628,2011,2011-01,Friday,4,19,True
101629,P100,Gift Box,7,2011-07-09 12:00:00,4.54,12082,France,False,False,False,31.78,31.78,0.0,101629,2011,2011-07,Saturday,5,12,True
101629,P111,Serving Bowl,4,2011-07-09 12:00:00,15.86,12082,France,False,False,False,63.44,63.44,0.0,101629,2011,2011-07,Saturday,5,12,True
101629,P104,Candle Set,5,2011-07-09 12:00:00,9.44,12082,Netherlands,False,False,False,47.199999999999996,47.199999999999996,0.0,101629,2011,2011-07,Saturday,5,12,True
101629,P101,Ceramic Mug,2,2011-07-09 12:00:00,7.46,12082,France,False,False,False,14.92,14.92,0.0,101629,2011,2011-07,Saturday,5,12,True
101630,P105,Tote Bag,1,2011-09-12 17:00:00,6.09,12223,France,False,False,False,6.09,6.09,0.0,101630,2011,2011-09,Monday,0,17,True
101630,P109,Desk Organizer,5,2011-09-12 17:00:00,12.05,12223,Germany,False,False,False,60.25,60.25,0.0,101630,2011,2011-09,Monday,0,17,True
101630,P102,Notebook,1,2011-09-12 17:00:00,4.13,12223,Spain,False,False,False,4.13,4.13,0.0,101630,2011,2011-09,Monday,0,17,True
101631,P106,Glass Jar,4,2011-01-12 19:00:00,5.65,12228,India,False,False,False,22.6,22.6,0.0,101631,2011,2011-01,Wednesday,2,19,True
101631,P103,Wall Clock,7,2011-01-12 19:00:00,13.75,12228,Netherlands,False,False,False,96.25,96.25,0.0,101631,2011,2011-01,Wednesday,2,19,True
101631,P111,Serving Bowl,1,2011-01-12 19:00:00,15.06,12228,United Kingdom,False,False,False,15.06,15.06,0.0,101631,2011,2011-01,Wednesday,2,19,True
101632,P105,Tote Bag,11,2011-01-02 12:00:00,5.92,12039,India,False,False,False,65.12,65.12,0.0,101632,2011,2011-01,Sunday,6,12,True
101632,P102,Notebook,5,2011-01-02 12:00:00,3.84,12039,Australia,False,False,False,19.2,19.2,0.0,101632,2011,2011-01,Sunday,6,12,True
101632,P108,Tea Set,6,2011-01-02 12:00:00,20.06,12039,United Kingdom,False,False,False,120.35999999999999,120.35999999999999,0.0,101632,2011,2011-01,Sunday,6,12,True
101632,P101,Ceramic Mug,15,2011-01-02 12:00:00,8.26,12039,Netherlands,False,False,False,123.89999999999999,123.89999999999999,0.0,101632,2011,2011-01,Sunday,6,12,True
101633,P108,Tea Set,1,2011-05-15 16:00:00,20.27,12277,Spain,False,False,False,20.27,20.27,0.0,101633,2011,2011-05,Sunday,6,16,True
101633,P109,Desk Organizer,3,2011-05-15 16:00:00,10.57,12277,Spain,False,False,False,31.71,31.71,0.0,101633,2011,2011-05,Sunday,6,16,True
101633,P102,Notebook,11,2011-05-15 16:00:00,3.58,12277,India,False,False,False,39.38,39.38,0.0,101633,2011,2011-05,Sunday,6,16,True
101633,P106,Glass Jar,5,2011-05-15 16:00:00,6.14,12277,Germany,False,False,False,30.7,30.7,0.0,101633,2011,2011-05,Sunday,6,16,True
101634,P101,Ceramic Mug,3,2011-10-22 10:00:00,7.38,12096,India,False,False,False,22.14,22.14,0.0,101634,2011,2011-10,Saturday,5,10,True
101634,P109,Desk Organizer,1,2011-10-22 10:00:00,12.07,12096,Spain,False,False,False,12.07,12.07,0.0,101634,2011,2011-10,Saturday,5,10,True
101634,P106,Glass Jar,5,2011-10-22 10:00:00,5.89,12096,France,False,False,False,29.45,29.45,0.0,101634,2011,2011-10,Saturday,5,10,True
101635,P111,Serving Bowl,6,2011-01-26 14:00:00,13.8,12455,Spain,False,False,False,82.80000000000001,82.80000000000001,0.0,101635,2011,2011-01,Wednesday,2,14,True
101635,P103,Wall Clock,3,2011-01-26 14:00:00,12.69,12455,Australia,False,False,False,38.07,38.07,0.0,101635,2011,2011-01,Wednesday,2,14,True
101635,P108,Tea Set,3,2011-01-26 14:00:00,18.41,12455,Australia,False,False,False,55.230000000000004,55.230000000000004,0.0,101635,2011,2011-01,Wednesday,2,14,True
101636,P109,Desk Organizer,11,2011-08-03 19:00:00,12.47,12009,Australia,False,False,False,137.17000000000002,137.17000000000002,0.0,101636,2011,2011-08,Wednesday,2,19,True
101637,P106,Glass Jar,3,2011-09-23 17:00:00,5.58,12029,Spain,False,False,False,16.740000000000002,16.740000000000002,0.0,101637,2011,2011-09,Friday,4,17,True
101638,P107,Photo Frame,4,2011-02-09 13:00:00,8.69,12036,France,False,False,False,34.76,34.76,0.0,101638,2011,2011-02,Wednesday,2,13,True
101639,P108,Tea Set,1,2011-05-18 09:00:00,17.4,12601,India,False,False,False,17.4,17.4,0.0,101639,2011,2011-05,Wednesday,2,9,True
101640,P103,Wall Clock,2,2011-10-04 11:00:00,12.93,12663,Spain,False,False,False,25.86,25.86,0.0,101640,2011,2011-10,Tuesday,1,11,True
101641,P111,Serving Bowl,6,2010-12-08 10:00:00,15.0,12094,France,False,False,False,90.0,90.0,0.0,101641,2010,2010-12,Wednesday,2,10,True
101642,P102,Notebook,4,2011-04-28 10:00:00,3.56,12474,Netherlands,False,False,False,14.24,14.24,0.0,101642,2011,2011-04,Thursday,3,10,True
101643,P104,Candle Set,7,2010-12-05 18:00:00,11.34,12282,France,False,False,False,79.38,79.38,0.0,101643,2010,2010-12,Sunday,6,18,True
101643,P107,Photo Frame,1,2010-12-05 18:00:00,9.0,12282,Spain,False,False,False,9.0,9.0,0.0,101643,2010,2010-12,Sunday,6,18,True
101643,P105,Tote Bag,6,2010-12-05 18:00:00,6.15,12282,United Kingdom,False,False,False,36.900000000000006,36.900000000000006,0.0,101643,2010,2010-12,Sunday,6,18,True
101644,P107,Photo Frame,1,2011-10-08 14:00:00,8.86,12026,Australia,False,False,False,8.86,8.86,0.0,101644,2011,2011-10,Saturday,5,14,True
101645,P107,Photo Frame,1,2011-02-28 15:00:00,8.67,12651,India,False,False,False,8.67,8.67,0.0,101645,2011,2011-02,Monday,0,15,True
101646,P108,Tea Set,1,2011-01-15 13:00:00,19.87,12053,United Kingdom,False,False,False,19.87,19.87,0.0,101646,2011,2011-01,Saturday,5,13,True
101646,P105,Tote Bag,1,2011-01-15 13:00:00,5.89,12053,Spain,False,False,False,5.89,5.89,0.0,101646,2011,2011-01,Saturday,5,13,True
101646,P101,Ceramic Mug,1,2011-01-15 13:00:00,7.2,12053,France,False,False,False,7.2,7.2,0.0,101646,2011,2011-01,Saturday,5,13,True
101647,P103,Wall Clock,2,2011-11-25 12:00:00,12.9,12504,United Kingdom,False,False,False,25.8,25.8,0.0,101647,2011,2011-11,Friday,4,12,True
101648,P108,Tea Set,6,2011-09-13 08:00:00,17.71,12018,Netherlands,False,False,False,106.26,106.26,0.0,101648,2011,2011-09,Tuesday,1,8,True
101648,P101,Ceramic Mug,3,2011-09-13 08:00:00,7.36,12018,France,False,False,False,22.080000000000002,22.080000000000002,0.0,101648,2011,2011-09,Tuesday,1,8,True
101648,P100,Gift Box,1,2011-09-13 08:00:00,4.08,12018,Germany,False,False,False,4.08,4.08,0.0,101648,2011,2011-09,Tuesday,1,8,True
101649,P109,Desk Organizer,2,2011-08-06 16:00:00,11.64,12340,Australia,False,False,False,23.28,23.28,0.0,101649,2011,2011-08,Saturday,5,16,True
101649,P101,Ceramic Mug,10,2011-08-06 16:00:00,7.4,12340,Germany,False,False,False,74.0,74.0,0.0,101649,2011,2011-08,Saturday,5,16,True
101649,P110,Gift Wrap,9,2011-08-06 16:00:00,2.44,12340,India,False,False,False,21.96,21.96,0.0,101649,2011,2011-08,Saturday,5,16,True
101650,P111,Serving Bowl,6,2011-04-20 08:00:00,13.72,12006,India,False,False,False,82.32000000000001,82.32000000000001,0.0,101650,2011,2011-04,Wednesday,2,8,True
101651,P111,Serving Bowl,6,2011-04-16 10:00:00,14.82,12071,Australia,False,False,False,88.92,88.92,0.0,101651,2011,2011-04,Saturday,5,10,True
101651,P105,Tote Bag,10,2011-04-16 10:00:00,6.59,12071,Netherlands,False,False,False,65.9,65.9,0.0,101651,2011,2011-04,Saturday,5,10,True
101651,P109,Desk Organizer,2,2011-04-16 10:00:00,10.71,12071,Australia,False,False,False,21.42,21.42,0.0,101651,2011,2011-04,Saturday,5,10,True
101651,P104,Candle Set,3,2011-04-16 10:00:00,9.11,12071,Germany,False,False,False,27.33,27.33,0.0,101651,2011,2011-04,Saturday,5,10,True
101652,P110,Gift Wrap,9,2011-04-03 11:00:00,2.71,12058,Germany,False,False,False,24.39,24.39,0.0,101652,2011,2011-04,Sunday,6,11,True
101652,P101,Ceramic Mug,6,2011-04-03 11:00:00,7.94,12058,Australia,False,False,False,47.64,47.64,0.0,101652,2011,2011-04,Sunday,6,11,True
101652,P103,Wall Clock,4,2011-04-03 11:00:00,12.17,12058,Netherlands,False,False,False,48.68,48.68,0.0,101652,2011,2011-04,Sunday,6,11,True
101653,P106,Glass Jar,2,2011-05-30 10:00:00,5.51,12118,Germany,False,False,False,11.02,11.02,0.0,101653,2011,2011-05,Monday,0,10,True
101653,P101,Ceramic Mug,7,2011-05-30 10:00:00,7.78,12118,India,False,False,False,54.46,54.46,0.0,101653,2011,2011-05,Monday,0,10,True
101653,P105,Tote Bag,1,2011-05-30 10:00:00,6.83,12118,Netherlands,False,False,False,6.83,6.83,0.0,101653,2011,2011-05,Monday,0,10,True
101653,P111,Serving Bowl,1,2011-05-30 10:00:00,13.5,12118,Australia,False,False,False,13.5,13.5,0.0,101653,2011,2011-05,Monday,0,10,True
101654,P105,Tote Bag,1,2011-09-29 11:00:00,6.03,12542,Netherlands,False,False,False,6.03,6.03,0.0,101654,2011,2011-09,Thursday,3,11,True
101655,P100,Gift Box,1,2011-02-12 09:00:00,4.37,12515,Germany,False,False,False,4.37,4.37,0.0,101655,2011,2011-02,Saturday,5,9,True
101655,P110,Gift Wrap,2,2011-02-12 09:00:00,2.23,12515,Germany,False,False,False,4.46,4.46,0.0,101655,2011,2011-02,Saturday,5,9,True
101655,P108,Tea Set,1,2011-02-12 09:00:00,19.01,12515,Spain,False,False,False,19.01,19.01,0.0,101655,2011,2011-02,Saturday,5,9,True
101656,P104,Candle Set,10,2010-12-17 17:00:00,9.01,12039,Australia,False,False,False,90.1,90.1,0.0,101656,2010,2010-12,Friday,4,17,True
101656,P102,Notebook,2,2010-12-17 17:00:00,3.85,12039,Germany,False,False,False,7.7,7.7,0.0,101656,2010,2010-12,Friday,4,17,True
101656,P100,Gift Box,5,2010-12-17 17:00:00,4.68,12039,India,False,False,False,23.4,23.4,0.0,101656,2010,2010-12,Friday,4,17,True
101656,P110,Gift Wrap,3,2010-12-17 17:00:00,2.21,12039,Netherlands,False,False,False,6.63,6.63,0.0,101656,2010,2010-12,Friday,4,17,True
101657,P100,Gift Box,5,2011-05-02 10:00:00,4.94,12197,France,False,False,False,24.700000000000003,24.700000000000003,0.0,101657,2011,2011-05,Monday,0,10,True
101658,P100,Gift Box,8,2011-11-03 10:00:00,4.19,12157,United Kingdom,False,False,False,33.52,33.52,0.0,101658,2011,2011-11,Thursday,3,10,True
101658,P101,Ceramic Mug,3,2011-11-03 10:00:00,7.45,12157,Australia,False,False,False,22.35,22.35,0.0,101658,2011,2011-11,Thursday,3,10,True
101659,P103,Wall Clock,3,2011-10-19 08:00:00,11.3,12639,Australia,False,False,False,33.900000000000006,33.900000000000006,0.0,101659,2011,2011-10,Wednesday,2,8,True
101660,P110,Gift Wrap,4,2011-02-25 16:00:00,2.16,12263,Australia,False,False,False,8.64,8.64,0.0,101660,2011,2011-02,Friday,4,16,True
101660,P104,Candle Set,15,2011-02-25 16:00:00,9.27,12263,United Kingdom,False,False,False,139.04999999999998,139.04999999999998,0.0,101660,2011,2011-02,Friday,4,16,True
101660,P107,Photo Frame,1,2011-02-25 16:00:00,8.82,12263,India,False,False,False,8.82,8.82,0.0,101660,2011,2011-02,Friday,4,16,True
101660,P109,Desk Organizer,1,2011-02-25 16:00:00,12.48,12263,United Kingdom,False,False,False,12.48,12.48,0.0,101660,2011,2011-02,Friday,4,16,True
101661,P110,Gift Wrap,4,2011-08-27 12:00:00,2.18,12692,Germany,False,False,False,8.72,8.72,0.0,101661,2011,2011-08,Saturday,5,12,True
101661,P111,Serving Bowl,1,2011-08-27 12:00:00,13.69,12692,India,False,False,False,13.69,13.69,0.0,101661,2011,2011-08,Saturday,5,12,True
101662,P106,Glass Jar,1,2011-03-13 19:00:00,6.21,12310,United Kingdom,False,False,False,6.21,6.21,0.0,101662,2011,2011-03,Sunday,6,19,True
101663,P109,Desk Organizer,4,2010-12-21 09:00:00,9.92,12066,Netherlands,False,False,False,39.68,39.68,0.0,101663,2010,2010-12,Tuesday,1,9,True
101663,P102,Notebook,16,2010-12-21 09:00:00,4.01,12066,Australia,False,False,False,64.16,64.16,0.0,101663,2010,2010-12,Tuesday,1,9,True
101664,P108,Tea Set,5,2011-03-21 09:00:00,18.55,12032,Spain,False,False,False,92.75,92.75,0.0,101664,2011,2011-03,Monday,0,9,True
101664,P107,Photo Frame,4,2011-03-21 09:00:00,8.81,12032,India,False,False,False,35.24,35.24,0.0,101664,2011,2011-03,Monday,0,9,True
101665,P109,Desk Organizer,3,2010-12-20 17:00:00,12.04,12007,United Kingdom,False,False,False,36.12,36.12,0.0,101665,2010,2010-12,Monday,0,17,True
101665,P107,Photo Frame,1,2010-12-20 17:00:00,7.99,12007,Germany,False,False,False,7.99,7.99,0.0,101665,2010,2010-12,Monday,0,17,True
101665,P101,Ceramic Mug,3,2010-12-20 17:00:00,6.55,12007,United Kingdom,False,False,False,19.65,19.65,0.0,101665,2010,2010-12,Monday,0,17,True
101665,P102,Notebook,2,2010-12-20 17:00:00,4.1,12007,Germany,False,False,False,8.2,8.2,0.0,101665,2010,2010-12,Monday,0,17,True
101666,P104,Candle Set,1,2011-04-12 19:00:00,10.55,12005,France,False,False,False,10.55,10.55,0.0,101666,2011,2011-04,Tuesday,1,19,True
101666,P102,Notebook,4,2011-04-12 19:00:00,3.84,12005,India,False,False,False,15.36,15.36,0.0,101666,2011,2011-04,Tuesday,1,19,True
101666,P106,Glass Jar,12,2011-04-12 19:00:00,5.26,12005,Netherlands,False,False,False,63.12,63.12,0.0,101666,2011,2011-04,Tuesday,1,19,True
101666,P100,Gift Box,3,2011-04-12 19:00:00,4.42,12005,Spain,False,False,False,13.26,13.26,0.0,101666,2011,2011-04,Tuesday,1,19,True
101667,P106,Glass Jar,3,2011-05-26 16:00:00,5.85,12639,Australia,False,False,False,17.549999999999997,17.549999999999997,0.0,101667,2011,2011-05,Thursday,3,16,True
101667,P102,Notebook,1,2011-05-26 16:00:00,3.46,12639,Australia,False,False,False,3.46,3.46,0.0,101667,2011,2011-05,Thursday,3,16,True
101668,P110,Gift Wrap,4,2011-02-13 14:00:00,2.32,12024,Spain,False,False,False,9.28,9.28,0.0,101668,2011,2011-02,Sunday,6,14,True
101668,P109,Desk Organizer,4,2011-02-13 14:00:00,10.51,12024,France,False,False,False,42.04,42.04,0.0,101668,2011,2011-02,Sunday,6,14,True
101668,P108,Tea Set,4,2011-02-13 14:00:00,17.18,12024,Australia,False,False,False,68.72,68.72,0.0,101668,2011,2011-02,Sunday,6,14,True
101668,P105,Tote Bag,9,2011-02-13 14:00:00,5.95,12024,Australia,False,False,False,53.550000000000004,53.550000000000004,0.0,101668,2011,2011-02,Sunday,6,14,True
101669,P105,Tote Bag,6,2011-01-03 17:00:00,5.93,12682,United Kingdom,False,False,False,35.58,35.58,0.0,101669,2011,2011-01,Monday,0,17,True
101669,P108,Tea Set,6,2011-01-03 17:00:00,17.85,12682,India,False,False,False,107.10000000000001,107.10000000000001,0.0,101669,2011,2011-01,Monday,0,17,True
101669,P111,Serving Bowl,3,2011-01-03 17:00:00,16.05,12682,Spain,False,False,False,48.150000000000006,48.150000000000006,0.0,101669,2011,2011-01,Monday,0,17,True
101669,P110,Gift Wrap,2,2011-01-03 17:00:00,2.66,12682,Australia,False,False,False,5.32,5.32,0.0,101669,2011,2011-01,Monday,0,17,True
101670,P105,Tote Bag,2,2011-06-09 09:00:00,7.42,12021,Australia,False,False,False,14.84,14.84,0.0,101670,2011,2011-06,Thursday,3,9,True
101670,P107,Photo Frame,4,2011-06-09 09:00:00,9.29,12021,Australia,False,False,False,37.16,37.16,0.0,101670,2011,2011-06,Thursday,3,9,True
101671,P105,Tote Bag,6,2011-08-01 17:00:00,6.96,12365,Australia,False,False,False,41.76,41.76,0.0,101671,2011,2011-08,Monday,0,17,True
101672,P102,Notebook,9,2011-03-18 08:00:00,4.25,12345,Netherlands,False,False,False,38.25,38.25,0.0,101672,2011,2011-03,Friday,4,8,True
101672,P103,Wall Clock,1,2011-03-18 08:00:00,13.37,12345,Netherlands,False,False,False,13.37,13.37,0.0,101672,2011,2011-03,Friday,4,8,True
101672,P106,Glass Jar,1,2011-03-18 08:00:00,5.7,12345,Germany,False,False,False,5.7,5.7,0.0,101672,2011,2011-03,Friday,4,8,True
101672,P109,Desk Organizer,2,2011-03-18 08:00:00,10.81,12345,Netherlands,False,False,False,21.62,21.62,0.0,101672,2011,2011-03,Friday,4,8,True
101673,P102,Notebook,1,2011-02-22 15:00:00,3.65,12172,Australia,False,False,False,3.65,3.65,0.0,101673,2011,2011-02,Tuesday,1,15,True
101674,P110,Gift Wrap,1,2011-10-12 16:00:00,2.49,12562,Netherlands,False,False,False,2.49,2.49,0.0,101674,2011,2011-10,Wednesday,2,16,True
101674,P111,Serving Bowl,3,2011-10-12 16:00:00,14.19,12562,Germany,False,False,False,42.57,42.57,0.0,101674,2011,2011-10,Wednesday,2,16,True
101675,P108,Tea Set,5,2011-11-15 12:00:00,20.15,12391,United Kingdom,False,False,False,100.75,100.75,0.0,101675,2011,2011-11,Tuesday,1,12,True
101676,P102,Notebook,8,2011-03-02 14:00:00,3.53,12509,India,False,False,False,28.24,28.24,0.0,101676,2011,2011-03,Wednesday,2,14,True
101676,P100,Gift Box,3,2011-03-02 14:00:00,4.37,12509,Spain,False,False,False,13.11,13.11,0.0,101676,2011,2011-03,Wednesday,2,14,True
101676,P103,Wall Clock,3,2011-03-02 14:00:00,13.89,12509,United Kingdom,False,False,False,41.67,41.67,0.0,101676,2011,2011-03,Wednesday,2,14,True
101677,P110,Gift Wrap,1,2011-08-09 15:00:00,2.19,12163,Germany,False,False,False,2.19,2.19,0.0,101677,2011,2011-08,Tuesday,1,15,True
101677,P103,Wall Clock,3,2011-08-09 15:00:00,13.84,12163,France,False,False,False,41.519999999999996,41.519999999999996,0.0,101677,2011,2011-08,Tuesday,1,15,True
101677,P111,Serving Bowl,4,2011-08-09 15:00:00,15.05,12163,Spain,False,False,False,60.2,60.2,0.0,101677,2011,2011-08,Tuesday,1,15,True
101678,P107,Photo Frame,2,2011-01-26 17:00:00,7.94,12454,Spain,False,False,False,15.88,15.88,0.0,101678,2011,2011-01,Wednesday,2,17,True
101679,P110,Gift Wrap,3,2011-08-24 14:00:00,2.58,12171,India,False,False,False,7.74,7.74,0.0,101679,2011,2011-08,Wednesday,2,14,True
101679,P107,Photo Frame,1,2011-08-24 14:00:00,9.05,12171,United Kingdom,False,False,False,9.05,9.05,0.0,101679,2011,2011-08,Wednesday,2,14,True
101679,P106,Glass Jar,8,2011-08-24 14:00:00,5.27,12171,Spain,False,False,False,42.16,42.16,0.0,101679,2011,2011-08,Wednesday,2,14,True
101680,P103,Wall Clock,2,2011-09-03 19:00:00,12.57,12578,India,False,False,False,25.14,25.14,0.0,101680,2011,2011-09,Saturday,5,19,True
101681,P109,Desk Organizer,1,2010-12-21 14:00:00,12.34,12045,United Kingdom,False,False,False,12.34,12.34,0.0,101681,2010,2010-12,Tuesday,1,14,True
101682,P110,Gift Wrap,5,2011-07-12 08:00:00,2.33,12546,Australia,False,False,False,11.65,11.65,0.0,101682,2011,2011-07,Tuesday,1,8,True
101682,P104,Candle Set,13,2011-07-12 08:00:00,9.03,12546,Australia,False,False,False,117.38999999999999,117.38999999999999,0.0,101682,2011,2011-07,Tuesday,1,8,True
101683,P102,Notebook,2,2011-05-03 19:00:00,3.54,12010,United Kingdom,False,False,False,7.08,7.08,0.0,101683,2011,2011-05,Tuesday,1,19,True
101683,P111,Serving Bowl,1,2011-05-03 19:00:00,14.33,12010,Germany,False,False,False,14.33,14.33,0.0,101683,2011,2011-05,Tuesday,1,19,True
101683,P106,Glass Jar,13,2011-05-03 19:00:00,6.13,12010,India,False,False,False,79.69,79.69,0.0,101683,2011,2011-05,Tuesday,1,19,True
101683,P110,Gift Wrap,5,2011-05-03 19:00:00,2.17,12010,Germany,False,False,False,10.85,10.85,0.0,101683,2011,2011-05,Tuesday,1,19,True
101684,P106,Glass Jar,5,2011-12-03 16:00:00,5.0,12362,United Kingdom,False,False,False,25.0,25.0,0.0,101684,2011,2011-12,Saturday,5,16,True
101684,P105,Tote Bag,3,2011-12-03 16:00:00,6.0,12362,India,False,False,False,18.0,18.0,0.0,101684,2011,2011-12,Saturday,5,16,True
101684,P102,Notebook,4,2011-12-03 16:00:00,4.09,12362,United Kingdom,False,False,False,16.36,16.36,0.0,101684,2011,2011-12,Saturday,5,16,True
101685,P111,Serving Bowl,3,2011-09-29 15:00:00,15.38,12225,United Kingdom,False,False,False,46.14,46.14,0.0,101685,2011,2011-09,Thursday,3,15,True
101685,P104,Candle Set,1,2011-09-29 15:00:00,9.21,12225,Spain,False,False,False,9.21,9.21,0.0,101685,2011,2011-09,Thursday,3,15,True
101685,P105,Tote Bag,4,2011-09-29 15:00:00,7.1,12225,India,False,False,False,28.4,28.4,0.0,101685,2011,2011-09,Thursday,3,15,True
101686,P106,Glass Jar,6,2011-08-14 16:00:00,5.41,12000,France,False,False,False,32.46,32.46,0.0,101686,2011,2011-08,Sunday,6,16,True
101686,P104,Candle Set,5,2011-08-14 16:00:00,9.13,12000,Netherlands,False,False,False,45.650000000000006,45.650000000000006,0.0,101686,2011,2011-08,Sunday,6,16,True
101686,P100,Gift Box,3,2011-08-14 16:00:00,4.6,12000,Spain,False,False,False,13.799999999999999,13.799999999999999,0.0,101686,2011,2011-08,Sunday,6,16,True
101686,P111,Serving Bowl,1,2011-08-14 16:00:00,15.82,12000,Spain,False,False,False,15.82,15.82,0.0,101686,2011,2011-08,Sunday,6,16,True
101687,P107,Photo Frame,8,2011-05-08 08:00:00,8.34,12663,France,False,False,False,66.72,66.72,0.0,101687,2011,2011-05,Sunday,6,8,True
101687,P109,Desk Organizer,3,2011-05-08 08:00:00,10.34,12663,Australia,False,False,False,31.02,31.02,0.0,101687,2011,2011-05,Sunday,6,8,True
101688,P109,Desk Organizer,2,2011-12-01 15:00:00,11.51,12364,Spain,False,False,False,23.02,23.02,0.0,101688,2011,2011-12,Thursday,3,15,True
101689,P108,Tea Set,3,2011-07-17 10:00:00,19.82,12014,Germany,False,False,False,59.46,59.46,0.0,101689,2011,2011-07,Sunday,6,10,True
101689,P101,Ceramic Mug,2,2011-07-17 10:00:00,7.87,12014,France,False,False,False,15.74,15.74,0.0,101689,2011,2011-07,Sunday,6,10,True
101690,P109,Desk Organizer,1,2011-06-12 11:00:00,10.71,12683,Australia,False,False,False,10.71,10.71,0.0,101690,2011,2011-06,Sunday,6,11,True
101691,P110,Gift Wrap,2,2011-08-28 08:00:00,2.52,12066,Australia,False,False,False,5.04,5.04,0.0,101691,2011,2011-08,Sunday,6,8,True
101692,P100,Gift Box,5,2011-08-14 17:00:00,5.11,12245,Spain,False,False,False,25.55,25.55,0.0,101692,2011,2011-08,Sunday,6,17,True
101693,P105,Tote Bag,2,2011-04-25 16:00:00,6.24,12676,Netherlands,False,False,False,12.48,12.48,0.0,101693,2011,2011-04,Monday,0,16,True
101693,P109,Desk Organizer,1,2011-04-25 16:00:00,11.25,12676,Australia,False,False,False,11.25,11.25,0.0,101693,2011,2011-04,Monday,0,16,True
101693,P104,Candle Set,3,2011-04-25 16:00:00,10.84,12676,Germany,False,False,False,32.519999999999996,32.519999999999996,0.0,101693,2011,2011-04,Monday,0,16,True
101693,P101,Ceramic Mug,12,2011-04-25 16:00:00,7.96,12676,Germany,False,False,False,95.52,95.52,0.0,101693,2011,2011-04,Monday,0,16,True
101694,P104,Candle Set,3,2010-12-02 11:00:00,8.96,12537,Australia,False,False,False,26.880000000000003,26.880000000000003,0.0,101694,2010,2010-12,Thursday,3,11,True
101695,P102,Notebook,2,2011-05-21 17:00:00,3.79,12254,Netherlands,False,False,False,7.58,7.58,0.0,101695,2011,2011-05,Saturday,5,17,True
101695,P103,Wall Clock,3,2011-05-21 17:00:00,12.99,12254,United Kingdom,False,False,False,38.97,38.97,0.0,101695,2011,2011-05,Saturday,5,17,True
101695,P104,Candle Set,2,2011-05-21 17:00:00,10.46,12254,Spain,False,False,False,20.92,20.92,0.0,101695,2011,2011-05,Saturday,5,17,True
101695,P100,Gift Box,3,2011-05-21 17:00:00,4.68,12254,Germany,False,False,False,14.04,14.04,0.0,101695,2011,2011-05,Saturday,5,17,True
101696,P102,Notebook,1,2011-08-07 19:00:00,4.24,12048,India,False,False,False,4.24,4.24,0.0,101696,2011,2011-08,Sunday,6,19,True
101696,P107,Photo Frame,8,2011-08-07 19:00:00,8.3,12048,Spain,False,False,False,66.4,66.4,0.0,101696,2011,2011-08,Sunday,6,19,True
101696,P105,Tote Bag,2,2011-08-07 19:00:00,6.79,12048,Germany,False,False,False,13.58,13.58,0.0,101696,2011,2011-08,Sunday,6,19,True
101697,P111,Serving Bowl,3,2010-12-02 17:00:00,14.78,12032,United Kingdom,False,False,False,44.339999999999996,44.339999999999996,0.0,101697,2010,2010-12,Thursday,3,17,True
101698,P103,Wall Clock,2,2011-04-18 10:00:00,12.31,12170,Germany,False,False,False,24.62,24.62,0.0,101698,2011,2011-04,Monday,0,10,True
101698,P104,Candle Set,3,2011-04-18 10:00:00,11.01,12170,France,False,False,False,33.03,33.03,0.0,101698,2011,2011-04,Monday,0,10,True
101698,P110,Gift Wrap,2,2011-04-18 10:00:00,2.73,12170,Spain,False,False,False,5.46,5.46,0.0,101698,2011,2011-04,Monday,0,10,True
101698,P108,Tea Set,1,2011-04-18 10:00:00,17.39,12170,France,False,False,False,17.39,17.39,0.0,101698,2011,2011-04,Monday,0,10,True
101699,P107,Photo Frame,1,2011-11-24 09:00:00,7.51,12053,France,False,False,False,7.51,7.51,0.0,101699,2011,2011-11,Thursday,3,9,True
101699,P105,Tote Bag,2,2011-11-24 09:00:00,7.01,12053,Germany,False,False,False,14.02,14.02,0.0,101699,2011,2011-11,Thursday,3,9,True
101699,P111,Serving Bowl,4,2011-11-24 09:00:00,14.63,12053,Spain,False,False,False,58.52,58.52,0.0,101699,2011,2011-11,Thursday,3,9,True
101699,P103,Wall Clock,1,2011-11-24 09:00:00,13.78,12053,India,False,False,False,13.78,13.78,0.0,101699,2011,2011-11,Thursday,3,9,True
101700,P106,Glass Jar,2,2011-09-26 15:00:00,5.34,12128,Netherlands,False,False,False,10.68,10.68,0.0,101700,2011,2011-09,Monday,0,15,True
101700,P103,Wall Clock,7,2011-09-26 15:00:00,13.05,12128,Germany,False,False,False,91.35000000000001,91.35000000000001,0.0,101700,2011,2011-09,Monday,0,15,True
101701,P106,Glass Jar,3,2011-09-19 16:00:00,6.24,12401,United Kingdom,False,False,False,18.72,18.72,0.0,101701,2011,2011-09,Monday,0,16,True
101701,P105,Tote Bag,6,2011-09-19 16:00:00,6.96,12401,United Kingdom,False,False,False,41.76,41.76,0.0,101701,2011,2011-09,Monday,0,16,True
101701,P110,Gift Wrap,1,2011-09-19 16:00:00,2.61,12401,France,False,False,False,2.61,2.61,0.0,101701,2011,2011-09,Monday,0,16,True
101701,P103,Wall Clock,2,2011-09-19 16:00:00,11.84,12401,France,False,False,False,23.68,23.68,0.0,101701,2011,2011-09,Monday,0,16,True
101702,P104,Candle Set,8,2011-05-01 11:00:00,10.74,12616,India,False,False,False,85.92,85.92,0.0,101702,2011,2011-05,Sunday,6,11,True
101703,P100,Gift Box,16,2011-11-06 18:00:00,4.14,12288,United Kingdom,False,False,False,66.24,66.24,0.0,101703,2011,2011-11,Sunday,6,18,True
101703,P105,Tote Bag,3,2011-11-06 18:00:00,6.78,12288,Spain,False,False,False,20.34,20.34,0.0,101703,2011,2011-11,Sunday,6,18,True
101704,P105,Tote Bag,7,2011-07-30 16:00:00,6.66,12195,Germany,False,False,False,46.620000000000005,46.620000000000005,0.0,101704,2011,2011-07,Saturday,5,16,True
101704,P109,Desk Organizer,1,2011-07-30 16:00:00,10.55,12195,Germany,False,False,False,10.55,10.55,0.0,101704,2011,2011-07,Saturday,5,16,True
101705,P110,Gift Wrap,10,2011-11-12 09:00:00,2.32,12057,Germany,False,False,False,23.2,23.2,0.0,101705,2011,2011-11,Saturday,5,9,True
101705,P104,Candle Set,96,2011-11-12 09:00:00,10.21,12057,United Kingdom,False,False,False,980.1600000000001,980.1600000000001,0.0,101705,2011,2011-11,Saturday,5,9,True
101705,P108,Tea Set,3,2011-11-12 09:00:00,18.5,12057,Germany,False,False,False,55.5,55.5,0.0,101705,2011,2011-11,Saturday,5,9,True
101705,P101,Ceramic Mug,1,2011-11-12 09:00:00,6.86,12057,France,False,False,False,6.86,6.86,0.0,101705,2011,2011-11,Saturday,5,9,True
101706,P104,Candle Set,5,2011-03-18 16:00:00,10.22,12546,Netherlands,False,False,False,51.1,51.1,0.0,101706,2011,2011-03,Friday,4,16,True
101706,P108,Tea Set,6,2011-03-18 16:00:00,17.8,12546,Germany,False,False,False,106.80000000000001,106.80000000000001,0.0,101706,2011,2011-03,Friday,4,16,True
101706,P103,Wall Clock,4,2011-03-18 16:00:00,14.31,12546,France,False,False,False,57.24,57.24,0.0,101706,2011,2011-03,Friday,4,16,True
101706,P102,Notebook,1,2011-03-18 16:00:00,3.5,12546,France,False,False,False,3.5,3.5,0.0,101706,2011,2011-03,Friday,4,16,True
101707,P100,Gift Box,4,2011-05-28 08:00:00,4.26,12059,Australia,False,False,False,17.04,17.04,0.0,101707,2011,2011-05,Saturday,5,8,True
101707,P109,Desk Organizer,1,2011-05-28 08:00:00,10.84,12059,India,False,False,False,10.84,10.84,0.0,101707,2011,2011-05,Saturday,5,8,True
101707,P104,Candle Set,3,2011-05-28 08:00:00,9.85,12059,United Kingdom,False,False,False,29.549999999999997,29.549999999999997,0.0,101707,2011,2011-05,Saturday,5,8,True
101707,P110,Gift Wrap,1,2011-05-28 08:00:00,2.69,12059,Spain,False,False,False,2.69,2.69,0.0,101707,2011,2011-05,Saturday,5,8,True
101708,P102,Notebook,1,2011-01-07 13:00:00,3.8,12025,India,False,False,False,3.8,3.8,0.0,101708,2011,2011-01,Friday,4,13,True
101708,P100,Gift Box,5,2011-01-07 13:00:00,5.08,12025,United Kingdom,False,False,False,25.4,25.4,0.0,101708,2011,2011-01,Friday,4,13,True
101708,P101,Ceramic Mug,10,2011-01-07 13:00:00,8.16,12025,United Kingdom,False,False,False,81.6,81.6,0.0,101708,2011,2011-01,Friday,4,13,True
101709,P102,Notebook,2,2011-10-24 12:00:00,4.29,12068,Netherlands,False,False,False,8.58,8.58,0.0,101709,2011,2011-10,Monday,0,12,True
101709,P110,Gift Wrap,3,2011-10-24 12:00:00,2.44,12068,Netherlands,False,False,False,7.32,7.32,0.0,101709,2011,2011-10,Monday,0,12,True
101710,P107,Photo Frame,2,2011-08-27 10:00:00,8.85,12222,France,False,False,False,17.7,17.7,0.0,101710,2011,2011-08,Saturday,5,10,True
101710,P102,Notebook,2,2011-08-27 10:00:00,3.87,12222,Spain,False,False,False,7.74,7.74,0.0,101710,2011,2011-08,Saturday,5,10,True
101711,P111,Serving Bowl,4,2010-12-11 19:00:00,13.6,12502,Australia,False,False,False,54.4,54.4,0.0,101711,2010,2010-12,Saturday,5,19,True
101711,P100,Gift Box,3,2010-12-11 19:00:00,4.32,12502,Netherlands,False,False,False,12.96,12.96,0.0,101711,2010,2010-12,Saturday,5,19,True
101711,P110,Gift Wrap,1,2010-12-11 19:00:00,2.56,12502,Australia,False,False,False,2.56,2.56,0.0,101711,2010,2010-12,Saturday,5,19,True
101712,P108,Tea Set,1,2011-10-07 16:00:00,17.7,12398,Netherlands,False,False,False,17.7,17.7,0.0,101712,2011,2011-10,Friday,4,16,True
101712,P106,Glass Jar,3,2011-10-07 16:00:00,6.09,12398,Germany,False,False,False,18.27,18.27,0.0,101712,2011,2011-10,Friday,4,16,True
101712,P104,Candle Set,3,2011-10-07 16:00:00,11.25,12398,United Kingdom,False,False,False,33.75,33.75,0.0,101712,2011,2011-10,Friday,4,16,True
101712,P109,Desk Organizer,1,2011-10-07 16:00:00,10.92,12398,Australia,False,False,False,10.92,10.92,0.0,101712,2011,2011-10,Friday,4,16,True
101713,P108,Tea Set,6,2011-03-29 16:00:00,20.27,12189,France,False,False,False,121.62,121.62,0.0,101713,2011,2011-03,Tuesday,1,16,True
101713,P107,Photo Frame,1,2011-03-29 16:00:00,7.62,12189,Spain,False,False,False,7.62,7.62,0.0,101713,2011,2011-03,Tuesday,1,16,True
101713,P106,Glass Jar,2,2011-03-29 16:00:00,5.54,12189,India,False,False,False,11.08,11.08,0.0,101713,2011,2011-03,Tuesday,1,16,True
101714,P102,Notebook,4,2011-05-20 19:00:00,3.48,12653,India,False,False,False,13.92,13.92,0.0,101714,2011,2011-05,Friday,4,19,True
101714,P100,Gift Box,2,2011-05-20 19:00:00,4.7,12653,France,False,False,False,9.4,9.4,0.0,101714,2011,2011-05,Friday,4,19,True
101715,P111,Serving Bowl,1,2011-01-08 15:00:00,14.85,12235,Germany,False,False,False,14.85,14.85,0.0,101715,2011,2011-01,Saturday,5,15,True
101715,P106,Glass Jar,3,2011-01-08 15:00:00,5.18,12235,France,False,False,False,15.54,15.54,0.0,101715,2011,2011-01,Saturday,5,15,True
101715,P104,Candle Set,1,2011-01-08 15:00:00,10.35,12235,Spain,False,False,False,10.35,10.35,0.0,101715,2011,2011-01,Saturday,5,15,True
101716,P100,Gift Box,4,2011-07-19 11:00:00,4.87,12132,Germany,False,False,False,19.48,19.48,0.0,101716,2011,2011-07,Tuesday,1,11,True
101716,P106,Glass Jar,4,2011-07-19 11:00:00,5.08,12132,India,False,False,False,20.32,20.32,0.0,101716,2011,2011-07,Tuesday,1,11,True
101716,P103,Wall Clock,3,2011-07-19 11:00:00,11.94,12132,India,False,False,False,35.82,35.82,0.0,101716,2011,2011-07,Tuesday,1,11,True
101717,P104,Candle Set,3,2011-09-18 15:00:00,9.04,12364,Netherlands,False,False,False,27.119999999999997,27.119999999999997,0.0,101717,2011,2011-09,Sunday,6,15,True
101717,P106,Glass Jar,2,2011-09-18 15:00:00,5.68,12364,Netherlands,False,False,False,11.36,11.36,0.0,101717,2011,2011-09,Sunday,6,15,True
101717,P102,Notebook,8,2011-09-18 15:00:00,3.49,12364,France,False,False,False,27.92,27.92,0.0,101717,2011,2011-09,Sunday,6,15,True
101718,P108,Tea Set,5,2011-03-03 08:00:00,18.04,12405,Germany,False,False,False,90.19999999999999,90.19999999999999,0.0,101718,2011,2011-03,Thursday,3,8,True
101718,P110,Gift Wrap,1,2011-03-03 08:00:00,2.65,12405,Netherlands,False,False,False,2.65,2.65,0.0,101718,2011,2011-03,Thursday,3,8,True
101718,P104,Candle Set,1,2011-03-03 08:00:00,11.09,12405,India,False,False,False,11.09,11.09,0.0,101718,2011,2011-03,Thursday,3,8,True
101718,P100,Gift Box,1,2011-03-03 08:00:00,4.27,12405,France,False,False,False,4.27,4.27,0.0,101718,2011,2011-03,Thursday,3,8,True
101719,P106,Glass Jar,2,2011-04-11 18:00:00,5.17,12098,Spain,False,False,False,10.34,10.34,0.0,101719,2011,2011-04,Monday,0,18,True
101720,P106,Glass Jar,2,2011-04-11 14:00:00,5.84,12272,France,False,False,False,11.68,11.68,0.0,101720,2011,2011-04,Monday,0,14,True
101720,P105,Tote Bag,3,2011-04-11 14:00:00,6.87,12272,France,False,False,False,20.61,20.61,0.0,101720,2011,2011-04,Monday,0,14,True
101720,P103,Wall Clock,3,2011-04-11 14:00:00,11.32,12272,United Kingdom,False,False,False,33.96,33.96,0.0,101720,2011,2011-04,Monday,0,14,True
101721,P108,Tea Set,4,2011-07-25 16:00:00,16.46,12620,India,False,False,False,65.84,65.84,0.0,101721,2011,2011-07,Monday,0,16,True
101721,P111,Serving Bowl,2,2011-07-25 16:00:00,14.96,12620,United Kingdom,False,False,False,29.92,29.92,0.0,101721,2011,2011-07,Monday,0,16,True
101722,P106,Glass Jar,3,2011-06-11 17:00:00,5.56,12062,India,False,False,False,16.68,16.68,0.0,101722,2011,2011-06,Saturday,5,17,True
101722,P109,Desk Organizer,3,2011-06-11 17:00:00,10.62,12062,Spain,False,False,False,31.86,31.86,0.0,101722,2011,2011-06,Saturday,5,17,True
101722,P100,Gift Box,1,2011-06-11 17:00:00,5.11,12062,Netherlands,False,False,False,5.11,5.11,0.0,101722,2011,2011-06,Saturday,5,17,True
101723,P110,Gift Wrap,1,2011-09-25 15:00:00,2.26,12102,India,False,False,False,2.26,2.26,0.0,101723,2011,2011-09,Sunday,6,15,True
101723,P108,Tea Set,9,2011-09-25 15:00:00,18.91,12102,India,False,False,False,170.19,170.19,0.0,101723,2011,2011-09,Sunday,6,15,True
101723,P103,Wall Clock,4,2011-09-25 15:00:00,12.73,12102,Netherlands,False,False,False,50.92,50.92,0.0,101723,2011,2011-09,Sunday,6,15,True
101724,P111,Serving Bowl,3,2011-10-03 15:00:00,16.56,12423,India,False,False,False,49.67999999999999,49.67999999999999,0.0,101724,2011,2011-10,Monday,0,15,True
101724,P105,Tote Bag,3,2011-10-03 15:00:00,6.73,12423,Spain,False,False,False,20.19,20.19,0.0,101724,2011,2011-10,Monday,0,15,True
101724,P103,Wall Clock,1,2011-10-03 15:00:00,13.24,12423,Netherlands,False,False,False,13.24,13.24,0.0,101724,2011,2011-10,Monday,0,15,True
101724,P104,Candle Set,1,2011-10-03 15:00:00,10.12,12423,India,False,False,False,10.12,10.12,0.0,101724,2011,2011-10,Monday,0,15,True
101725,P101,Ceramic Mug,3,2011-08-12 17:00:00,7.15,12058,Spain,False,False,False,21.450000000000003,21.450000000000003,0.0,101725,2011,2011-08,Friday,4,17,True
101725,P110,Gift Wrap,21,2011-08-12 17:00:00,2.68,12058,Germany,False,False,False,56.28,56.28,0.0,101725,2011,2011-08,Friday,4,17,True
101725,P107,Photo Frame,4,2011-08-12 17:00:00,8.3,12058,Germany,False,False,False,33.2,33.2,0.0,101725,2011,2011-08,Friday,4,17,True
101726,P102,Notebook,1,2011-05-16 15:00:00,3.89,12030,Spain,False,False,False,3.89,3.89,0.0,101726,2011,2011-05,Monday,0,15,True
101726,P106,Glass Jar,2,2011-05-16 15:00:00,5.82,12030,Australia,False,False,False,11.64,11.64,0.0,101726,2011,2011-05,Monday,0,15,True
101726,P101,Ceramic Mug,6,2011-05-16 15:00:00,7.2,12030,Spain,False,False,False,43.2,43.2,0.0,101726,2011,2011-05,Monday,0,15,True
101726,P103,Wall Clock,4,2011-05-16 15:00:00,13.9,12030,France,False,False,False,55.6,55.6,0.0,101726,2011,2011-05,Monday,0,15,True
101727,P110,Gift Wrap,7,2011-11-20 12:00:00,2.21,12225,Netherlands,False,False,False,15.469999999999999,15.469999999999999,0.0,101727,2011,2011-11,Sunday,6,12,True
101728,P111,Serving Bowl,8,2011-10-09 12:00:00,13.9,12017,France,False,False,False,111.2,111.2,0.0,101728,2011,2011-10,Sunday,6,12,True
101729,P106,Glass Jar,3,2011-08-29 16:00:00,6.11,12141,Germany,False,False,False,18.330000000000002,18.330000000000002,0.0,101729,2011,2011-08,Monday,0,16,True
101730,P103,Wall Clock,4,2011-01-12 15:00:00,12.85,12067,France,False,False,False,51.4,51.4,0.0,101730,2011,2011-01,Wednesday,2,15,True
101730,P111,Serving Bowl,1,2011-01-12 15:00:00,13.26,12067,India,False,False,False,13.26,13.26,0.0,101730,2011,2011-01,Wednesday,2,15,True
101730,P109,Desk Organizer,2,2011-01-12 15:00:00,11.82,12067,Australia,False,False,False,23.64,23.64,0.0,101730,2011,2011-01,Wednesday,2,15,True
101730,P101,Ceramic Mug,3,2011-01-12 15:00:00,8.06,12067,Germany,False,False,False,24.18,24.18,0.0,101730,2011,2011-01,Wednesday,2,15,True
101731,P102,Notebook,16,2010-12-20 12:00:00,3.65,12029,Netherlands,False,False,False,58.4,58.4,0.0,101731,2010,2010-12,Monday,0,12,True
101731,P101,Ceramic Mug,4,2010-12-20 12:00:00,7.0,12029,Germany,False,False,False,28.0,28.0,0.0,101731,2010,2010-12,Monday,0,12,True
101731,P110,Gift Wrap,9,2010-12-20 12:00:00,2.58,12029,Germany,False,False,False,23.22,23.22,0.0,101731,2010,2010-12,Monday,0,12,True
101731,P100,Gift Box,3,2010-12-20 12:00:00,4.86,12029,Netherlands,False,False,False,14.580000000000002,14.580000000000002,0.0,101731,2010,2010-12,Monday,0,12,True
101732,P101,Ceramic Mug,5,2011-03-19 09:00:00,7.97,12027,United Kingdom,False,False,False,39.85,39.85,0.0,101732,2011,2011-03,Saturday,5,9,True
101732,P108,Tea Set,3,2011-03-19 09:00:00,19.16,12027,India,False,False,False,57.480000000000004,57.480000000000004,0.0,101732,2011,2011-03,Saturday,5,9,True
101732,P105,Tote Bag,1,2011-03-19 09:00:00,7.39,12027,Australia,False,False,False,7.39,7.39,0.0,101732,2011,2011-03,Saturday,5,9,True
101733,P102,Notebook,2,2011-04-30 14:00:00,3.79,12585,United Kingdom,False,False,False,7.58,7.58,0.0,101733,2011,2011-04,Saturday,5,14,True
101733,P100,Gift Box,5,2011-04-30 14:00:00,4.39,12585,Netherlands,False,False,False,21.95,21.95,0.0,101733,2011,2011-04,Saturday,5,14,True
101733,P108,Tea Set,1,2011-04-30 14:00:00,16.2,12585,United Kingdom,False,False,False,16.2,16.2,0.0,101733,2011,2011-04,Saturday,5,14,True
101733,P109,Desk Organizer,12,2011-04-30 14:00:00,11.48,12585,Germany,False,False,False,137.76,137.76,0.0,101733,2011,2011-04,Saturday,5,14,True
101734,P110,Gift Wrap,2,2011-09-08 08:00:00,2.53,12240,Germany,False,False,False,5.06,5.06,0.0,101734,2011,2011-09,Thursday,3,8,True
101734,P102,Notebook,6,2011-09-08 08:00:00,4.24,12240,Spain,False,False,False,25.44,25.44,0.0,101734,2011,2011-09,Thursday,3,8,True
101734,P101,Ceramic Mug,4,2011-09-08 08:00:00,7.89,12240,Netherlands,False,False,False,31.56,31.56,0.0,101734,2011,2011-09,Thursday,3,8,True
101735,P101,Ceramic Mug,8,2011-04-17 19:00:00,7.04,12301,India,False,False,False,56.32,56.32,0.0,101735,2011,2011-04,Sunday,6,19,True
101735,P103,Wall Clock,5,2011-04-17 19:00:00,12.68,12301,United Kingdom,False,False,False,63.4,63.4,0.0,101735,2011,2011-04,Sunday,6,19,True
101735,P110,Gift Wrap,4,2011-04-17 19:00:00,2.48,12301,Australia,False,False,False,9.92,9.92,0.0,101735,2011,2011-04,Sunday,6,19,True
101735,P107,Photo Frame,1,2011-04-17 19:00:00,9.1,12301,Spain,False,False,False,9.1,9.1,0.0,101735,2011,2011-04,Sunday,6,19,True
101736,P104,Candle Set,1,2011-11-10 17:00:00,9.66,12650,United Kingdom,False,False,False,9.66,9.66,0.0,101736,2011,2011-11,Thursday,3,17,True
101737,P110,Gift Wrap,3,2011-05-11 10:00:00,2.73,12539,Australia,False,False,False,8.19,8.19,0.0,101737,2011,2011-05,Wednesday,2,10,True
101737,P102,Notebook,2,2011-05-11 10:00:00,3.46,12539,India,False,False,False,6.92,6.92,0.0,101737,2011,2011-05,Wednesday,2,10,True
101738,P109,Desk Organizer,6,2011-02-26 18:00:00,12.52,12061,United Kingdom,False,False,False,75.12,75.12,0.0,101738,2011,2011-02,Saturday,5,18,True
101738,P111,Serving Bowl,2,2011-02-26 18:00:00,13.16,12061,India,False,False,False,26.32,26.32,0.0,101738,2011,2011-02,Saturday,5,18,True
101739,P102,Notebook,7,2011-10-01 17:00:00,4.29,12439,Spain,False,False,False,30.03,30.03,0.0,101739,2011,2011-10,Saturday,5,17,True
101739,P104,Candle Set,2,2011-10-01 17:00:00,9.81,12439,Spain,False,False,False,19.62,19.62,0.0,101739,2011,2011-10,Saturday,5,17,True
101739,P106,Glass Jar,4,2011-10-01 17:00:00,4.98,12439,Spain,False,False,False,19.92,19.92,0.0,101739,2011,2011-10,Saturday,5,17,True
101739,P111,Serving Bowl,1,2011-10-01 17:00:00,15.66,12439,United Kingdom,False,False,False,15.66,15.66,0.0,101739,2011,2011-10,Saturday,5,17,True
101740,P109,Desk Organizer,6,2011-04-14 13:00:00,10.07,12578,Germany,False,False,False,60.42,60.42,0.0,101740,2011,2011-04,Thursday,3,13,True
101740,P106,Glass Jar,2,2011-04-14 13:00:00,5.56,12578,France,False,False,False,11.12,11.12,0.0,101740,2011,2011-04,Thursday,3,13,True
101740,P104,Candle Set,3,2011-04-14 13:00:00,10.89,12578,Australia,False,False,False,32.67,32.67,0.0,101740,2011,2011-04,Thursday,3,13,True
101740,P103,Wall Clock,3,2011-04-14 13:00:00,11.84,12578,United Kingdom,False,False,False,35.519999999999996,35.519999999999996,0.0,101740,2011,2011-04,Thursday,3,13,True
101741,P100,Gift Box,3,2011-10-16 10:00:00,4.25,12459,Netherlands,False,False,False,12.75,12.75,0.0,101741,2011,2011-10,Sunday,6,10,True
101741,P101,Ceramic Mug,4,2011-10-16 10:00:00,6.91,12459,Netherlands,False,False,False,27.64,27.64,0.0,101741,2011,2011-10,Sunday,6,10,True
101741,P102,Notebook,1,2011-10-16 10:00:00,4.17,12459,India,False,False,False,4.17,4.17,0.0,101741,2011,2011-10,Sunday,6,10,True
101741,P106,Glass Jar,1,2011-10-16 10:00:00,5.99,12459,United Kingdom,False,False,False,5.99,5.99,0.0,101741,2011,2011-10,Sunday,6,10,True
101742,P103,Wall Clock,6,2011-04-24 08:00:00,11.58,12059,Germany,False,False,False,69.48,69.48,0.0,101742,2011,2011-04,Sunday,6,8,True
101742,P111,Serving Bowl,2,2011-04-24 08:00:00,15.0,12059,United Kingdom,False,False,False,30.0,30.0,0.0,101742,2011,2011-04,Sunday,6,8,True
101743,P101,Ceramic Mug,5,2011-07-04 10:00:00,7.34,12669,United Kingdom,False,False,False,36.7,36.7,0.0,101743,2011,2011-07,Monday,0,10,True
101743,P109,Desk Organizer,1,2011-07-04 10:00:00,10.25,12669,India,False,False,False,10.25,10.25,0.0,101743,2011,2011-07,Monday,0,10,True
101743,P103,Wall Clock,3,2011-07-04 10:00:00,11.37,12669,Germany,False,False,False,34.11,34.11,0.0,101743,2011,2011-07,Monday,0,10,True
101744,P106,Glass Jar,3,2011-05-24 12:00:00,6.21,12310,Germany,False,False,False,18.63,18.63,0.0,101744,2011,2011-05,Tuesday,1,12,True
101744,P110,Gift Wrap,2,2011-05-24 12:00:00,2.38,12310,Netherlands,False,False,False,4.76,4.76,0.0,101744,2011,2011-05,Tuesday,1,12,True
101744,P102,Notebook,1,2011-05-24 12:00:00,4.15,12310,France,False,False,False,4.15,4.15,0.0,101744,2011,2011-05,Tuesday,1,12,True
101744,P103,Wall Clock,8,2011-05-24 12:00:00,13.57,12310,Spain,False,False,False,108.56,108.56,0.0,101744,2011,2011-05,Tuesday,1,12,True
101745,P108,Tea Set,4,2011-04-05 08:00:00,19.31,12439,Germany,False,False,False,77.24,77.24,0.0,101745,2011,2011-04,Tuesday,1,8,True
101745,P101,Ceramic Mug,114,2011-04-05 08:00:00,7.97,12439,Germany,False,False,False,908.5799999999999,908.5799999999999,0.0,101745,2011,2011-04,Tuesday,1,8,True
101745,P104,Candle Set,3,2011-04-05 08:00:00,10.18,12439,India,False,False,False,30.54,30.54,0.0,101745,2011,2011-04,Tuesday,1,8,True
101746,P108,Tea Set,5,2011-05-13 11:00:00,18.24,12112,United Kingdom,False,False,False,91.19999999999999,91.19999999999999,0.0,101746,2011,2011-05,Friday,4,11,True
101746,P104,Candle Set,5,2011-05-13 11:00:00,10.12,12112,Australia,False,False,False,50.599999999999994,50.599999999999994,0.0,101746,2011,2011-05,Friday,4,11,True
101746,P110,Gift Wrap,1,2011-05-13 11:00:00,2.48,12112,Germany,False,False,False,2.48,2.48,0.0,101746,2011,2011-05,Friday,4,11,True
101746,P102,Notebook,1,2011-05-13 11:00:00,3.72,12112,France,False,False,False,3.72,3.72,0.0,101746,2011,2011-05,Friday,4,11,True
101747,P109,Desk Organizer,58,2011-05-20 15:00:00,10.02,12419,Australia,False,False,False,581.16,581.16,0.0,101747,2011,2011-05,Friday,4,15,True
101748,P110,Gift Wrap,3,2011-06-13 11:00:00,2.17,12399,France,False,False,False,6.51,6.51,0.0,101748,2011,2011-06,Monday,0,11,True
101748,P104,Candle Set,4,2011-06-13 11:00:00,10.45,12399,United Kingdom,False,False,False,41.8,41.8,0.0,101748,2011,2011-06,Monday,0,11,True
101748,P111,Serving Bowl,3,2011-06-13 11:00:00,14.31,12399,Spain,False,False,False,42.93,42.93,0.0,101748,2011,2011-06,Monday,0,11,True
101749,P106,Glass Jar,21,2011-10-25 16:00:00,6.11,12004,Germany,False,False,False,128.31,128.31,0.0,101749,2011,2011-10,Tuesday,1,16,True
101749,P103,Wall Clock,2,2011-10-25 16:00:00,12.48,12004,Spain,False,False,False,24.96,24.96,0.0,101749,2011,2011-10,Tuesday,1,16,True
101749,P110,Gift Wrap,5,2011-10-25 16:00:00,2.48,12004,Spain,False,False,False,12.4,12.4,0.0,101749,2011,2011-10,Tuesday,1,16,True
101749,P104,Candle Set,1,2011-10-25 16:00:00,9.16,12004,Netherlands,False,False,False,9.16,9.16,0.0,101749,2011,2011-10,Tuesday,1,16,True
101750,P100,Gift Box,4,2010-12-04 16:00:00,4.16,12395,India,False,False,False,16.64,16.64,0.0,101750,2010,2010-12,Saturday,5,16,True
101750,P110,Gift Wrap,4,2010-12-04 16:00:00,2.71,12395,United Kingdom,False,False,False,10.84,10.84,0.0,101750,2010,2010-12,Saturday,5,16,True
101750,P106,Glass Jar,2,2010-12-04 16:00:00,5.07,12395,France,False,False,False,10.14,10.14,0.0,101750,2010,2010-12,Saturday,5,16,True
101751,P110,Gift Wrap,1,2011-10-21 14:00:00,2.24,12092,Spain,False,False,False,2.24,2.24,0.0,101751,2011,2011-10,Friday,4,14,True
101751,P105,Tote Bag,4,2011-10-21 14:00:00,6.86,12092,Germany,False,False,False,27.44,27.44,0.0,101751,2011,2011-10,Friday,4,14,True
101751,P103,Wall Clock,7,2011-10-21 14:00:00,11.74,12092,Spain,False,False,False,82.18,82.18,0.0,101751,2011,2011-10,Friday,4,14,True
101752,P102,Notebook,1,2010-12-17 12:00:00,3.58,12503,Germany,False,False,False,3.58,3.58,0.0,101752,2010,2010-12,Friday,4,12,True
101753,P109,Desk Organizer,3,2011-01-15 11:00:00,11.17,12608,United Kingdom,False,False,False,33.51,33.51,0.0,101753,2011,2011-01,Saturday,5,11,True
101753,P110,Gift Wrap,3,2011-01-15 11:00:00,2.31,12608,Australia,False,False,False,6.93,6.93,0.0,101753,2011,2011-01,Saturday,5,11,True
101753,P103,Wall Clock,2,2011-01-15 11:00:00,14.14,12608,United Kingdom,False,False,False,28.28,28.28,0.0,101753,2011,2011-01,Saturday,5,11,True
101754,P101,Ceramic Mug,3,2011-01-21 15:00:00,6.65,12047,United Kingdom,False,False,False,19.950000000000003,19.950000000000003,0.0,101754,2011,2011-01,Friday,4,15,True
101755,P107,Photo Frame,1,2011-05-26 19:00:00,7.61,12589,France,False,False,False,7.61,7.61,0.0,101755,2011,2011-05,Thursday,3,19,True
101755,P102,Notebook,5,2011-05-26 19:00:00,4.35,12589,Australia,False,False,False,21.75,21.75,0.0,101755,2011,2011-05,Thursday,3,19,True
101755,P106,Glass Jar,1,2011-05-26 19:00:00,5.28,12589,Australia,False,False,False,5.28,5.28,0.0,101755,2011,2011-05,Thursday,3,19,True
101755,P105,Tote Bag,4,2011-05-26 19:00:00,6.44,12589,Germany,False,False,False,25.76,25.76,0.0,101755,2011,2011-05,Thursday,3,19,True
101756,P110,Gift Wrap,4,2010-12-09 08:00:00,2.67,12285,India,False,False,False,10.68,10.68,0.0,101756,2010,2010-12,Thursday,3,8,True
101756,P106,Glass Jar,1,2010-12-09 08:00:00,5.05,12285,Australia,False,False,False,5.05,5.05,0.0,101756,2010,2010-12,Thursday,3,8,True
101756,P103,Wall Clock,37,2010-12-09 08:00:00,11.32,12285,Germany,False,False,False,418.84000000000003,418.84000000000003,0.0,101756,2010,2010-12,Thursday,3,8,True
101756,P102,Notebook,1,2010-12-09 08:00:00,3.99,12285,United Kingdom,False,False,False,3.99,3.99,0.0,101756,2010,2010-12,Thursday,3,8,True
101757,P111,Serving Bowl,3,2011-06-24 10:00:00,14.8,12053,Australia,False,False,False,44.400000000000006,44.400000000000006,0.0,101757,2011,2011-06,Friday,4,10,True
101757,P105,Tote Bag,4,2011-06-24 10:00:00,6.57,12053,United Kingdom,False,False,False,26.28,26.28,0.0,101757,2011,2011-06,Friday,4,10,True
101757,P110,Gift Wrap,3,2011-06-24 10:00:00,2.17,12053,Spain,False,False,False,6.51,6.51,0.0,101757,2011,2011-06,Friday,4,10,True
101758,P104,Candle Set,3,2011-10-26 18:00:00,11.03,12000,United Kingdom,False,False,False,33.089999999999996,33.089999999999996,0.0,101758,2011,2011-10,Wednesday,2,18,True
101758,P111,Serving Bowl,2,2011-10-26 18:00:00,15.24,12000,Netherlands,False,False,False,30.48,30.48,0.0,101758,2011,2011-10,Wednesday,2,18,True
101758,P107,Photo Frame,10,2011-10-26 18:00:00,9.19,12000,Netherlands,False,False,False,91.89999999999999,91.89999999999999,0.0,101758,2011,2011-10,Wednesday,2,18,True
101759,P102,Notebook,1,2011-01-22 08:00:00,3.7,12156,Germany,False,False,False,3.7,3.7,0.0,101759,2011,2011-01,Saturday,5,8,True
101759,P110,Gift Wrap,4,2011-01-22 08:00:00,2.22,12156,France,False,False,False,8.88,8.88,0.0,101759,2011,2011-01,Saturday,5,8,True
101759,P111,Serving Bowl,82,2011-01-22 08:00:00,14.77,12156,Spain,False,False,False,1211.1399999999999,1211.1399999999999,0.0,101759,2011,2011-01,Saturday,5,8,True
101760,P106,Glass Jar,1,2010-12-26 13:00:00,5.09,12041,India,False,False,False,5.09,5.09,0.0,101760,2010,2010-12,Sunday,6,13,True
101760,P108,Tea Set,6,2010-12-26 13:00:00,16.26,12041,Netherlands,False,False,False,97.56,97.56,0.0,101760,2010,2010-12,Sunday,6,13,True
101760,P100,Gift Box,9,2010-12-26 13:00:00,4.05,12041,United Kingdom,False,False,False,36.449999999999996,36.449999999999996,0.0,101760,2010,2010-12,Sunday,6,13,True
101760,P109,Desk Organizer,1,2010-12-26 13:00:00,11.54,12041,Australia,False,False,False,11.54,11.54,0.0,101760,2010,2010-12,Sunday,6,13,True
101761,P104,Candle Set,5,2011-02-27 14:00:00,10.23,12138,France,False,False,False,51.150000000000006,51.150000000000006,0.0,101761,2011,2011-02,Sunday,6,14,True
101761,P107,Photo Frame,1,2011-02-27 14:00:00,8.28,12138,India,False,False,False,8.28,8.28,0.0,101761,2011,2011-02,Sunday,6,14,True
101761,P101,Ceramic Mug,4,2011-02-27 14:00:00,7.01,12138,Australia,False,False,False,28.04,28.04,0.0,101761,2011,2011-02,Sunday,6,14,True
101762,P104,Candle Set,1,2011-02-19 09:00:00,10.8,12320,Germany,False,False,False,10.8,10.8,0.0,101762,2011,2011-02,Saturday,5,9,True
101763,P108,Tea Set,3,2011-11-09 10:00:00,19.53,12052,United Kingdom,False,False,False,58.59,58.59,0.0,101763,2011,2011-11,Wednesday,2,10,True
101763,P109,Desk Organizer,1,2011-11-09 10:00:00,10.66,12052,Germany,False,False,False,10.66,10.66,0.0,101763,2011,2011-11,Wednesday,2,10,True
101763,P105,Tote Bag,5,2011-11-09 10:00:00,5.87,12052,France,False,False,False,29.35,29.35,0.0,101763,2011,2011-11,Wednesday,2,10,True
101763,P110,Gift Wrap,6,2011-11-09 10:00:00,2.26,12052,United Kingdom,False,False,False,13.559999999999999,13.559999999999999,0.0,101763,2011,2011-11,Wednesday,2,10,True
101764,P106,Glass Jar,5,2011-04-30 15:00:00,6.13,12434,United Kingdom,False,False,False,30.65,30.65,0.0,101764,2011,2011-04,Saturday,5,15,True
101764,P102,Notebook,3,2011-04-30 15:00:00,4.34,12434,Australia,False,False,False,13.02,13.02,0.0,101764,2011,2011-04,Saturday,5,15,True
101764,P100,Gift Box,1,2011-04-30 15:00:00,5.15,12434,India,False,False,False,5.15,5.15,0.0,101764,2011,2011-04,Saturday,5,15,True
101764,P103,Wall Clock,1,2011-04-30 15:00:00,11.28,12434,Netherlands,False,False,False,11.28,11.28,0.0,101764,2011,2011-04,Saturday,5,15,True
101765,P107,Photo Frame,1,2011-07-03 15:00:00,8.58,12569,Spain,False,False,False,8.58,8.58,0.0,101765,2011,2011-07,Sunday,6,15,True
101765,P111,Serving Bowl,6,2011-07-03 15:00:00,15.53,12569,Spain,False,False,False,93.17999999999999,93.17999999999999,0.0,101765,2011,2011-07,Sunday,6,15,True
101765,P104,Candle Set,4,2011-07-03 15:00:00,10.55,12569,France,False,False,False,42.2,42.2,0.0,101765,2011,2011-07,Sunday,6,15,True
101766,P106,Glass Jar,1,2011-06-12 15:00:00,5.67,12421,Australia,False,False,False,5.67,5.67,0.0,101766,2011,2011-06,Sunday,6,15,True
101766,P103,Wall Clock,6,2011-06-12 15:00:00,11.85,12421,Netherlands,False,False,False,71.1,71.1,0.0,101766,2011,2011-06,Sunday,6,15,True
101766,P102,Notebook,8,2011-06-12 15:00:00,3.43,12421,Netherlands,False,False,False,27.44,27.44,0.0,101766,2011,2011-06,Sunday,6,15,True
101767,P102,Notebook,5,2011-06-19 13:00:00,3.81,12114,Germany,False,False,False,19.05,19.05,0.0,101767,2011,2011-06,Sunday,6,13,True
101767,P107,Photo Frame,12,2011-06-19 13:00:00,7.66,12114,Australia,False,False,False,91.92,91.92,0.0,101767,2011,2011-06,Sunday,6,13,True
101767,P111,Serving Bowl,11,2011-06-19 13:00:00,15.73,12114,Netherlands,False,False,False,173.03,173.03,0.0,101767,2011,2011-06,Sunday,6,13,True
101768,P106,Glass Jar,12,2011-06-13 12:00:00,5.24,12374,Spain,False,False,False,62.88,62.88,0.0,101768,2011,2011-06,Monday,0,12,True
101768,P102,Notebook,5,2011-06-13 12:00:00,4.15,12374,United Kingdom,False,False,False,20.75,20.75,0.0,101768,2011,2011-06,Monday,0,12,True
101768,P111,Serving Bowl,5,2011-06-13 12:00:00,16.43,12374,Australia,False,False,False,82.15,82.15,0.0,101768,2011,2011-06,Monday,0,12,True
101768,P110,Gift Wrap,5,2011-06-13 12:00:00,2.7,12374,United Kingdom,False,False,False,13.5,13.5,0.0,101768,2011,2011-06,Monday,0,12,True
101769,P105,Tote Bag,4,2011-08-13 13:00:00,7.41,12066,Germany,False,False,False,29.64,29.64,0.0,101769,2011,2011-08,Saturday,5,13,True
101769,P101,Ceramic Mug,19,2011-08-13 13:00:00,6.95,12066,United Kingdom,False,False,False,132.05,132.05,0.0,101769,2011,2011-08,Saturday,5,13,True
101770,P102,Notebook,5,2011-10-26 11:00:00,4.08,12016,Spain,False,False,False,20.4,20.4,0.0,101770,2011,2011-10,Wednesday,2,11,True
101770,P101,Ceramic Mug,1,2011-10-26 11:00:00,6.68,12016,Australia,False,False,False,6.68,6.68,0.0,101770,2011,2011-10,Wednesday,2,11,True
101771,P110,Gift Wrap,4,2011-07-06 18:00:00,2.36,12565,India,False,False,False,9.44,9.44,0.0,101771,2011,2011-07,Wednesday,2,18,True
101771,P105,Tote Bag,4,2011-07-06 18:00:00,7.44,12565,India,False,False,False,29.76,29.76,0.0,101771,2011,2011-07,Wednesday,2,18,True
101772,P104,Candle Set,2,2011-05-09 18:00:00,9.57,12044,India,False,False,False,19.14,19.14,0.0,101772,2011,2011-05,Monday,0,18,True
101772,P110,Gift Wrap,4,2011-05-09 18:00:00,2.51,12044,Spain,False,False,False,10.04,10.04,0.0,101772,2011,2011-05,Monday,0,18,True
101772,P107,Photo Frame,2,2011-05-09 18:00:00,9.08,12044,India,False,False,False,18.16,18.16,0.0,101772,2011,2011-05,Monday,0,18,True
101773,P105,Tote Bag,1,2011-04-28 08:00:00,5.95,12064,United Kingdom,False,False,False,5.95,5.95,0.0,101773,2011,2011-04,Thursday,3,8,True
101773,P111,Serving Bowl,133,2011-04-28 08:00:00,15.37,12064,United Kingdom,False,False,False,2044.2099999999998,2044.2099999999998,0.0,101773,2011,2011-04,Thursday,3,8,True
101774,P104,Candle Set,5,2011-03-09 12:00:00,10.19,12046,United Kingdom,False,False,False,50.949999999999996,50.949999999999996,0.0,101774,2011,2011-03,Wednesday,2,12,True
101774,P110,Gift Wrap,4,2011-03-09 12:00:00,2.65,12046,Australia,False,False,False,10.6,10.6,0.0,101774,2011,2011-03,Wednesday,2,12,True
101774,P100,Gift Box,3,2011-03-09 12:00:00,4.05,12046,United Kingdom,False,False,False,12.149999999999999,12.149999999999999,0.0,101774,2011,2011-03,Wednesday,2,12,True
101774,P106,Glass Jar,2,2011-03-09 12:00:00,5.72,12046,Germany,False,False,False,11.44,11.44,0.0,101774,2011,2011-03,Wednesday,2,12,True
101775,P100,Gift Box,7,2011-07-02 11:00:00,4.44,12036,Germany,False,False,False,31.080000000000002,31.080000000000002,0.0,101775,2011,2011-07,Saturday,5,11,True
101775,P107,Photo Frame,6,2011-07-02 11:00:00,7.54,12036,Germany,False,False,False,45.24,45.24,0.0,101775,2011,2011-07,Saturday,5,11,True
101776,P109,Desk Organizer,4,2010-12-21 09:00:00,11.32,12664,United Kingdom,False,False,False,45.28,45.28,0.0,101776,2010,2010-12,Tuesday,1,9,True
101777,P110,Gift Wrap,1,2010-12-12 15:00:00,2.36,12450,Spain,False,False,False,2.36,2.36,0.0,101777,2010,2010-12,Sunday,6,15,True
101777,P106,Glass Jar,3,2010-12-12 15:00:00,5.76,12450,United Kingdom,False,False,False,17.28,17.28,0.0,101777,2010,2010-12,Sunday,6,15,True
101778,P100,Gift Box,4,2011-07-22 17:00:00,4.1,12174,United Kingdom,False,False,False,16.4,16.4,0.0,101778,2011,2011-07,Friday,4,17,True
101778,P110,Gift Wrap,6,2011-07-22 17:00:00,2.41,12174,United Kingdom,False,False,False,14.46,14.46,0.0,101778,2011,2011-07,Friday,4,17,True
101779,P110,Gift Wrap,2,2011-09-17 17:00:00,2.69,12323,Spain,False,False,False,5.38,5.38,0.0,101779,2011,2011-09,Saturday,5,17,True
101780,P106,Glass Jar,3,2011-05-09 15:00:00,5.38,12025,Germany,False,False,False,16.14,16.14,0.0,101780,2011,2011-05,Monday,0,15,True
101780,P102,Notebook,3,2011-05-09 15:00:00,3.87,12025,France,False,False,False,11.61,11.61,0.0,101780,2011,2011-05,Monday,0,15,True
101780,P100,Gift Box,13,2011-05-09 15:00:00,5.17,12025,France,False,False,False,67.21,67.21,0.0,101780,2011,2011-05,Monday,0,15,True
101780,P109,Desk Organizer,3,2011-05-09 15:00:00,11.62,12025,India,False,False,False,34.86,34.86,0.0,101780,2011,2011-05,Monday,0,15,True
101781,P106,Glass Jar,2,2011-08-12 16:00:00,6.32,12684,Spain,False,False,False,12.64,12.64,0.0,101781,2011,2011-08,Friday,4,16,True
101781,P104,Candle Set,2,2011-08-12 16:00:00,10.98,12684,United Kingdom,False,False,False,21.96,21.96,0.0,101781,2011,2011-08,Friday,4,16,True
101781,P100,Gift Box,4,2011-08-12 16:00:00,5.17,12684,Netherlands,False,False,False,20.68,20.68,0.0,101781,2011,2011-08,Friday,4,16,True
101781,P107,Photo Frame,1,2011-08-12 16:00:00,8.27,12684,Germany,False,False,False,8.27,8.27,0.0,101781,2011,2011-08,Friday,4,16,True
101782,P107,Photo Frame,9,2011-11-21 13:00:00,7.69,12516,India,False,False,False,69.21000000000001,69.21000000000001,0.0,101782,2011,2011-11,Monday,0,13,True
101783,P108,Tea Set,3,2011-06-11 11:00:00,20.25,12043,Netherlands,False,False,False,60.75,60.75,0.0,101783,2011,2011-06,Saturday,5,11,True
101783,P105,Tote Bag,1,2011-06-11 11:00:00,5.96,12043,Netherlands,False,False,False,5.96,5.96,0.0,101783,2011,2011-06,Saturday,5,11,True
101784,P109,Desk Organizer,3,2011-02-12 09:00:00,12.62,12052,Spain,False,False,False,37.86,37.86,0.0,101784,2011,2011-02,Saturday,5,9,True
101784,P108,Tea Set,7,2011-02-12 09:00:00,17.87,12052,France,False,False,False,125.09,125.09,0.0,101784,2011,2011-02,Saturday,5,9,True
101784,P107,Photo Frame,6,2011-02-12 09:00:00,8.28,12052,United Kingdom,False,False,False,49.67999999999999,49.67999999999999,0.0,101784,2011,2011-02,Saturday,5,9,True
101784,P102,Notebook,4,2011-02-12 09:00:00,3.52,12052,Netherlands,False,False,False,14.08,14.08,0.0,101784,2011,2011-02,Saturday,5,9,True
101785,P104,Candle Set,3,2011-09-26 11:00:00,10.99,12234,Netherlands,False,False,False,32.97,32.97,0.0,101785,2011,2011-09,Monday,0,11,True
101785,P110,Gift Wrap,4,2011-09-26 11:00:00,2.48,12234,United Kingdom,False,False,False,9.92,9.92,0.0,101785,2011,2011-09,Monday,0,11,True
101786,P105,Tote Bag,2,2011-07-25 08:00:00,6.43,12394,Netherlands,False,False,False,12.86,12.86,0.0,101786,2011,2011-07,Monday,0,8,True
101786,P100,Gift Box,5,2011-07-25 08:00:00,4.08,12394,Australia,False,False,False,20.4,20.4,0.0,101786,2011,2011-07,Monday,0,8,True
101787,P102,Notebook,8,2011-02-27 13:00:00,4.0,12287,United Kingdom,False,False,False,32.0,32.0,0.0,101787,2011,2011-02,Sunday,6,13,True
101788,P104,Candle Set,2,2011-04-04 09:00:00,9.93,12008,Germany,False,False,False,19.86,19.86,0.0,101788,2011,2011-04,Monday,0,9,True
101788,P102,Notebook,1,2011-04-04 09:00:00,3.61,12008,France,False,False,False,3.61,3.61,0.0,101788,2011,2011-04,Monday,0,9,True
101789,P109,Desk Organizer,1,2011-06-13 15:00:00,11.23,12225,United Kingdom,False,False,False,11.23,11.23,0.0,101789,2011,2011-06,Monday,0,15,True
101790,P105,Tote Bag,1,2011-06-28 13:00:00,6.76,12357,Australia,False,False,False,6.76,6.76,0.0,101790,2011,2011-06,Tuesday,1,13,True
101791,P111,Serving Bowl,4,2011-07-14 09:00:00,13.98,12562,Germany,False,False,False,55.92,55.92,0.0,101791,2011,2011-07,Thursday,3,9,True
101791,P109,Desk Organizer,9,2011-07-14 09:00:00,12.05,12562,Netherlands,False,False,False,108.45,108.45,0.0,101791,2011,2011-07,Thursday,3,9,True
101792,P102,Notebook,31,2011-09-15 17:00:00,4.09,12078,India,False,False,False,126.78999999999999,126.78999999999999,0.0,101792,2011,2011-09,Thursday,3,17,True
101793,P104,Candle Set,4,2011-07-31 19:00:00,10.01,12540,Germany,False,False,False,40.04,40.04,0.0,101793,2011,2011-07,Sunday,6,19,True
101793,P110,Gift Wrap,2,2011-07-31 19:00:00,2.27,12540,Germany,False,False,False,4.54,4.54,0.0,101793,2011,2011-07,Sunday,6,19,True
101793,P106,Glass Jar,5,2011-07-31 19:00:00,5.14,12540,United Kingdom,False,False,False,25.7,25.7,0.0,101793,2011,2011-07,Sunday,6,19,True
101794,P107,Photo Frame,1,2011-08-06 11:00:00,9.41,12544,Australia,False,False,False,9.41,9.41,0.0,101794,2011,2011-08,Saturday,5,11,True
101794,P102,Notebook,12,2011-08-06 11:00:00,3.67,12544,Spain,False,False,False,44.04,44.04,0.0,101794,2011,2011-08,Saturday,5,11,True
101794,P110,Gift Wrap,1,2011-08-06 11:00:00,2.47,12544,France,False,False,False,2.47,2.47,0.0,101794,2011,2011-08,Saturday,5,11,True
101794,P104,Candle Set,20,2011-08-06 11:00:00,9.76,12544,Germany,False,False,False,195.2,195.2,0.0,101794,2011,2011-08,Saturday,5,11,True
101795,P105,Tote Bag,3,2011-07-26 13:00:00,7.08,12323,United Kingdom,False,False,False,21.240000000000002,21.240000000000002,0.0,101795,2011,2011-07,Tuesday,1,13,True
101796,P102,Notebook,4,2011-06-05 12:00:00,3.65,12238,India,False,False,False,14.6,14.6,0.0,101796,2011,2011-06,Sunday,6,12,True
101797,P104,Candle Set,9,2011-04-25 12:00:00,11.32,12098,United Kingdom,False,False,False,101.88,101.88,0.0,101797,2011,2011-04,Monday,0,12,True
101797,P107,Photo Frame,6,2011-04-25 12:00:00,7.91,12098,India,False,False,False,47.46,47.46,0.0,101797,2011,2011-04,Monday,0,12,True
101798,P100,Gift Box,12,2011-01-01 13:00:00,4.57,12694,United Kingdom,False,False,False,54.84,54.84,0.0,101798,2011,2011-01,Saturday,5,13,True
101798,P111,Serving Bowl,3,2011-01-01 13:00:00,13.99,12694,Australia,False,False,False,41.97,41.97,0.0,101798,2011,2011-01,Saturday,5,13,True
101798,P101,Ceramic Mug,4,2011-01-01 13:00:00,7.83,12694,India,False,False,False,31.32,31.32,0.0,101798,2011,2011-01,Saturday,5,13,True
101799,P110,Gift Wrap,13,2011-06-25 14:00:00,2.29,12047,Spain,False,False,False,29.77,29.77,0.0,101799,2011,2011-06,Saturday,5,14,True
101800,P107,Photo Frame,1,2011-10-06 08:00:00,8.45,12476,France,False,False,False,8.45,8.45,0.0,101800,2011,2011-10,Thursday,3,8,True
101800,P111,Serving Bowl,2,2011-10-06 08:00:00,13.29,12476,Netherlands,False,False,False,26.58,26.58,0.0,101800,2011,2011-10,Thursday,3,8,True
101801,P103,Wall Clock,3,2011-05-11 15:00:00,11.7,12084,Spain,False,False,False,35.099999999999994,35.099999999999994,0.0,101801,2011,2011-05,Wednesday,2,15,True
101802,P102,Notebook,3,2011-02-24 16:00:00,4.14,12583,Australia,False,False,False,12.419999999999998,12.419999999999998,0.0,101802,2011,2011-02,Thursday,3,16,True
101802,P105,Tote Bag,5,2011-02-24 16:00:00,6.38,12583,Germany,False,False,False,31.9,31.9,0.0,101802,2011,2011-02,Thursday,3,16,True
101802,P106,Glass Jar,2,2011-02-24 16:00:00,5.69,12583,France,False,False,False,11.38,11.38,0.0,101802,2011,2011-02,Thursday,3,16,True
101803,P111,Serving Bowl,1,2011-03-04 12:00:00,13.33,12049,Spain,False,False,False,13.33,13.33,0.0,101803,2011,2011-03,Friday,4,12,True
101803,P106,Glass Jar,9,2011-03-04 12:00:00,5.47,12049,Spain,False,False,False,49.23,49.23,0.0,101803,2011,2011-03,Friday,4,12,True
101803,P100,Gift Box,1,2011-03-04 12:00:00,4.14,12049,France,False,False,False,4.14,4.14,0.0,101803,2011,2011-03,Friday,4,12,True
101803,P109,Desk Organizer,2,2011-03-04 12:00:00,10.69,12049,United Kingdom,False,False,False,21.38,21.38,0.0,101803,2011,2011-03,Friday,4,12,True
101804,P102,Notebook,2,2010-12-29 09:00:00,3.46,12048,United Kingdom,False,False,False,6.92,6.92,0.0,101804,2010,2010-12,Wednesday,2,9,True
101804,P110,Gift Wrap,4,2010-12-29 09:00:00,2.64,12048,Spain,False,False,False,10.56,10.56,0.0,101804,2010,2010-12,Wednesday,2,9,True
101804,P111,Serving Bowl,3,2010-12-29 09:00:00,15.78,12048,Netherlands,False,False,False,47.339999999999996,47.339999999999996,0.0,101804,2010,2010-12,Wednesday,2,9,True
101805,P106,Glass Jar,5,2011-11-29 12:00:00,5.7,12541,Germany,False,False,False,28.5,28.5,0.0,101805,2011,2011-11,Tuesday,1,12,True
101806,P101,Ceramic Mug,1,2011-02-21 15:00:00,7.03,12055,France,False,False,False,7.03,7.03,0.0,101806,2011,2011-02,Monday,0,15,True
101806,P103,Wall Clock,1,2011-02-21 15:00:00,13.14,12055,India,False,False,False,13.14,13.14,0.0,101806,2011,2011-02,Monday,0,15,True
101807,P103,Wall Clock,4,2011-10-22 11:00:00,13.12,12492,Spain,False,False,False,52.48,52.48,0.0,101807,2011,2011-10,Saturday,5,11,True
101808,P110,Gift Wrap,3,2011-01-27 18:00:00,2.22,12655,Germany,False,False,False,6.66,6.66,0.0,101808,2011,2011-01,Thursday,3,18,True
101808,P104,Candle Set,2,2011-01-27 18:00:00,9.34,12655,India,False,False,False,18.68,18.68,0.0,101808,2011,2011-01,Thursday,3,18,True
101808,P102,Notebook,1,2011-01-27 18:00:00,4.36,12655,Netherlands,False,False,False,4.36,4.36,0.0,101808,2011,2011-01,Thursday,3,18,True
101809,P100,Gift Box,2,2011-09-28 11:00:00,4.2,12302,Germany,False,False,False,8.4,8.4,0.0,101809,2011,2011-09,Wednesday,2,11,True
101809,P103,Wall Clock,7,2011-09-28 11:00:00,14.06,12302,Spain,False,False,False,98.42,98.42,0.0,101809,2011,2011-09,Wednesday,2,11,True
101809,P108,Tea Set,3,2011-09-28 11:00:00,20.19,12302,Germany,False,False,False,60.57000000000001,60.57000000000001,0.0,101809,2011,2011-09,Wednesday,2,11,True
101809,P107,Photo Frame,3,2011-09-28 11:00:00,9.26,12302,Australia,False,False,False,27.78,27.78,0.0,101809,2011,2011-09,Wednesday,2,11,True
101810,P100,Gift Box,4,2011-09-14 13:00:00,4.58,12288,India,False,False,False,18.32,18.32,0.0,101810,2011,2011-09,Wednesday,2,13,True
101811,P106,Glass Jar,3,2011-09-17 17:00:00,5.4,12051,France,False,False,False,16.200000000000003,16.200000000000003,0.0,101811,2011,2011-09,Saturday,5,17,True
101812,P110,Gift Wrap,3,2011-04-28 08:00:00,2.59,12277,France,False,False,False,7.77,7.77,0.0,101812,2011,2011-04,Thursday,3,8,True
101812,P103,Wall Clock,1,2011-04-28 08:00:00,13.0,12277,Spain,False,False,False,13.0,13.0,0.0,101812,2011,2011-04,Thursday,3,8,True
101812,P106,Glass Jar,1,2011-04-28 08:00:00,5.07,12277,Australia,False,False,False,5.07,5.07,0.0,101812,2011,2011-04,Thursday,3,8,True
101813,P111,Serving Bowl,1,2011-08-19 08:00:00,15.18,12005,Netherlands,False,False,False,15.18,15.18,0.0,101813,2011,2011-08,Friday,4,8,True
101813,P106,Glass Jar,5,2011-08-19 08:00:00,5.3,12005,France,False,False,False,26.5,26.5,0.0,101813,2011,2011-08,Friday,4,8,True
101814,P104,Candle Set,2,2011-10-10 19:00:00,10.92,12012,France,False,False,False,21.84,21.84,0.0,101814,2011,2011-10,Monday,0,19,True
101814,P101,Ceramic Mug,1,2011-10-10 19:00:00,7.45,12012,France,False,False,False,7.45,7.45,0.0,101814,2011,2011-10,Monday,0,19,True
101815,P102,Notebook,1,2011-08-30 09:00:00,3.62,12232,France,False,False,False,3.62,3.62,0.0,101815,2011,2011-08,Tuesday,1,9,True
101815,P106,Glass Jar,4,2011-08-30 09:00:00,6.11,12232,Germany,False,False,False,24.44,24.44,0.0,101815,2011,2011-08,Tuesday,1,9,True
101816,P106,Glass Jar,1,2011-07-26 13:00:00,5.28,12200,France,False,False,False,5.28,5.28,0.0,101816,2011,2011-07,Tuesday,1,13,True
101816,P111,Serving Bowl,2,2011-07-26 13:00:00,14.88,12200,France,False,False,False,29.76,29.76,0.0,101816,2011,2011-07,Tuesday,1,13,True
101816,P103,Wall Clock,8,2011-07-26 13:00:00,14.33,12200,Netherlands,False,False,False,114.64,114.64,0.0,101816,2011,2011-07,Tuesday,1,13,True
101816,P104,Candle Set,7,2011-07-26 13:00:00,9.67,12200,France,False,False,False,67.69,67.69,0.0,101816,2011,2011-07,Tuesday,1,13,True
101817,P105,Tote Bag,6,2011-09-18 09:00:00,7.3,12043,Germany,False,False,False,43.8,43.8,0.0,101817,2011,2011-09,Sunday,6,9,True
101818,P105,Tote Bag,4,2011-02-03 14:00:00,6.89,12032,France,False,False,False,27.56,27.56,0.0,101818,2011,2011-02,Thursday,3,14,True
101818,P100,Gift Box,4,2011-02-03 14:00:00,4.8,12032,Spain,False,False,False,19.2,19.2,0.0,101818,2011,2011-02,Thursday,3,14,True
101818,P102,Notebook,2,2011-02-03 14:00:00,3.45,12032,United Kingdom,False,False,False,6.9,6.9,0.0,101818,2011,2011-02,Thursday,3,14,True
101819,P105,Tote Bag,2,2011-01-03 12:00:00,7.04,12066,Australia,False,False,False,14.08,14.08,0.0,101819,2011,2011-01,Monday,0,12,True
101820,P105,Tote Bag,4,2011-01-06 12:00:00,7.01,12699,United Kingdom,False,False,False,28.04,28.04,0.0,101820,2011,2011-01,Thursday,3,12,True
101820,P107,Photo Frame,3,2011-01-06 12:00:00,8.81,12699,United Kingdom,False,False,False,26.43,26.43,0.0,101820,2011,2011-01,Thursday,3,12,True
101820,P110,Gift Wrap,2,2011-01-06 12:00:00,2.59,12699,Spain,False,False,False,5.18,5.18,0.0,101820,2011,2011-01,Thursday,3,12,True
101821,P104,Candle Set,11,2011-01-26 14:00:00,9.38,12558,India,False,False,False,103.18,103.18,0.0,101821,2011,2011-01,Wednesday,2,14,True
101821,P107,Photo Frame,4,2011-01-26 14:00:00,7.63,12558,Netherlands,False,False,False,30.52,30.52,0.0,101821,2011,2011-01,Wednesday,2,14,True
101822,P111,Serving Bowl,1,2011-07-02 19:00:00,14.61,12559,Australia,False,False,False,14.61,14.61,0.0,101822,2011,2011-07,Saturday,5,19,True
101822,P110,Gift Wrap,19,2011-07-02 19:00:00,2.26,12559,Australia,False,False,False,42.94,42.94,0.0,101822,2011,2011-07,Saturday,5,19,True
101822,P105,Tote Bag,4,2011-07-02 19:00:00,6.83,12559,Germany,False,False,False,27.32,27.32,0.0,101822,2011,2011-07,Saturday,5,19,True
101823,P101,Ceramic Mug,2,2011-03-30 19:00:00,8.11,12286,Netherlands,False,False,False,16.22,16.22,0.0,101823,2011,2011-03,Wednesday,2,19,True
101824,P103,Wall Clock,2,2011-01-13 09:00:00,14.24,12363,India,False,False,False,28.48,28.48,0.0,101824,2011,2011-01,Thursday,3,9,True
101824,P102,Notebook,3,2011-01-13 09:00:00,3.65,12363,United Kingdom,False,False,False,10.95,10.95,0.0,101824,2011,2011-01,Thursday,3,9,True
101824,P100,Gift Box,3,2011-01-13 09:00:00,4.27,12363,Germany,False,False,False,12.809999999999999,12.809999999999999,0.0,101824,2011,2011-01,Thursday,3,9,True
101824,P107,Photo Frame,3,2011-01-13 09:00:00,7.64,12363,Germany,False,False,False,22.919999999999998,22.919999999999998,0.0,101824,2011,2011-01,Thursday,3,9,True
101825,P111,Serving Bowl,1,2011-05-01 15:00:00,13.84,12244,France,False,False,False,13.84,13.84,0.0,101825,2011,2011-05,Sunday,6,15,True
101826,P104,Candle Set,3,2011-10-27 15:00:00,9.01,12095,Australia,False,False,False,27.03,27.03,0.0,101826,2011,2011-10,Thursday,3,15,True
101826,P100,Gift Box,11,2011-10-27 15:00:00,4.34,12095,Australia,False,False,False,47.739999999999995,47.739999999999995,0.0,101826,2011,2011-10,Thursday,3,15,True
101827,P108,Tea Set,1,2011-07-27 17:00:00,16.82,12001,Netherlands,False,False,False,16.82,16.82,0.0,101827,2011,2011-07,Wednesday,2,17,True
101828,P104,Candle Set,7,2011-08-21 10:00:00,11.08,12077,Germany,False,False,False,77.56,77.56,0.0,101828,2011,2011-08,Sunday,6,10,True
101829,P106,Glass Jar,9,2011-01-09 12:00:00,5.78,12358,Spain,False,False,False,52.02,52.02,0.0,101829,2011,2011-01,Sunday,6,12,True
101829,P110,Gift Wrap,3,2011-01-09 12:00:00,2.4,12358,Spain,False,False,False,7.199999999999999,7.199999999999999,0.0,101829,2011,2011-01,Sunday,6,12,True
101829,P105,Tote Bag,9,2011-01-09 12:00:00,6.91,12358,Netherlands,False,False,False,62.19,62.19,0.0,101829,2011,2011-01,Sunday,6,12,True
101829,P107,Photo Frame,1,2011-01-09 12:00:00,9.04,12358,United Kingdom,False,False,False,9.04,9.04,0.0,101829,2011,2011-01,Sunday,6,12,True
101830,P107,Photo Frame,3,2011-11-17 09:00:00,7.56,12226,India,False,False,False,22.68,22.68,0.0,101830,2011,2011-11,Thursday,3,9,True
101830,P103,Wall Clock,1,2011-11-17 09:00:00,11.97,12226,Spain,False,False,False,11.97,11.97,0.0,101830,2011,2011-11,Thursday,3,9,True
101830,P101,Ceramic Mug,4,2011-11-17 09:00:00,7.78,12226,Spain,False,False,False,31.12,31.12,0.0,101830,2011,2011-11,Thursday,3,9,True
101831,P111,Serving Bowl,2,2011-05-30 19:00:00,15.69,12531,Spain,False,False,False,31.38,31.38,0.0,101831,2011,2011-05,Monday,0,19,True
101831,P108,Tea Set,2,2011-05-30 19:00:00,19.1,12531,Netherlands,False,False,False,38.2,38.2,0.0,101831,2011,2011-05,Monday,0,19,True
101831,P110,Gift Wrap,8,2011-05-30 19:00:00,2.19,12531,Spain,False,False,False,17.52,17.52,0.0,101831,2011,2011-05,Monday,0,19,True
101831,P109,Desk Organizer,1,2011-05-30 19:00:00,10.15,12531,United Kingdom,False,False,False,10.15,10.15,0.0,101831,2011,2011-05,Monday,0,19,True
101832,P104,Candle Set,9,2011-06-19 17:00:00,10.51,12011,Spain,False,False,False,94.59,94.59,0.0,101832,2011,2011-06,Sunday,6,17,True
101832,P108,Tea Set,2,2011-06-19 17:00:00,19.55,12011,Spain,False,False,False,39.1,39.1,0.0,101832,2011,2011-06,Sunday,6,17,True
101832,P111,Serving Bowl,5,2011-06-19 17:00:00,14.33,12011,Spain,False,False,False,71.65,71.65,0.0,101832,2011,2011-06,Sunday,6,17,True
101832,P100,Gift Box,2,2011-06-19 17:00:00,4.45,12011,India,False,False,False,8.9,8.9,0.0,101832,2011,2011-06,Sunday,6,17,True
101833,P106,Glass Jar,1,2011-03-28 18:00:00,5.48,12553,Netherlands,False,False,False,5.48,5.48,0.0,101833,2011,2011-03,Monday,0,18,True
101833,P110,Gift Wrap,5,2011-03-28 18:00:00,2.3,12553,France,False,False,False,11.5,11.5,0.0,101833,2011,2011-03,Monday,0,18,True
101833,P105,Tote Bag,3,2011-03-28 18:00:00,6.95,12553,United Kingdom,False,False,False,20.85,20.85,0.0,101833,2011,2011-03,Monday,0,18,True
101834,P111,Serving Bowl,3,2011-06-25 17:00:00,15.87,12246,France,False,False,False,47.61,47.61,0.0,101834,2011,2011-06,Saturday,5,17,True
101835,P108,Tea Set,2,2011-01-25 09:00:00,19.91,12545,Netherlands,False,False,False,39.82,39.82,0.0,101835,2011,2011-01,Tuesday,1,9,True
101835,P104,Candle Set,1,2011-01-25 09:00:00,10.55,12545,United Kingdom,False,False,False,10.55,10.55,0.0,101835,2011,2011-01,Tuesday,1,9,True
101836,P111,Serving Bowl,7,2011-09-13 09:00:00,15.79,12567,Germany,False,False,False,110.53,110.53,0.0,101836,2011,2011-09,Tuesday,1,9,True
101837,P105,Tote Bag,6,2011-05-29 11:00:00,6.66,12213,Australia,False,False,False,39.96,39.96,0.0,101837,2011,2011-05,Sunday,6,11,True
101837,P104,Candle Set,1,2011-05-29 11:00:00,10.15,12213,Australia,False,False,False,10.15,10.15,0.0,101837,2011,2011-05,Sunday,6,11,True
101837,P100,Gift Box,6,2011-05-29 11:00:00,4.88,12213,Spain,False,False,False,29.28,29.28,0.0,101837,2011,2011-05,Sunday,6,11,True
101838,P105,Tote Bag,4,2011-03-10 09:00:00,6.32,12222,France,False,False,False,25.28,25.28,0.0,101838,2011,2011-03,Thursday,3,9,True
101838,P111,Serving Bowl,4,2011-03-10 09:00:00,13.21,12222,Netherlands,False,False,False,52.84,52.84,0.0,101838,2011,2011-03,Thursday,3,9,True
101839,P111,Serving Bowl,1,2010-12-28 19:00:00,13.42,12637,Australia,False,False,False,13.42,13.42,0.0,101839,2010,2010-12,Tuesday,1,19,True
101840,P105,Tote Bag,1,2011-11-02 11:00:00,5.93,12678,Spain,False,False,False,5.93,5.93,0.0,101840,2011,2011-11,Wednesday,2,11,True
101840,P111,Serving Bowl,2,2011-11-02 11:00:00,15.81,12678,Netherlands,False,False,False,31.62,31.62,0.0,101840,2011,2011-11,Wednesday,2,11,True
101840,P102,Notebook,105,2011-11-02 11:00:00,3.84,12678,Australia,False,False,False,403.2,403.2,0.0,101840,2011,2011-11,Wednesday,2,11,True
101841,P108,Tea Set,1,2011-06-12 09:00:00,19.11,12054,Netherlands,False,False,False,19.11,19.11,0.0,101841,2011,2011-06,Sunday,6,9,True
101841,P104,Candle Set,1,2011-06-12 09:00:00,10.18,12054,India,False,False,False,10.18,10.18,0.0,101841,2011,2011-06,Sunday,6,9,True
101842,P111,Serving Bowl,5,2011-02-05 11:00:00,15.1,12696,Netherlands,False,False,False,75.5,75.5,0.0,101842,2011,2011-02,Saturday,5,11,True
101842,P100,Gift Box,1,2011-02-05 11:00:00,4.79,12696,Australia,False,False,False,4.79,4.79,0.0,101842,2011,2011-02,Saturday,5,11,True
101842,P105,Tote Bag,1,2011-02-05 11:00:00,6.5,12696,India,False,False,False,6.5,6.5,0.0,101842,2011,2011-02,Saturday,5,11,True
101843,P110,Gift Wrap,5,2011-03-24 18:00:00,2.42,12023,United Kingdom,False,False,False,12.1,12.1,0.0,101843,2011,2011-03,Thursday,3,18,True
101843,P105,Tote Bag,2,2011-03-24 18:00:00,7.08,12023,Germany,False,False,False,14.16,14.16,0.0,101843,2011,2011-03,Thursday,3,18,True
101843,P103,Wall Clock,4,2011-03-24 18:00:00,12.74,12023,India,False,False,False,50.96,50.96,0.0,101843,2011,2011-03,Thursday,3,18,True
101844,P102,Notebook,8,2011-11-02 15:00:00,3.64,12329,India,False,False,False,29.12,29.12,0.0,101844,2011,2011-11,Wednesday,2,15,True
101845,P101,Ceramic Mug,1,2011-02-25 17:00:00,7.58,12331,India,False,False,False,7.58,7.58,0.0,101845,2011,2011-02,Friday,4,17,True
101846,P105,Tote Bag,5,2011-01-02 16:00:00,6.58,12006,Netherlands,False,False,False,32.9,32.9,0.0,101846,2011,2011-01,Sunday,6,16,True
101846,P107,Photo Frame,1,2011-01-02 16:00:00,9.2,12006,Australia,False,False,False,9.2,9.2,0.0,101846,2011,2011-01,Sunday,6,16,True
101846,P110,Gift Wrap,3,2011-01-02 16:00:00,2.36,12006,Spain,False,False,False,7.08,7.08,0.0,101846,2011,2011-01,Sunday,6,16,True
101846,P109,Desk Organizer,2,2011-01-02 16:00:00,11.41,12006,Australia,False,False,False,22.82,22.82,0.0,101846,2011,2011-01,Sunday,6,16,True
101847,P109,Desk Organizer,1,2011-08-26 19:00:00,12.25,12679,United Kingdom,False,False,False,12.25,12.25,0.0,101847,2011,2011-08,Friday,4,19,True
101848,P103,Wall Clock,6,2011-07-25 13:00:00,13.57,12586,Netherlands,False,False,False,81.42,81.42,0.0,101848,2011,2011-07,Monday,0,13,True
101848,P111,Serving Bowl,6,2011-07-25 13:00:00,14.73,12586,Germany,False,False,False,88.38,88.38,0.0,101848,2011,2011-07,Monday,0,13,True
101848,P102,Notebook,2,2011-07-25 13:00:00,4.23,12586,France,False,False,False,8.46,8.46,0.0,101848,2011,2011-07,Monday,0,13,True
101848,P110,Gift Wrap,9,2011-07-25 13:00:00,2.31,12586,Spain,False,False,False,20.79,20.79,0.0,101848,2011,2011-07,Monday,0,13,True
101849,P101,Ceramic Mug,2,2011-01-29 10:00:00,7.8,12015,Netherlands,False,False,False,15.6,15.6,0.0,101849,2011,2011-01,Saturday,5,10,True
101849,P103,Wall Clock,4,2011-01-29 10:00:00,13.67,12015,France,False,False,False,54.68,54.68,0.0,101849,2011,2011-01,Saturday,5,10,True
101849,P111,Serving Bowl,3,2011-01-29 10:00:00,15.76,12015,United Kingdom,False,False,False,47.28,47.28,0.0,101849,2011,2011-01,Saturday,5,10,True
101850,P100,Gift Box,3,2011-11-14 09:00:00,5.13,12055,Australia,False,False,False,15.39,15.39,0.0,101850,2011,2011-11,Monday,0,9,True
101850,P105,Tote Bag,26,2011-11-14 09:00:00,6.4,12055,India,False,False,False,166.4,166.4,0.0,101850,2011,2011-11,Monday,0,9,True
101851,P100,Gift Box,4,2011-01-02 17:00:00,4.98,12056,Netherlands,False,False,False,19.92,19.92,0.0,101851,2011,2011-01,Sunday,6,17,True
101851,P108,Tea Set,4,2011-01-02 17:00:00,19.24,12056,Australia,False,False,False,76.96,76.96,0.0,101851,2011,2011-01,Sunday,6,17,True
101851,P111,Serving Bowl,1,2011-01-02 17:00:00,14.76,12056,Australia,False,False,False,14.76,14.76,0.0,101851,2011,2011-01,Sunday,6,17,True
101851,P109,Desk Organizer,2,2011-01-02 17:00:00,10.34,12056,France,False,False,False,20.68,20.68,0.0,101851,2011,2011-01,Sunday,6,17,True
101852,P111,Serving Bowl,1,2010-12-05 13:00:00,15.19,12057,United Kingdom,False,False,False,15.19,15.19,0.0,101852,2010,2010-12,Sunday,6,13,True
101852,P104,Candle Set,4,2010-12-05 13:00:00,9.18,12057,Germany,False,False,False,36.72,36.72,0.0,101852,2010,2010-12,Sunday,6,13,True
101853,P105,Tote Bag,3,2011-07-11 11:00:00,6.32,12293,Australia,False,False,False,18.96,18.96,0.0,101853,2011,2011-07,Monday,0,11,True
101853,P102,Notebook,4,2011-07-11 11:00:00,3.94,12293,France,False,False,False,15.76,15.76,0.0,101853,2011,2011-07,Monday,0,11,True
101854,P107,Photo Frame,1,2010-12-27 17:00:00,8.83,12049,Germany,False,False,False,8.83,8.83,0.0,101854,2010,2010-12,Monday,0,17,True
101854,P100,Gift Box,1,2010-12-27 17:00:00,4.28,12049,India,False,False,False,4.28,4.28,0.0,101854,2010,2010-12,Monday,0,17,True
101854,P108,Tea Set,3,2010-12-27 17:00:00,16.47,12049,Spain,False,False,False,49.41,49.41,0.0,101854,2010,2010-12,Monday,0,17,True
101854,P106,Glass Jar,3,2010-12-27 17:00:00,5.45,12049,Australia,False,False,False,16.35,16.35,0.0,101854,2010,2010-12,Monday,0,17,True
101855,P111,Serving Bowl,2,2011-01-21 12:00:00,16.46,12035,India,False,False,False,32.92,32.92,0.0,101855,2011,2011-01,Friday,4,12,True
101856,P103,Wall Clock,4,2011-01-23 18:00:00,14.2,12012,Spain,False,False,False,56.8,56.8,0.0,101856,2011,2011-01,Sunday,6,18,True
101857,P110,Gift Wrap,9,2011-01-27 11:00:00,2.53,12334,France,False,False,False,22.77,22.77,0.0,101857,2011,2011-01,Thursday,3,11,True
101857,P106,Glass Jar,7,2011-01-27 11:00:00,5.44,12334,Spain,False,False,False,38.080000000000005,38.080000000000005,0.0,101857,2011,2011-01,Thursday,3,11,True
101858,P110,Gift Wrap,3,2011-06-04 17:00:00,2.52,12472,India,False,False,False,7.5600000000000005,7.5600000000000005,0.0,101858,2011,2011-06,Saturday,5,17,True
101858,P104,Candle Set,1,2011-06-04 17:00:00,9.81,12472,United Kingdom,False,False,False,9.81,9.81,0.0,101858,2011,2011-06,Saturday,5,17,True
101858,P107,Photo Frame,8,2011-06-04 17:00:00,7.39,12472,Spain,False,False,False,59.12,59.12,0.0,101858,2011,2011-06,Saturday,5,17,True
101858,P111,Serving Bowl,1,2011-06-04 17:00:00,13.96,12472,Australia,False,False,False,13.96,13.96,0.0,101858,2011,2011-06,Saturday,5,17,True
101859,P110,Gift Wrap,3,2011-10-31 18:00:00,2.38,12029,Germany,False,False,False,7.14,7.14,0.0,101859,2011,2011-10,Monday,0,18,True
101859,P107,Photo Frame,11,2011-10-31 18:00:00,7.9,12029,Germany,False,False,False,86.9,86.9,0.0,101859,2011,2011-10,Monday,0,18,True
101859,P102,Notebook,3,2011-10-31 18:00:00,4.3,12029,Germany,False,False,False,12.899999999999999,12.899999999999999,0.0,101859,2011,2011-10,Monday,0,18,True
101859,P101,Ceramic Mug,8,2011-10-31 18:00:00,6.76,12029,Germany,False,False,False,54.08,54.08,0.0,101859,2011,2011-10,Monday,0,18,True
101860,P110,Gift Wrap,6,2011-10-21 11:00:00,2.16,12634,Germany,False,False,False,12.96,12.96,0.0,101860,2011,2011-10,Friday,4,11,True
101860,P109,Desk Organizer,6,2011-10-21 11:00:00,11.2,12634,Spain,False,False,False,67.19999999999999,67.19999999999999,0.0,101860,2011,2011-10,Friday,4,11,True
101860,P101,Ceramic Mug,2,2011-10-21 11:00:00,7.51,12634,Spain,False,False,False,15.02,15.02,0.0,101860,2011,2011-10,Friday,4,11,True
101861,P111,Serving Bowl,1,2011-09-12 09:00:00,14.35,12198,Spain,False,False,False,14.35,14.35,0.0,101861,2011,2011-09,Monday,0,9,True
101861,P105,Tote Bag,2,2011-09-12 09:00:00,7.02,12198,Germany,False,False,False,14.04,14.04,0.0,101861,2011,2011-09,Monday,0,9,True
101861,P101,Ceramic Mug,7,2011-09-12 09:00:00,7.65,12198,Germany,False,False,False,53.550000000000004,53.550000000000004,0.0,101861,2011,2011-09,Monday,0,9,True
101861,P100,Gift Box,3,2011-09-12 09:00:00,4.84,12198,France,False,False,False,14.52,14.52,0.0,101861,2011,2011-09,Monday,0,9,True
101862,P100,Gift Box,4,2011-04-22 17:00:00,4.81,12379,United Kingdom,False,False,False,19.24,19.24,0.0,101862,2011,2011-04,Friday,4,17,True
101862,P101,Ceramic Mug,1,2011-04-22 17:00:00,8.26,12379,Spain,False,False,False,8.26,8.26,0.0,101862,2011,2011-04,Friday,4,17,True
101863,P110,Gift Wrap,3,2011-10-26 11:00:00,2.63,12020,United Kingdom,False,False,False,7.89,7.89,0.0,101863,2011,2011-10,Wednesday,2,11,True
101863,P103,Wall Clock,1,2011-10-26 11:00:00,11.78,12020,Germany,False,False,False,11.78,11.78,0.0,101863,2011,2011-10,Wednesday,2,11,True
101864,P109,Desk Organizer,9,2011-08-16 16:00:00,11.81,12514,India,False,False,False,106.29,106.29,0.0,101864,2011,2011-08,Tuesday,1,16,True
101865,P107,Photo Frame,1,2011-11-27 11:00:00,8.91,12598,France,False,False,False,8.91,8.91,0.0,101865,2011,2011-11,Sunday,6,11,True
101865,P106,Glass Jar,1,2011-11-27 11:00:00,6.07,12598,United Kingdom,False,False,False,6.07,6.07,0.0,101865,2011,2011-11,Sunday,6,11,True
101866,P103,Wall Clock,3,2011-09-09 17:00:00,11.41,12035,Australia,False,False,False,34.230000000000004,34.230000000000004,0.0,101866,2011,2011-09,Friday,4,17,True
101867,P107,Photo Frame,1,2011-06-19 12:00:00,7.56,12105,Germany,False,False,False,7.56,7.56,0.0,101867,2011,2011-06,Sunday,6,12,True
101867,P102,Notebook,1,2011-06-19 12:00:00,3.43,12105,France,False,False,False,3.43,3.43,0.0,101867,2011,2011-06,Sunday,6,12,True
101868,P100,Gift Box,82,2010-12-19 19:00:00,4.69,12316,India,False,False,False,384.58000000000004,384.58000000000004,0.0,101868,2010,2010-12,Sunday,6,19,True
101869,P100,Gift Box,5,2010-12-04 19:00:00,4.93,12025,Australia,False,False,False,24.65,24.65,0.0,101869,2010,2010-12,Saturday,5,19,True
101869,P104,Candle Set,1,2010-12-04 19:00:00,10.97,12025,India,False,False,False,10.97,10.97,0.0,101869,2010,2010-12,Saturday,5,19,True
101869,P111,Serving Bowl,90,2010-12-04 19:00:00,14.35,12025,Australia,False,False,False,1291.5,1291.5,0.0,101869,2010,2010-12,Saturday,5,19,True
101869,P110,Gift Wrap,1,2010-12-04 19:00:00,2.73,12025,India,False,False,False,2.73,2.73,0.0,101869,2010,2010-12,Saturday,5,19,True
101870,P108,Tea Set,4,2011-03-09 11:00:00,16.93,12024,Germany,False,False,False,67.72,67.72,0.0,101870,2011,2011-03,Wednesday,2,11,True
101870,P107,Photo Frame,1,2011-03-09 11:00:00,7.77,12024,Germany,False,False,False,7.77,7.77,0.0,101870,2011,2011-03,Wednesday,2,11,True
101870,P104,Candle Set,3,2011-03-09 11:00:00,10.17,12024,Netherlands,False,False,False,30.509999999999998,30.509999999999998,0.0,101870,2011,2011-03,Wednesday,2,11,True
101871,P104,Candle Set,7,2011-08-23 17:00:00,10.11,12443,Australia,False,False,False,70.77,70.77,0.0,101871,2011,2011-08,Tuesday,1,17,True
101872,P103,Wall Clock,3,2011-08-09 18:00:00,13.73,12072,United Kingdom,False,False,False,41.19,41.19,0.0,101872,2011,2011-08,Tuesday,1,18,True
101872,P104,Candle Set,3,2011-08-09 18:00:00,10.17,12072,Germany,False,False,False,30.509999999999998,30.509999999999998,0.0,101872,2011,2011-08,Tuesday,1,18,True
101872,P107,Photo Frame,11,2011-08-09 18:00:00,8.7,12072,France,False,False,False,95.69999999999999,95.69999999999999,0.0,101872,2011,2011-08,Tuesday,1,18,True
101872,P109,Desk Organizer,2,2011-08-09 18:00:00,12.58,12072,Spain,False,False,False,25.16,25.16,0.0,101872,2011,2011-08,Tuesday,1,18,True
101873,P106,Glass Jar,1,2011-11-29 12:00:00,5.83,12448,India,False,False,False,5.83,5.83,0.0,101873,2011,2011-11,Tuesday,1,12,True
101873,P109,Desk Organizer,2,2011-11-29 12:00:00,11.28,12448,Australia,False,False,False,22.56,22.56,0.0,101873,2011,2011-11,Tuesday,1,12,True
101873,P101,Ceramic Mug,2,2011-11-29 12:00:00,7.7,12448,France,False,False,False,15.4,15.4,0.0,101873,2011,2011-11,Tuesday,1,12,True
101873,P100,Gift Box,15,2011-11-29 12:00:00,5.03,12448,Netherlands,False,False,False,75.45,75.45,0.0,101873,2011,2011-11,Tuesday,1,12,True
101874,P107,Photo Frame,2,2011-06-25 08:00:00,7.8,12042,India,False,False,False,15.6,15.6,0.0,101874,2011,2011-06,Saturday,5,8,True
101875,P107,Photo Frame,5,2011-09-18 15:00:00,9.11,12633,Germany,False,False,False,45.55,45.55,0.0,101875,2011,2011-09,Sunday,6,15,True
101875,P109,Desk Organizer,5,2011-09-18 15:00:00,10.31,12633,Netherlands,False,False,False,51.550000000000004,51.550000000000004,0.0,101875,2011,2011-09,Sunday,6,15,True
101876,P100,Gift Box,16,2011-09-25 08:00:00,4.28,12007,Netherlands,False,False,False,68.48,68.48,0.0,101876,2011,2011-09,Sunday,6,8,True
101876,P105,Tote Bag,3,2011-09-25 08:00:00,6.29,12007,Germany,False,False,False,18.87,18.87,0.0,101876,2011,2011-09,Sunday,6,8,True
101876,P102,Notebook,1,2011-09-25 08:00:00,4.35,12007,Netherlands,False,False,False,4.35,4.35,0.0,101876,2011,2011-09,Sunday,6,8,True
101877,P110,Gift Wrap,2,2011-05-24 12:00:00,2.74,12025,Spain,False,False,False,5.48,5.48,0.0,101877,2011,2011-05,Tuesday,1,12,True
101878,P109,Desk Organizer,4,2011-06-04 10:00:00,10.02,12001,Australia,False,False,False,40.08,40.08,0.0,101878,2011,2011-06,Saturday,5,10,True
101879,P111,Serving Bowl,5,2011-07-27 18:00:00,15.67,12034,Germany,False,False,False,78.35,78.35,0.0,101879,2011,2011-07,Wednesday,2,18,True
101880,P109,Desk Organizer,1,2011-06-14 15:00:00,10.79,12141,Australia,False,False,False,10.79,10.79,0.0,101880,2011,2011-06,Tuesday,1,15,True
101881,P108,Tea Set,1,2011-06-26 14:00:00,18.49,12032,Netherlands,False,False,False,18.49,18.49,0.0,101881,2011,2011-06,Sunday,6,14,True
101881,P107,Photo Frame,3,2011-06-26 14:00:00,8.98,12032,Germany,False,False,False,26.94,26.94,0.0,101881,2011,2011-06,Sunday,6,14,True
101881,P103,Wall Clock,4,2011-06-26 14:00:00,11.73,12032,Netherlands,False,False,False,46.92,46.92,0.0,101881,2011,2011-06,Sunday,6,14,True
101882,P106,Glass Jar,2,2011-11-25 12:00:00,5.98,12049,India,False,False,False,11.96,11.96,0.0,101882,2011,2011-11,Friday,4,12,True
101882,P108,Tea Set,3,2011-11-25 12:00:00,18.1,12049,Spain,False,False,False,54.300000000000004,54.300000000000004,0.0,101882,2011,2011-11,Friday,4,12,True
101883,P100,Gift Box,4,2011-03-25 14:00:00,5.0,12537,United Kingdom,False,False,False,20.0,20.0,0.0,101883,2011,2011-03,Friday,4,14,True
101883,P105,Tote Bag,5,2011-03-25 14:00:00,6.59,12537,Australia,False,False,False,32.95,32.95,0.0,101883,2011,2011-03,Friday,4,14,True
101883,P101,Ceramic Mug,8,2011-03-25 14:00:00,7.7,12537,Spain,False,False,False,61.6,61.6,0.0,101883,2011,2011-03,Friday,4,14,True
101884,P101,Ceramic Mug,4,2011-10-30 11:00:00,8.07,12055,Australia,False,False,False,32.28,32.28,0.0,101884,2011,2011-10,Sunday,6,11,True
101884,P103,Wall Clock,7,2011-10-30 11:00:00,11.56,12055,Australia,False,False,False,80.92,80.92,0.0,101884,2011,2011-10,Sunday,6,11,True
101884,P106,Glass Jar,9,2011-10-30 11:00:00,6.23,12055,Australia,False,False,False,56.07000000000001,56.07000000000001,0.0,101884,2011,2011-10,Sunday,6,11,True
101884,P108,Tea Set,6,2011-10-30 11:00:00,18.56,12055,Germany,False,False,False,111.35999999999999,111.35999999999999,0.0,101884,2011,2011-10,Sunday,6,11,True
101885,P110,Gift Wrap,1,2011-07-09 16:00:00,2.52,12468,Spain,False,False,False,2.52,2.52,0.0,101885,2011,2011-07,Saturday,5,16,True
101885,P107,Photo Frame,1,2011-07-09 16:00:00,9.37,12468,Germany,False,False,False,9.37,9.37,0.0,101885,2011,2011-07,Saturday,5,16,True
101885,P111,Serving Bowl,3,2011-07-09 16:00:00,13.52,12468,Netherlands,False,False,False,40.56,40.56,0.0,101885,2011,2011-07,Saturday,5,16,True
101885,P108,Tea Set,5,2011-07-09 16:00:00,16.81,12468,France,False,False,False,84.05,84.05,0.0,101885,2011,2011-07,Saturday,5,16,True
101886,P100,Gift Box,9,2011-08-31 08:00:00,4.91,12058,Germany,False,False,False,44.19,44.19,0.0,101886,2011,2011-08,Wednesday,2,8,True
101887,P109,Desk Organizer,3,2011-10-17 08:00:00,11.03,12020,Germany,False,False,False,33.089999999999996,33.089999999999996,0.0,101887,2011,2011-10,Monday,0,8,True
101887,P108,Tea Set,9,2011-10-17 08:00:00,16.37,12020,France,False,False,False,147.33,147.33,0.0,101887,2011,2011-10,Monday,0,8,True
101887,P104,Candle Set,1,2011-10-17 08:00:00,9.73,12020,Netherlands,False,False,False,9.73,9.73,0.0,101887,2011,2011-10,Monday,0,8,True
101887,P102,Notebook,3,2011-10-17 08:00:00,3.64,12020,United Kingdom,False,False,False,10.92,10.92,0.0,101887,2011,2011-10,Monday,0,8,True
101888,P104,Candle Set,4,2010-12-13 18:00:00,8.96,12069,Australia,False,False,False,35.84,35.84,0.0,101888,2010,2010-12,Monday,0,18,True
101888,P102,Notebook,4,2010-12-13 18:00:00,4.19,12069,Australia,False,False,False,16.76,16.76,0.0,101888,2010,2010-12,Monday,0,18,True
101888,P108,Tea Set,8,2010-12-13 18:00:00,17.08,12069,France,False,False,False,136.64,136.64,0.0,101888,2010,2010-12,Monday,0,18,True
101888,P111,Serving Bowl,3,2010-12-13 18:00:00,16.14,12069,Spain,False,False,False,48.42,48.42,0.0,101888,2010,2010-12,Monday,0,18,True
101889,P106,Glass Jar,4,2011-08-22 09:00:00,5.12,12347,Spain,False,False,False,20.48,20.48,0.0,101889,2011,2011-08,Monday,0,9,True
101889,P107,Photo Frame,1,2011-08-22 09:00:00,8.03,12347,Spain,False,False,False,8.03,8.03,0.0,101889,2011,2011-08,Monday,0,9,True
101889,P101,Ceramic Mug,2,2011-08-22 09:00:00,7.58,12347,India,False,False,False,15.16,15.16,0.0,101889,2011,2011-08,Monday,0,9,True
101890,P106,Glass Jar,2,2010-12-14 09:00:00,5.25,12055,France,False,False,False,10.5,10.5,0.0,101890,2010,2010-12,Tuesday,1,9,True
101891,P106,Glass Jar,2,2011-10-14 15:00:00,5.64,12684,Australia,False,False,False,11.28,11.28,0.0,101891,2011,2011-10,Friday,4,15,True
101891,P108,Tea Set,1,2011-10-14 15:00:00,17.29,12684,Netherlands,False,False,False,17.29,17.29,0.0,101891,2011,2011-10,Friday,4,15,True
101892,P111,Serving Bowl,1,2011-09-16 10:00:00,15.32,12448,France,False,False,False,15.32,15.32,0.0,101892,2011,2011-09,Friday,4,10,True
101893,P101,Ceramic Mug,6,2011-10-22 12:00:00,8.12,12046,India,False,False,False,48.72,48.72,0.0,101893,2011,2011-10,Saturday,5,12,True
101894,P110,Gift Wrap,3,2010-12-24 14:00:00,2.19,12666,Germany,False,False,False,6.57,6.57,0.0,101894,2010,2010-12,Friday,4,14,True
101894,P103,Wall Clock,2,2010-12-24 14:00:00,11.42,12666,United Kingdom,False,False,False,22.84,22.84,0.0,101894,2010,2010-12,Friday,4,14,True
101894,P106,Glass Jar,5,2010-12-24 14:00:00,5.51,12666,India,False,False,False,27.549999999999997,27.549999999999997,0.0,101894,2010,2010-12,Friday,4,14,True
101894,P105,Tote Bag,2,2010-12-24 14:00:00,7.0,12666,Australia,False,False,False,14.0,14.0,0.0,101894,2010,2010-12,Friday,4,14,True
101895,P106,Glass Jar,19,2011-08-25 15:00:00,6.14,12338,United Kingdom,False,False,False,116.66,116.66,0.0,101895,2011,2011-08,Thursday,3,15,True
101895,P100,Gift Box,2,2011-08-25 15:00:00,4.64,12338,Germany,False,False,False,9.28,9.28,0.0,101895,2011,2011-08,Thursday,3,15,True
101895,P109,Desk Organizer,7,2011-08-25 15:00:00,11.09,12338,Australia,False,False,False,77.63,77.63,0.0,101895,2011,2011-08,Thursday,3,15,True
101895,P102,Notebook,9,2011-08-25 15:00:00,4.19,12338,India,False,False,False,37.71,37.71,0.0,101895,2011,2011-08,Thursday,3,15,True
101896,P101,Ceramic Mug,3,2010-12-10 17:00:00,6.76,12513,Netherlands,False,False,False,20.28,20.28,0.0,101896,2010,2010-12,Friday,4,17,True
101896,P100,Gift Box,5,2010-12-10 17:00:00,4.61,12513,France,False,False,False,23.05,23.05,0.0,101896,2010,2010-12,Friday,4,17,True
101896,P110,Gift Wrap,1,2010-12-10 17:00:00,2.18,12513,Netherlands,False,False,False,2.18,2.18,0.0,101896,2010,2010-12,Friday,4,17,True
101897,P103,Wall Clock,1,2011-07-13 17:00:00,12.25,12032,Australia,False,False,False,12.25,12.25,0.0,101897,2011,2011-07,Wednesday,2,17,True
101897,P105,Tote Bag,3,2011-07-13 17:00:00,6.09,12032,India,False,False,False,18.27,18.27,0.0,101897,2011,2011-07,Wednesday,2,17,True
101897,P107,Photo Frame,4,2011-07-13 17:00:00,7.52,12032,Spain,False,False,False,30.08,30.08,0.0,101897,2011,2011-07,Wednesday,2,17,True
101897,P110,Gift Wrap,4,2011-07-13 17:00:00,2.2,12032,Spain,False,False,False,8.8,8.8,0.0,101897,2011,2011-07,Wednesday,2,17,True
101898,P101,Ceramic Mug,2,2011-08-15 15:00:00,7.42,12555,India,False,False,False,14.84,14.84,0.0,101898,2011,2011-08,Monday,0,15,True
101898,P102,Notebook,7,2011-08-15 15:00:00,4.15,12555,Australia,False,False,False,29.050000000000004,29.050000000000004,0.0,101898,2011,2011-08,Monday,0,15,True
101898,P107,Photo Frame,7,2011-08-15 15:00:00,9.25,12555,Germany,False,False,False,64.75,64.75,0.0,101898,2011,2011-08,Monday,0,15,True
101899,P111,Serving Bowl,1,2011-04-10 16:00:00,13.26,12505,India,False,False,False,13.26,13.26,0.0,101899,2011,2011-04,Sunday,6,16,True
101900,P107,Photo Frame,2,2011-05-16 19:00:00,8.32,12037,Spain,False,False,False,16.64,16.64,0.0,101900,2011,2011-05,Monday,0,19,True
101900,P111,Serving Bowl,1,2011-05-16 19:00:00,15.35,12037,Australia,False,False,False,15.35,15.35,0.0,101900,2011,2011-05,Monday,0,19,True
101900,P109,Desk Organizer,8,2011-05-16 19:00:00,11.14,12037,Germany,False,False,False,89.12,89.12,0.0,101900,2011,2011-05,Monday,0,19,True
101900,P104,Candle Set,1,2011-05-16 19:00:00,10.5,12037,United Kingdom,False,False,False,10.5,10.5,0.0,101900,2011,2011-05,Monday,0,19,True
101901,P102,Notebook,1,2011-05-19 17:00:00,3.5,12640,India,False,False,False,3.5,3.5,0.0,101901,2011,2011-05,Thursday,3,17,True
101901,P103,Wall Clock,1,2011-05-19 17:00:00,12.73,12640,France,False,False,False,12.73,12.73,0.0,101901,2011,2011-05,Thursday,3,17,True
101901,P110,Gift Wrap,8,2011-05-19 17:00:00,2.47,12640,France,False,False,False,19.76,19.76,0.0,101901,2011,2011-05,Thursday,3,17,True
101901,P109,Desk Organizer,11,2011-05-19 17:00:00,11.26,12640,India,False,False,False,123.86,123.86,0.0,101901,2011,2011-05,Thursday,3,17,True
101902,P108,Tea Set,17,2011-10-31 18:00:00,19.23,12346,Australia,False,False,False,326.91,326.91,0.0,101902,2011,2011-10,Monday,0,18,True
101903,P106,Glass Jar,23,2011-01-19 09:00:00,5.72,12213,Germany,False,False,False,131.56,131.56,0.0,101903,2011,2011-01,Wednesday,2,9,True
101903,P100,Gift Box,3,2011-01-19 09:00:00,4.47,12213,Germany,False,False,False,13.41,13.41,0.0,101903,2011,2011-01,Wednesday,2,9,True
101904,P109,Desk Organizer,3,2011-08-28 12:00:00,11.1,12336,Australia,False,False,False,33.3,33.3,0.0,101904,2011,2011-08,Sunday,6,12,True
101904,P102,Notebook,5,2011-08-28 12:00:00,4.14,12336,United Kingdom,False,False,False,20.7,20.7,0.0,101904,2011,2011-08,Sunday,6,12,True
101905,P100,Gift Box,5,2011-10-06 19:00:00,4.62,12446,Netherlands,False,False,False,23.1,23.1,0.0,101905,2011,2011-10,Thursday,3,19,True
101905,P108,Tea Set,4,2011-10-06 19:00:00,17.35,12446,Netherlands,False,False,False,69.4,69.4,0.0,101905,2011,2011-10,Thursday,3,19,True
101905,P106,Glass Jar,11,2011-10-06 19:00:00,5.4,12446,Netherlands,False,False,False,59.400000000000006,59.400000000000006,0.0,101905,2011,2011-10,Thursday,3,19,True
101906,P106,Glass Jar,20,2011-04-02 10:00:00,5.06,12104,Netherlands,False,False,False,101.19999999999999,101.19999999999999,0.0,101906,2011,2011-04,Saturday,5,10,True
101906,P109,Desk Organizer,2,2011-04-02 10:00:00,11.51,12104,Netherlands,False,False,False,23.02,23.02,0.0,101906,2011,2011-04,Saturday,5,10,True
101906,P102,Notebook,1,2011-04-02 10:00:00,4.03,12104,Spain,False,False,False,4.03,4.03,0.0,101906,2011,2011-04,Saturday,5,10,True
101906,P107,Photo Frame,2,2011-04-02 10:00:00,8.48,12104,Spain,False,False,False,16.96,16.96,0.0,101906,2011,2011-04,Saturday,5,10,True
101907,P111,Serving Bowl,3,2011-12-05 08:00:00,16.01,12016,Australia,False,False,False,48.03,48.03,0.0,101907,2011,2011-12,Monday,0,8,True
101907,P104,Candle Set,1,2011-12-05 08:00:00,9.58,12016,United Kingdom,False,False,False,9.58,9.58,0.0,101907,2011,2011-12,Monday,0,8,True
101908,P102,Notebook,1,2011-05-15 09:00:00,3.62,12446,India,False,False,False,3.62,3.62,0.0,101908,2011,2011-05,Sunday,6,9,True
101908,P100,Gift Box,4,2011-05-15 09:00:00,4.23,12446,Spain,False,False,False,16.92,16.92,0.0,101908,2011,2011-05,Sunday,6,9,True
101908,P109,Desk Organizer,3,2011-05-15 09:00:00,10.34,12446,India,False,False,False,31.02,31.02,0.0,101908,2011,2011-05,Sunday,6,9,True
101909,P104,Candle Set,3,2011-03-26 16:00:00,9.27,12034,France,False,False,False,27.81,27.81,0.0,101909,2011,2011-03,Saturday,5,16,True
101910,P102,Notebook,1,2011-06-06 08:00:00,3.71,12008,United Kingdom,False,False,False,3.71,3.71,0.0,101910,2011,2011-06,Monday,0,8,True
101911,P110,Gift Wrap,4,2011-06-27 11:00:00,2.75,12459,India,False,False,False,11.0,11.0,0.0,101911,2011,2011-06,Monday,0,11,True
101911,P111,Serving Bowl,1,2011-06-27 11:00:00,16.62,12459,Netherlands,False,False,False,16.62,16.62,0.0,101911,2011,2011-06,Monday,0,11,True
101911,P101,Ceramic Mug,2,2011-06-27 11:00:00,7.26,12459,Spain,False,False,False,14.52,14.52,0.0,101911,2011,2011-06,Monday,0,11,True
101912,P110,Gift Wrap,2,2011-04-10 14:00:00,2.67,12026,France,False,False,False,5.34,5.34,0.0,101912,2011,2011-04,Sunday,6,14,True
101913,P101,Ceramic Mug,3,2011-05-21 19:00:00,6.96,12403,Germany,False,False,False,20.88,20.88,0.0,101913,2011,2011-05,Saturday,5,19,True
101913,P102,Notebook,5,2011-05-21 19:00:00,4.14,12403,France,False,False,False,20.7,20.7,0.0,101913,2011,2011-05,Saturday,5,19,True
101914,P106,Glass Jar,2,2011-06-14 12:00:00,5.25,12282,India,False,False,False,10.5,10.5,0.0,101914,2011,2011-06,Tuesday,1,12,True
101915,P111,Serving Bowl,4,2010-12-01 10:00:00,15.0,12048,United Kingdom,False,False,False,60.0,60.0,0.0,101915,2010,2010-12,Wednesday,2,10,True
101915,P103,Wall Clock,5,2010-12-01 10:00:00,12.01,12048,Germany,False,False,False,60.05,60.05,0.0,101915,2010,2010-12,Wednesday,2,10,True
101915,P100,Gift Box,5,2010-12-01 10:00:00,4.26,12048,France,False,False,False,21.299999999999997,21.299999999999997,0.0,101915,2010,2010-12,Wednesday,2,10,True
101916,P102,Notebook,4,2010-12-27 13:00:00,3.64,12403,India,False,False,False,14.56,14.56,0.0,101916,2010,2010-12,Monday,0,13,True
101916,P109,Desk Organizer,11,2010-12-27 13:00:00,10.94,12403,Germany,False,False,False,120.33999999999999,120.33999999999999,0.0,101916,2010,2010-12,Monday,0,13,True
101917,P107,Photo Frame,1,2011-06-26 11:00:00,8.08,12443,Germany,False,False,False,8.08,8.08,0.0,101917,2011,2011-06,Sunday,6,11,True
101917,P101,Ceramic Mug,3,2011-06-26 11:00:00,6.5,12443,France,False,False,False,19.5,19.5,0.0,101917,2011,2011-06,Sunday,6,11,True
101917,P105,Tote Bag,2,2011-06-26 11:00:00,7.13,12443,Germany,False,False,False,14.26,14.26,0.0,101917,2011,2011-06,Sunday,6,11,True
101918,P110,Gift Wrap,3,2011-02-07 09:00:00,2.61,12059,France,False,False,False,7.83,7.83,0.0,101918,2011,2011-02,Monday,0,9,True
101919,P101,Ceramic Mug,1,2011-08-01 17:00:00,6.49,12648,India,False,False,False,6.49,6.49,0.0,101919,2011,2011-08,Monday,0,17,True
101919,P100,Gift Box,3,2011-08-01 17:00:00,4.22,12648,United Kingdom,False,False,False,12.66,12.66,0.0,101919,2011,2011-08,Monday,0,17,True
101919,P109,Desk Organizer,6,2011-08-01 17:00:00,11.27,12648,Spain,False,False,False,67.62,67.62,0.0,101919,2011,2011-08,Monday,0,17,True
101919,P106,Glass Jar,2,2011-08-01 17:00:00,5.86,12648,France,False,False,False,11.72,11.72,0.0,101919,2011,2011-08,Monday,0,17,True
101920,P102,Notebook,1,2011-10-22 17:00:00,4.13,12412,Spain,False,False,False,4.13,4.13,0.0,101920,2011,2011-10,Saturday,5,17,True
101920,P108,Tea Set,2,2011-10-22 17:00:00,18.33,12412,Spain,False,False,False,36.66,36.66,0.0,101920,2011,2011-10,Saturday,5,17,True
101920,P106,Glass Jar,4,2011-10-22 17:00:00,5.84,12412,Spain,False,False,False,23.36,23.36,0.0,101920,2011,2011-10,Saturday,5,17,True
101920,P100,Gift Box,8,2011-10-22 17:00:00,4.42,12412,Germany,False,False,False,35.36,35.36,0.0,101920,2011,2011-10,Saturday,5,17,True
101921,P101,Ceramic Mug,6,2011-11-28 15:00:00,6.9,12410,India,False,False,False,41.400000000000006,41.400000000000006,0.0,101921,2011,2011-11,Monday,0,15,True
101922,P104,Candle Set,1,2011-03-11 08:00:00,10.45,12279,Netherlands,False,False,False,10.45,10.45,0.0,101922,2011,2011-03,Friday,4,8,True
101923,P109,Desk Organizer,3,2011-01-28 15:00:00,11.24,12571,Spain,False,False,False,33.72,33.72,0.0,101923,2011,2011-01,Friday,4,15,True
101923,P105,Tote Bag,4,2011-01-28 15:00:00,6.7,12571,France,False,False,False,26.8,26.8,0.0,101923,2011,2011-01,Friday,4,15,True
101924,P107,Photo Frame,1,2011-07-13 08:00:00,8.19,12030,Netherlands,False,False,False,8.19,8.19,0.0,101924,2011,2011-07,Wednesday,2,8,True
101924,P101,Ceramic Mug,3,2011-07-13 08:00:00,7.01,12030,France,False,False,False,21.03,21.03,0.0,101924,2011,2011-07,Wednesday,2,8,True
101924,P104,Candle Set,1,2011-07-13 08:00:00,8.94,12030,United Kingdom,False,False,False,8.94,8.94,0.0,101924,2011,2011-07,Wednesday,2,8,True
101925,P110,Gift Wrap,4,2011-09-06 11:00:00,2.67,12161,United Kingdom,False,False,False,10.68,10.68,0.0,101925,2011,2011-09,Tuesday,1,11,True
101925,P108,Tea Set,1,2011-09-06 11:00:00,19.39,12161,Australia,False,False,False,19.39,19.39,0.0,101925,2011,2011-09,Tuesday,1,11,True
101926,P101,Ceramic Mug,9,2011-03-31 14:00:00,8.21,12553,India,False,False,False,73.89000000000001,73.89000000000001,0.0,101926,2011,2011-03,Thursday,3,14,True
101927,P105,Tote Bag,3,2011-03-05 09:00:00,6.55,12222,Germany,False,False,False,19.65,19.65,0.0,101927,2011,2011-03,Saturday,5,9,True
101927,P106,Glass Jar,10,2011-03-05 09:00:00,6.24,12222,Netherlands,False,False,False,62.400000000000006,62.400000000000006,0.0,101927,2011,2011-03,Saturday,5,9,True
101927,P103,Wall Clock,2,2011-03-05 09:00:00,12.69,12222,Spain,False,False,False,25.38,25.38,0.0,101927,2011,2011-03,Saturday,5,9,True
101927,P107,Photo Frame,9,2011-03-05 09:00:00,9.17,12222,India,False,False,False,82.53,82.53,0.0,101927,2011,2011-03,Saturday,5,9,True
101928,P102,Notebook,2,2011-03-10 13:00:00,3.66,12052,Netherlands,False,False,False,7.32,7.32,0.0,101928,2011,2011-03,Thursday,3,13,True
101928,P107,Photo Frame,3,2011-03-10 13:00:00,7.44,12052,United Kingdom,False,False,False,22.32,22.32,0.0,101928,2011,2011-03,Thursday,3,13,True
101928,P109,Desk Organizer,1,2011-03-10 13:00:00,12.59,12052,India,False,False,False,12.59,12.59,0.0,101928,2011,2011-03,Thursday,3,13,True
101928,P108,Tea Set,1,2011-03-10 13:00:00,19.5,12052,Australia,False,False,False,19.5,19.5,0.0,101928,2011,2011-03,Thursday,3,13,True
101929,P103,Wall Clock,3,2011-07-27 11:00:00,13.84,12054,India,False,False,False,41.519999999999996,41.519999999999996,0.0,101929,2011,2011-07,Wednesday,2,11,True
101929,P107,Photo Frame,2,2011-07-27 11:00:00,8.95,12054,United Kingdom,False,False,False,17.9,17.9,0.0,101929,2011,2011-07,Wednesday,2,11,True
101930,P109,Desk Organizer,2,2010-12-28 15:00:00,10.13,12061,Germany,False,False,False,20.26,20.26,0.0,101930,2010,2010-12,Tuesday,1,15,True
101930,P108,Tea Set,8,2010-12-28 15:00:00,18.65,12061,Spain,False,False,False,149.2,149.2,0.0,101930,2010,2010-12,Tuesday,1,15,True
101930,P101,Ceramic Mug,174,2010-12-28 15:00:00,6.69,12061,Spain,False,False,False,1164.0600000000002,1164.0600000000002,0.0,101930,2010,2010-12,Tuesday,1,15,True
101931,P103,Wall Clock,1,2011-01-06 16:00:00,11.86,12028,Spain,False,False,False,11.86,11.86,0.0,101931,2011,2011-01,Thursday,3,16,True
101931,P106,Glass Jar,3,2011-01-06 16:00:00,5.28,12028,Australia,False,False,False,15.84,15.84,0.0,101931,2011,2011-01,Thursday,3,16,True
101932,P107,Photo Frame,5,2011-07-16 18:00:00,8.69,12157,Australia,False,False,False,43.449999999999996,43.449999999999996,0.0,101932,2011,2011-07,Saturday,5,18,True
101932,P109,Desk Organizer,1,2011-07-16 18:00:00,10.61,12157,France,False,False,False,10.61,10.61,0.0,101932,2011,2011-07,Saturday,5,18,True
101932,P103,Wall Clock,4,2011-07-16 18:00:00,12.23,12157,Spain,False,False,False,48.92,48.92,0.0,101932,2011,2011-07,Saturday,5,18,True
101933,P109,Desk Organizer,1,2011-05-24 11:00:00,12.15,12689,France,False,False,False,12.15,12.15,0.0,101933,2011,2011-05,Tuesday,1,11,True
101933,P108,Tea Set,9,2011-05-24 11:00:00,19.71,12689,United Kingdom,False,False,False,177.39000000000001,177.39000000000001,0.0,101933,2011,2011-05,Tuesday,1,11,True
101933,P111,Serving Bowl,3,2011-05-24 11:00:00,16.67,12689,India,False,False,False,50.010000000000005,50.010000000000005,0.0,101933,2011,2011-05,Tuesday,1,11,True
101933,P106,Glass Jar,3,2011-05-24 11:00:00,5.0,12689,Spain,False,False,False,15.0,15.0,0.0,101933,2011,2011-05,Tuesday,1,11,True
101934,P101,Ceramic Mug,2,2011-02-23 15:00:00,7.12,12471,France,False,False,False,14.24,14.24,0.0,101934,2011,2011-02,Wednesday,2,15,True
101934,P110,Gift Wrap,1,2011-02-23 15:00:00,2.74,12471,Australia,False,False,False,2.74,2.74,0.0,101934,2011,2011-02,Wednesday,2,15,True
101934,P107,Photo Frame,4,2011-02-23 15:00:00,9.2,12471,Spain,False,False,False,36.8,36.8,0.0,101934,2011,2011-02,Wednesday,2,15,True
101934,P108,Tea Set,3,2011-02-23 15:00:00,18.46,12471,France,False,False,False,55.38,55.38,0.0,101934,2011,2011-02,Wednesday,2,15,True
101935,P107,Photo Frame,5,2011-10-04 14:00:00,8.21,12290,France,False,False,False,41.050000000000004,41.050000000000004,0.0,101935,2011,2011-10,Tuesday,1,14,True
101935,P105,Tote Bag,1,2011-10-04 14:00:00,6.99,12290,Spain,False,False,False,6.99,6.99,0.0,101935,2011,2011-10,Tuesday,1,14,True
101935,P100,Gift Box,2,2011-10-04 14:00:00,5.04,12290,Germany,False,False,False,10.08,10.08,0.0,101935,2011,2011-10,Tuesday,1,14,True
101935,P110,Gift Wrap,3,2011-10-04 14:00:00,2.6,12290,United Kingdom,False,False,False,7.800000000000001,7.800000000000001,0.0,101935,2011,2011-10,Tuesday,1,14,True
101936,P111,Serving Bowl,9,2011-04-11 16:00:00,13.98,12606,India,False,False,False,125.82000000000001,125.82000000000001,0.0,101936,2011,2011-04,Monday,0,16,True
101937,P108,Tea Set,3,2011-08-04 14:00:00,19.86,12395,Germany,False,False,False,59.58,59.58,0.0,101937,2011,2011-08,Thursday,3,14,True
101937,P109,Desk Organizer,10,2011-08-04 14:00:00,10.73,12395,United Kingdom,False,False,False,107.30000000000001,107.30000000000001,0.0,101937,2011,2011-08,Thursday,3,14,True
101937,P105,Tote Bag,5,2011-08-04 14:00:00,7.36,12395,Germany,False,False,False,36.800000000000004,36.800000000000004,0.0,101937,2011,2011-08,Thursday,3,14,True
101938,P107,Photo Frame,3,2011-03-31 11:00:00,7.96,12026,Germany,False,False,False,23.88,23.88,0.0,101938,2011,2011-03,Thursday,3,11,True
101938,P111,Serving Bowl,2,2011-03-31 11:00:00,15.3,12026,Netherlands,False,False,False,30.6,30.6,0.0,101938,2011,2011-03,Thursday,3,11,True
101938,P106,Glass Jar,2,2011-03-31 11:00:00,6.21,12026,India,False,False,False,12.42,12.42,0.0,101938,2011,2011-03,Thursday,3,11,True
101938,P108,Tea Set,2,2011-03-31 11:00:00,18.88,12026,France,False,False,False,37.76,37.76,0.0,101938,2011,2011-03,Thursday,3,11,True
101939,P102,Notebook,5,2011-03-05 09:00:00,4.37,12657,Netherlands,False,False,False,21.85,21.85,0.0,101939,2011,2011-03,Saturday,5,9,True
101939,P103,Wall Clock,1,2011-03-05 09:00:00,13.71,12657,India,False,False,False,13.71,13.71,0.0,101939,2011,2011-03,Saturday,5,9,True
101940,P102,Notebook,3,2011-02-15 08:00:00,4.2,12175,France,False,False,False,12.600000000000001,12.600000000000001,0.0,101940,2011,2011-02,Tuesday,1,8,True
101940,P108,Tea Set,1,2011-02-15 08:00:00,19.8,12175,Australia,False,False,False,19.8,19.8,0.0,101940,2011,2011-02,Tuesday,1,8,True
101940,P100,Gift Box,1,2011-02-15 08:00:00,4.42,12175,Spain,False,False,False,4.42,4.42,0.0,101940,2011,2011-02,Tuesday,1,8,True
101940,P107,Photo Frame,1,2011-02-15 08:00:00,8.51,12175,Australia,False,False,False,8.51,8.51,0.0,101940,2011,2011-02,Tuesday,1,8,True
101941,P108,Tea Set,4,2011-07-19 16:00:00,17.1,12028,India,False,False,False,68.4,68.4,0.0,101941,2011,2011-07,Tuesday,1,16,True
101941,P105,Tote Bag,2,2011-07-19 16:00:00,6.71,12028,United Kingdom,False,False,False,13.42,13.42,0.0,101941,2011,2011-07,Tuesday,1,16,True
101942,P111,Serving Bowl,2,2011-12-01 15:00:00,13.91,12379,India,False,False,False,27.82,27.82,0.0,101942,2011,2011-12,Thursday,3,15,True
101942,P101,Ceramic Mug,1,2011-12-01 15:00:00,8.19,12379,Netherlands,False,False,False,8.19,8.19,0.0,101942,2011,2011-12,Thursday,3,15,True
101942,P102,Notebook,1,2011-12-01 15:00:00,4.05,12379,Australia,False,False,False,4.05,4.05,0.0,101942,2011,2011-12,Thursday,3,15,True
101943,P101,Ceramic Mug,2,2011-01-17 19:00:00,6.98,12024,France,False,False,False,13.96,13.96,0.0,101943,2011,2011-01,Monday,0,19,True
101943,P111,Serving Bowl,3,2011-01-17 19:00:00,16.05,12024,United Kingdom,False,False,False,48.150000000000006,48.150000000000006,0.0,101943,2011,2011-01,Monday,0,19,True
101943,P104,Candle Set,3,2011-01-17 19:00:00,9.66,12024,Germany,False,False,False,28.98,28.98,0.0,101943,2011,2011-01,Monday,0,19,True
101944,P102,Notebook,4,2011-03-26 16:00:00,3.84,12027,Spain,False,False,False,15.36,15.36,0.0,101944,2011,2011-03,Saturday,5,16,True
101944,P103,Wall Clock,3,2011-03-26 16:00:00,12.19,12027,Australia,False,False,False,36.57,36.57,0.0,101944,2011,2011-03,Saturday,5,16,True
101944,P111,Serving Bowl,5,2011-03-26 16:00:00,15.54,12027,Spain,False,False,False,77.69999999999999,77.69999999999999,0.0,101944,2011,2011-03,Saturday,5,16,True
101945,P110,Gift Wrap,2,2010-12-21 14:00:00,2.68,12024,Australia,False,False,False,5.36,5.36,0.0,101945,2010,2010-12,Tuesday,1,14,True
101945,P103,Wall Clock,3,2010-12-21 14:00:00,12.06,12024,Germany,False,False,False,36.18,36.18,0.0,101945,2010,2010-12,Tuesday,1,14,True
101946,P102,Notebook,1,2011-11-19 11:00:00,4.32,12064,France,False,False,False,4.32,4.32,0.0,101946,2011,2011-11,Saturday,5,11,True
101946,P105,Tote Bag,3,2011-11-19 11:00:00,7.32,12064,Australia,False,False,False,21.96,21.96,0.0,101946,2011,2011-11,Saturday,5,11,True
101947,P111,Serving Bowl,2,2011-09-20 16:00:00,14.27,12331,France,False,False,False,28.54,28.54,0.0,101947,2011,2011-09,Tuesday,1,16,True
101947,P102,Notebook,4,2011-09-20 16:00:00,3.84,12331,Germany,False,False,False,15.36,15.36,0.0,101947,2011,2011-09,Tuesday,1,16,True
101947,P106,Glass Jar,3,2011-09-20 16:00:00,5.9,12331,Australia,False,False,False,17.700000000000003,17.700000000000003,0.0,101947,2011,2011-09,Tuesday,1,16,True
101947,P105,Tote Bag,7,2011-09-20 16:00:00,6.16,12331,United Kingdom,False,False,False,43.120000000000005,43.120000000000005,0.0,101947,2011,2011-09,Tuesday,1,16,True
101948,P108,Tea Set,3,2011-02-28 18:00:00,20.41,12681,Spain,False,False,False,61.230000000000004,61.230000000000004,0.0,101948,2011,2011-02,Monday,0,18,True
101949,P108,Tea Set,1,2011-05-08 14:00:00,19.14,12047,Australia,False,False,False,19.14,19.14,0.0,101949,2011,2011-05,Sunday,6,14,True
101949,P111,Serving Bowl,1,2011-05-08 14:00:00,13.76,12047,Germany,False,False,False,13.76,13.76,0.0,101949,2011,2011-05,Sunday,6,14,True
101949,P107,Photo Frame,6,2011-05-08 14:00:00,7.39,12047,United Kingdom,False,False,False,44.339999999999996,44.339999999999996,0.0,101949,2011,2011-05,Sunday,6,14,True
101949,P106,Glass Jar,2,2011-05-08 14:00:00,5.67,12047,France,False,False,False,11.34,11.34,0.0,101949,2011,2011-05,Sunday,6,14,True
101950,P100,Gift Box,5,2011-11-19 10:00:00,4.76,12032,Spain,False,False,False,23.799999999999997,23.799999999999997,0.0,101950,2011,2011-11,Saturday,5,10,True
101950,P107,Photo Frame,4,2011-11-19 10:00:00,8.05,12032,Germany,False,False,False,32.2,32.2,0.0,101950,2011,2011-11,Saturday,5,10,True
101951,P101,Ceramic Mug,1,2011-07-13 19:00:00,6.58,12078,Spain,False,False,False,6.58,6.58,0.0,101951,2011,2011-07,Wednesday,2,19,True
101951,P105,Tote Bag,1,2011-07-13 19:00:00,6.34,12078,Spain,False,False,False,6.34,6.34,0.0,101951,2011,2011-07,Wednesday,2,19,True
101951,P102,Notebook,1,2011-07-13 19:00:00,3.5,12078,France,False,False,False,3.5,3.5,0.0,101951,2011,2011-07,Wednesday,2,19,True
101951,P111,Serving Bowl,2,2011-07-13 19:00:00,13.81,12078,France,False,False,False,27.62,27.62,0.0,101951,2011,2011-07,Wednesday,2,19,True
101952,P104,Candle Set,6,2011-04-07 13:00:00,9.39,12609,Spain,False,False,False,56.34,56.34,0.0,101952,2011,2011-04,Thursday,3,13,True
101952,P111,Serving Bowl,2,2011-04-07 13:00:00,16.03,12609,Germany,False,False,False,32.06,32.06,0.0,101952,2011,2011-04,Thursday,3,13,True
101952,P109,Desk Organizer,11,2011-04-07 13:00:00,9.98,12609,Spain,False,False,False,109.78,109.78,0.0,101952,2011,2011-04,Thursday,3,13,True
101953,P103,Wall Clock,2,2011-06-26 11:00:00,11.99,12543,Germany,False,False,False,23.98,23.98,0.0,101953,2011,2011-06,Sunday,6,11,True
101953,P107,Photo Frame,3,2011-06-26 11:00:00,7.89,12543,United Kingdom,False,False,False,23.669999999999998,23.669999999999998,0.0,101953,2011,2011-06,Sunday,6,11,True
101954,P104,Candle Set,1,2011-11-10 16:00:00,9.07,12069,United Kingdom,False,False,False,9.07,9.07,0.0,101954,2011,2011-11,Thursday,3,16,True
101955,P109,Desk Organizer,10,2011-06-21 18:00:00,11.58,12563,Spain,False,False,False,115.8,115.8,0.0,101955,2011,2011-06,Tuesday,1,18,True
101955,P110,Gift Wrap,2,2011-06-21 18:00:00,2.34,12563,India,False,False,False,4.68,4.68,0.0,101955,2011,2011-06,Tuesday,1,18,True
101955,P103,Wall Clock,14,2011-06-21 18:00:00,13.99,12563,United Kingdom,False,False,False,195.86,195.86,0.0,101955,2011,2011-06,Tuesday,1,18,True
101956,P102,Notebook,5,2011-04-22 12:00:00,3.54,12042,Netherlands,False,False,False,17.7,17.7,0.0,101956,2011,2011-04,Friday,4,12,True
101956,P109,Desk Organizer,7,2011-04-22 12:00:00,10.66,12042,Germany,False,False,False,74.62,74.62,0.0,101956,2011,2011-04,Friday,4,12,True
101956,P100,Gift Box,14,2011-04-22 12:00:00,4.45,12042,Spain,False,False,False,62.300000000000004,62.300000000000004,0.0,101956,2011,2011-04,Friday,4,12,True
101957,P104,Candle Set,3,2011-07-10 12:00:00,9.34,12638,France,False,False,False,28.02,28.02,0.0,101957,2011,2011-07,Sunday,6,12,True
101957,P100,Gift Box,5,2011-07-10 12:00:00,4.56,12638,Australia,False,False,False,22.799999999999997,22.799999999999997,0.0,101957,2011,2011-07,Sunday,6,12,True
101957,P106,Glass Jar,3,2011-07-10 12:00:00,5.23,12638,France,False,False,False,15.690000000000001,15.690000000000001,0.0,101957,2011,2011-07,Sunday,6,12,True
101957,P102,Notebook,2,2011-07-10 12:00:00,3.42,12638,France,False,False,False,6.84,6.84,0.0,101957,2011,2011-07,Sunday,6,12,True
101958,P106,Glass Jar,10,2010-12-07 13:00:00,6.32,12029,India,False,False,False,63.2,63.2,0.0,101958,2010,2010-12,Tuesday,1,13,True
101958,P104,Candle Set,1,2010-12-07 13:00:00,10.85,12029,United Kingdom,False,False,False,10.85,10.85,0.0,101958,2010,2010-12,Tuesday,1,13,True
101958,P100,Gift Box,3,2010-12-07 13:00:00,4.66,12029,United Kingdom,False,False,False,13.98,13.98,0.0,101958,2010,2010-12,Tuesday,1,13,True
101959,P106,Glass Jar,1,2011-11-12 19:00:00,6.18,12008,Germany,False,False,False,6.18,6.18,0.0,101959,2011,2011-11,Saturday,5,19,True
101960,P106,Glass Jar,15,2011-11-06 19:00:00,5.85,12397,Spain,False,False,False,87.75,87.75,0.0,101960,2011,2011-11,Sunday,6,19,True
101960,P108,Tea Set,2,2011-11-06 19:00:00,17.2,12397,Australia,False,False,False,34.4,34.4,0.0,101960,2011,2011-11,Sunday,6,19,True
101960,P109,Desk Organizer,1,2011-11-06 19:00:00,11.62,12397,Australia,False,False,False,11.62,11.62,0.0,101960,2011,2011-11,Sunday,6,19,True
101961,P102,Notebook,8,2011-08-08 09:00:00,3.54,12244,Netherlands,False,False,False,28.32,28.32,0.0,101961,2011,2011-08,Monday,0,9,True
101962,P110,Gift Wrap,3,2011-04-30 09:00:00,2.27,12342,India,False,False,False,6.8100000000000005,6.8100000000000005,0.0,101962,2011,2011-04,Saturday,5,9,True
101962,P103,Wall Clock,4,2011-04-30 09:00:00,12.07,12342,Spain,False,False,False,48.28,48.28,0.0,101962,2011,2011-04,Saturday,5,9,True
101962,P104,Candle Set,7,2011-04-30 09:00:00,10.99,12342,Germany,False,False,False,76.93,76.93,0.0,101962,2011,2011-04,Saturday,5,9,True
101963,P111,Serving Bowl,1,2011-02-06 19:00:00,15.43,12355,Spain,False,False,False,15.43,15.43,0.0,101963,2011,2011-02,Sunday,6,19,True
101964,P102,Notebook,1,2011-08-13 17:00:00,3.82,12209,United Kingdom,False,False,False,3.82,3.82,0.0,101964,2011,2011-08,Saturday,5,17,True
101964,P106,Glass Jar,5,2011-08-13 17:00:00,5.91,12209,Spain,False,False,False,29.55,29.55,0.0,101964,2011,2011-08,Saturday,5,17,True
101964,P101,Ceramic Mug,1,2011-08-13 17:00:00,6.83,12209,India,False,False,False,6.83,6.83,0.0,101964,2011,2011-08,Saturday,5,17,True
101964,P111,Serving Bowl,5,2011-08-13 17:00:00,13.76,12209,Netherlands,False,False,False,68.8,68.8,0.0,101964,2011,2011-08,Saturday,5,17,True
101965,P109,Desk Organizer,2,2010-12-05 18:00:00,10.55,12012,Netherlands,False,False,False,21.1,21.1,0.0,101965,2010,2010-12,Sunday,6,18,True
101965,P104,Candle Set,2,2010-12-05 18:00:00,10.09,12012,France,False,False,False,20.18,20.18,0.0,101965,2010,2010-12,Sunday,6,18,True
101965,P101,Ceramic Mug,1,2010-12-05 18:00:00,7.71,12012,United Kingdom,False,False,False,7.71,7.71,0.0,101965,2010,2010-12,Sunday,6,18,True
101965,P100,Gift Box,4,2010-12-05 18:00:00,4.62,12012,France,False,False,False,18.48,18.48,0.0,101965,2010,2010-12,Sunday,6,18,True
101966,P108,Tea Set,2,2011-11-15 09:00:00,17.21,12045,France,False,False,False,34.42,34.42,0.0,101966,2011,2011-11,Tuesday,1,9,True
101966,P101,Ceramic Mug,2,2011-11-15 09:00:00,7.41,12045,Spain,False,False,False,14.82,14.82,0.0,101966,2011,2011-11,Tuesday,1,9,True
101966,P103,Wall Clock,2,2011-11-15 09:00:00,12.73,12045,France,False,False,False,25.46,25.46,0.0,101966,2011,2011-11,Tuesday,1,9,True
101967,P108,Tea Set,2,2011-04-30 16:00:00,17.66,12108,United Kingdom,False,False,False,35.32,35.32,0.0,101967,2011,2011-04,Saturday,5,16,True
101967,P107,Photo Frame,2,2011-04-30 16:00:00,9.24,12108,Germany,False,False,False,18.48,18.48,0.0,101967,2011,2011-04,Saturday,5,16,True
101967,P106,Glass Jar,3,2011-04-30 16:00:00,5.1,12108,Netherlands,False,False,False,15.299999999999999,15.299999999999999,0.0,101967,2011,2011-04,Saturday,5,16,True
101967,P110,Gift Wrap,1,2011-04-30 16:00:00,2.65,12108,Germany,False,False,False,2.65,2.65,0.0,101967,2011,2011-04,Saturday,5,16,True
101968,P110,Gift Wrap,8,2011-08-18 13:00:00,2.28,12020,France,False,False,False,18.24,18.24,0.0,101968,2011,2011-08,Thursday,3,13,True
101969,P101,Ceramic Mug,6,2010-12-18 11:00:00,6.91,12152,United Kingdom,False,False,False,41.46,41.46,0.0,101969,2010,2010-12,Saturday,5,11,True
101969,P103,Wall Clock,1,2010-12-18 11:00:00,11.26,12152,India,False,False,False,11.26,11.26,0.0,101969,2010,2010-12,Saturday,5,11,True
101969,P102,Notebook,8,2010-12-18 11:00:00,3.95,12152,Australia,False,False,False,31.6,31.6,0.0,101969,2010,2010-12,Saturday,5,11,True
101969,P108,Tea Set,7,2010-12-18 11:00:00,19.37,12152,Netherlands,False,False,False,135.59,135.59,0.0,101969,2010,2010-12,Saturday,5,11,True
101970,P111,Serving Bowl,14,2011-04-11 09:00:00,13.89,12104,France,False,False,False,194.46,194.46,0.0,101970,2011,2011-04,Monday,0,9,True
101970,P103,Wall Clock,2,2011-04-11 09:00:00,12.23,12104,India,False,False,False,24.46,24.46,0.0,101970,2011,2011-04,Monday,0,9,True
101970,P100,Gift Box,4,2011-04-11 09:00:00,4.94,12104,India,False,False,False,19.76,19.76,0.0,101970,2011,2011-04,Monday,0,9,True
101971,P104,Candle Set,5,2011-05-15 19:00:00,10.18,12020,France,False,False,False,50.9,50.9,0.0,101971,2011,2011-05,Sunday,6,19,True
101971,P108,Tea Set,1,2011-05-15 19:00:00,17.86,12020,Germany,False,False,False,17.86,17.86,0.0,101971,2011,2011-05,Sunday,6,19,True
101972,P104,Candle Set,1,2011-09-12 16:00:00,10.47,12235,Australia,False,False,False,10.47,10.47,0.0,101972,2011,2011-09,Monday,0,16,True
101972,P105,Tote Bag,4,2011-09-12 16:00:00,6.16,12235,Spain,False,False,False,24.64,24.64,0.0,101972,2011,2011-09,Monday,0,16,True
101972,P106,Glass Jar,2,2011-09-12 16:00:00,5.36,12235,United Kingdom,False,False,False,10.72,10.72,0.0,101972,2011,2011-09,Monday,0,16,True
101973,P100,Gift Box,8,2011-08-08 18:00:00,4.46,12024,France,False,False,False,35.68,35.68,0.0,101973,2011,2011-08,Monday,0,18,True
101973,P104,Candle Set,1,2011-08-08 18:00:00,10.35,12024,France,False,False,False,10.35,10.35,0.0,101973,2011,2011-08,Monday,0,18,True
101973,P103,Wall Clock,1,2011-08-08 18:00:00,12.8,12024,France,False,False,False,12.8,12.8,0.0,101973,2011,2011-08,Monday,0,18,True
101973,P107,Photo Frame,3,2011-08-08 18:00:00,7.39,12024,India,False,False,False,22.169999999999998,22.169999999999998,0.0,101973,2011,2011-08,Monday,0,18,True
101974,P109,Desk Organizer,6,2011-05-06 18:00:00,11.69,12421,Germany,False,False,False,70.14,70.14,0.0,101974,2011,2011-05,Friday,4,18,True
101975,P105,Tote Bag,6,2011-08-09 08:00:00,7.25,12678,Germany,False,False,False,43.5,43.5,0.0,101975,2011,2011-08,Tuesday,1,8,True
101975,P102,Notebook,8,2011-08-09 08:00:00,3.9,12678,Germany,False,False,False,31.2,31.2,0.0,101975,2011,2011-08,Tuesday,1,8,True
101976,P109,Desk Organizer,3,2011-11-17 12:00:00,11.99,12592,France,False,False,False,35.97,35.97,0.0,101976,2011,2011-11,Thursday,3,12,True
101976,P100,Gift Box,3,2011-11-17 12:00:00,5.04,12592,France,False,False,False,15.120000000000001,15.120000000000001,0.0,101976,2011,2011-11,Thursday,3,12,True
101976,P106,Glass Jar,1,2011-11-17 12:00:00,6.02,12592,Netherlands,False,False,False,6.02,6.02,0.0,101976,2011,2011-11,Thursday,3,12,True
101976,P102,Notebook,1,2011-11-17 12:00:00,4.07,12592,United Kingdom,False,False,False,4.07,4.07,0.0,101976,2011,2011-11,Thursday,3,12,True
101977,P111,Serving Bowl,2,2011-08-12 11:00:00,14.76,12073,Australia,False,False,False,29.52,29.52,0.0,101977,2011,2011-08,Friday,4,11,True
101977,P110,Gift Wrap,2,2011-08-12 11:00:00,2.19,12073,Australia,False,False,False,4.38,4.38,0.0,101977,2011,2011-08,Friday,4,11,True
101978,P108,Tea Set,3,2011-01-12 10:00:00,17.94,12644,Netherlands,False,False,False,53.82000000000001,53.82000000000001,0.0,101978,2011,2011-01,Wednesday,2,10,True
101978,P101,Ceramic Mug,1,2011-01-12 10:00:00,8.14,12644,United Kingdom,False,False,False,8.14,8.14,0.0,101978,2011,2011-01,Wednesday,2,10,True
101978,P102,Notebook,6,2011-01-12 10:00:00,3.99,12644,Germany,False,False,False,23.94,23.94,0.0,101978,2011,2011-01,Wednesday,2,10,True
101979,P106,Glass Jar,1,2011-06-20 08:00:00,6.28,12609,Australia,False,False,False,6.28,6.28,0.0,101979,2011,2011-06,Monday,0,8,True
101979,P101,Ceramic Mug,1,2011-06-20 08:00:00,7.45,12609,Netherlands,False,False,False,7.45,7.45,0.0,101979,2011,2011-06,Monday,0,8,True
101979,P107,Photo Frame,5,2011-06-20 08:00:00,7.44,12609,Netherlands,False,False,False,37.2,37.2,0.0,101979,2011,2011-06,Monday,0,8,True
101979,P109,Desk Organizer,7,2011-06-20 08:00:00,11.37,12609,France,False,False,False,79.58999999999999,79.58999999999999,0.0,101979,2011,2011-06,Monday,0,8,True
101980,P110,Gift Wrap,4,2011-09-16 17:00:00,2.62,12067,Germany,False,False,False,10.48,10.48,0.0,101980,2011,2011-09,Friday,4,17,True
101980,P102,Notebook,3,2011-09-16 17:00:00,3.52,12067,France,False,False,False,10.56,10.56,0.0,101980,2011,2011-09,Friday,4,17,True
101980,P105,Tote Bag,11,2011-09-16 17:00:00,6.45,12067,India,False,False,False,70.95,70.95,0.0,101980,2011,2011-09,Friday,4,17,True
101980,P104,Candle Set,3,2011-09-16 17:00:00,10.85,12067,France,False,False,False,32.55,32.55,0.0,101980,2011,2011-09,Friday,4,17,True
101981,P104,Candle Set,2,2011-11-11 18:00:00,8.93,12472,Spain,False,False,False,17.86,17.86,0.0,101981,2011,2011-11,Friday,4,18,True
101981,P110,Gift Wrap,6,2011-11-11 18:00:00,2.24,12472,Spain,False,False,False,13.440000000000001,13.440000000000001,0.0,101981,2011,2011-11,Friday,4,18,True
101981,P106,Glass Jar,5,2011-11-11 18:00:00,5.22,12472,France,False,False,False,26.099999999999998,26.099999999999998,0.0,101981,2011,2011-11,Friday,4,18,True
101982,P108,Tea Set,4,2011-09-20 13:00:00,18.15,12653,France,False,False,False,72.6,72.6,0.0,101982,2011,2011-09,Tuesday,1,13,True
101982,P101,Ceramic Mug,3,2011-09-20 13:00:00,8.1,12653,Netherlands,False,False,False,24.299999999999997,24.299999999999997,0.0,101982,2011,2011-09,Tuesday,1,13,True
101982,P111,Serving Bowl,2,2011-09-20 13:00:00,16.0,12653,Netherlands,False,False,False,32.0,32.0,0.0,101982,2011,2011-09,Tuesday,1,13,True
101982,P105,Tote Bag,2,2011-09-20 13:00:00,6.44,12653,Spain,False,False,False,12.88,12.88,0.0,101982,2011,2011-09,Tuesday,1,13,True
101983,P108,Tea Set,10,2011-04-26 13:00:00,18.22,12613,Australia,False,False,False,182.2,182.2,0.0,101983,2011,2011-04,Tuesday,1,13,True
101984,P108,Tea Set,1,2011-04-06 16:00:00,19.27,12449,Germany,False,False,False,19.27,19.27,0.0,101984,2011,2011-04,Wednesday,2,16,True
101984,P110,Gift Wrap,4,2011-04-06 16:00:00,2.37,12449,Germany,False,False,False,9.48,9.48,0.0,101984,2011,2011-04,Wednesday,2,16,True
101984,P109,Desk Organizer,2,2011-04-06 16:00:00,9.93,12449,India,False,False,False,19.86,19.86,0.0,101984,2011,2011-04,Wednesday,2,16,True
101984,P106,Glass Jar,2,2011-04-06 16:00:00,5.28,12449,Australia,False,False,False,10.56,10.56,0.0,101984,2011,2011-04,Wednesday,2,16,True
101985,P106,Glass Jar,4,2011-12-04 18:00:00,5.52,12498,Germany,False,False,False,22.08,22.08,0.0,101985,2011,2011-12,Sunday,6,18,True
101986,P100,Gift Box,3,2011-03-24 08:00:00,4.55,12429,France,False,False,False,13.649999999999999,13.649999999999999,0.0,101986,2011,2011-03,Thursday,3,8,True
101986,P109,Desk Organizer,6,2011-03-24 08:00:00,11.27,12429,Spain,False,False,False,67.62,67.62,0.0,101986,2011,2011-03,Thursday,3,8,True
101987,P102,Notebook,4,2011-09-16 11:00:00,3.64,12568,United Kingdom,False,False,False,14.56,14.56,0.0,101987,2011,2011-09,Friday,4,11,True
101987,P110,Gift Wrap,1,2011-09-16 11:00:00,2.35,12568,India,False,False,False,2.35,2.35,0.0,101987,2011,2011-09,Friday,4,11,True
101987,P103,Wall Clock,1,2011-09-16 11:00:00,11.36,12568,United Kingdom,False,False,False,11.36,11.36,0.0,101987,2011,2011-09,Friday,4,11,True
101988,P101,Ceramic Mug,1,2011-07-29 12:00:00,7.9,12071,Netherlands,False,False,False,7.9,7.9,0.0,101988,2011,2011-07,Friday,4,12,True
101988,P108,Tea Set,11,2011-07-29 12:00:00,16.37,12071,Australia,False,False,False,180.07000000000002,180.07000000000002,0.0,101988,2011,2011-07,Friday,4,12,True
101989,P102,Notebook,2,2011-08-04 17:00:00,4.27,12043,Australia,False,False,False,8.54,8.54,0.0,101989,2011,2011-08,Thursday,3,17,True
101989,P109,Desk Organizer,1,2011-08-04 17:00:00,11.75,12043,Spain,False,False,False,11.75,11.75,0.0,101989,2011,2011-08,Thursday,3,17,True
101989,P101,Ceramic Mug,13,2011-08-04 17:00:00,7.89,12043,France,False,False,False,102.57,102.57,0.0,101989,2011,2011-08,Thursday,3,17,True
101989,P105,Tote Bag,2,2011-08-04 17:00:00,5.87,12043,Netherlands,False,False,False,11.74,11.74,0.0,101989,2011,2011-08,Thursday,3,17,True
101990,P102,Notebook,3,2011-05-24 17:00:00,3.64,12005,Spain,False,False,False,10.92,10.92,0.0,101990,2011,2011-05,Tuesday,1,17,True
101990,P111,Serving Bowl,3,2011-05-24 17:00:00,14.65,12005,Spain,False,False,False,43.95,43.95,0.0,101990,2011,2011-05,Tuesday,1,17,True
101991,P107,Photo Frame,1,2010-12-09 15:00:00,9.06,12028,India,False,False,False,9.06,9.06,0.0,101991,2010,2010-12,Thursday,3,15,True
101991,P108,Tea Set,1,2010-12-09 15:00:00,17.36,12028,United Kingdom,False,False,False,17.36,17.36,0.0,101991,2010,2010-12,Thursday,3,15,True
101991,P100,Gift Box,1,2010-12-09 15:00:00,4.26,12028,Germany,False,False,False,4.26,4.26,0.0,101991,2010,2010-12,Thursday,3,15,True
101991,P110,Gift Wrap,3,2010-12-09 15:00:00,2.29,12028,United Kingdom,False,False,False,6.87,6.87,0.0,101991,2010,2010-12,Thursday,3,15,True
101992,P110,Gift Wrap,1,2010-12-24 17:00:00,2.23,12069,Australia,False,False,False,2.23,2.23,0.0,101992,2010,2010-12,Friday,4,17,True
101992,P107,Photo Frame,1,2010-12-24 17:00:00,7.7,12069,France,False,False,False,7.7,7.7,0.0,101992,2010,2010-12,Friday,4,17,True
101992,P109,Desk Organizer,3,2010-12-24 17:00:00,10.63,12069,United Kingdom,False,False,False,31.89,31.89,0.0,101992,2010,2010-12,Friday,4,17,True
101993,P104,Candle Set,10,2011-04-07 14:00:00,11.02,12073,Australia,False,False,False,110.19999999999999,110.19999999999999,0.0,101993,2011,2011-04,Thursday,3,14,True
101993,P109,Desk Organizer,4,2011-04-07 14:00:00,10.78,12073,Netherlands,False,False,False,43.12,43.12,0.0,101993,2011,2011-04,Thursday,3,14,True
101993,P101,Ceramic Mug,1,2011-04-07 14:00:00,6.62,12073,Netherlands,False,False,False,6.62,6.62,0.0,101993,2011,2011-04,Thursday,3,14,True
101993,P106,Glass Jar,2,2011-04-07 14:00:00,5.41,12073,United Kingdom,False,False,False,10.82,10.82,0.0,101993,2011,2011-04,Thursday,3,14,True
101994,P106,Glass Jar,5,2011-07-07 15:00:00,6.1,12259,India,False,False,False,30.5,30.5,0.0,101994,2011,2011-07,Thursday,3,15,True
101994,P100,Gift Box,12,2011-07-07 15:00:00,4.91,12259,Germany,False,False,False,58.92,58.92,0.0,101994,2011,2011-07,Thursday,3,15,True
101994,P108,Tea Set,7,2011-07-07 15:00:00,19.11,12259,France,False,False,False,133.76999999999998,133.76999999999998,0.0,101994,2011,2011-07,Thursday,3,15,True
101994,P109,Desk Organizer,1,2011-07-07 15:00:00,11.84,12259,France,False,False,False,11.84,11.84,0.0,101994,2011,2011-07,Thursday,3,15,True
101995,P108,Tea Set,1,2011-04-03 08:00:00,17.51,12059,Australia,False,False,False,17.51,17.51,0.0,101995,2011,2011-04,Sunday,6,8,True
101995,P100,Gift Box,8,2011-04-03 08:00:00,4.25,12059,United Kingdom,False,False,False,34.0,34.0,0.0,101995,2011,2011-04,Sunday,6,8,True
101995,P110,Gift Wrap,8,2011-04-03 08:00:00,2.76,12059,Spain,False,False,False,22.08,22.08,0.0,101995,2011,2011-04,Sunday,6,8,True
101996,P110,Gift Wrap,1,2011-08-03 14:00:00,2.47,12192,India,False,False,False,2.47,2.47,0.0,101996,2011,2011-08,Wednesday,2,14,True
101996,P107,Photo Frame,1,2011-08-03 14:00:00,9.05,12192,Spain,False,False,False,9.05,9.05,0.0,101996,2011,2011-08,Wednesday,2,14,True
101997,P102,Notebook,4,2011-03-24 18:00:00,3.78,12000,Netherlands,False,False,False,15.12,15.12,0.0,101997,2011,2011-03,Thursday,3,18,True
101997,P111,Serving Bowl,1,2011-03-24 18:00:00,16.55,12000,Germany,False,False,False,16.55,16.55,0.0,101997,2011,2011-03,Thursday,3,18,True
101997,P108,Tea Set,4,2011-03-24 18:00:00,19.35,12000,India,False,False,False,77.4,77.4,0.0,101997,2011,2011-03,Thursday,3,18,True
101998,P102,Notebook,21,2011-03-13 19:00:00,3.89,12440,Spain,False,False,False,81.69,81.69,0.0,101998,2011,2011-03,Sunday,6,19,True
101998,P107,Photo Frame,28,2011-03-13 19:00:00,8.73,12440,France,False,False,False,244.44,244.44,0.0,101998,2011,2011-03,Sunday,6,19,True
101998,P109,Desk Organizer,1,2011-03-13 19:00:00,12.07,12440,India,False,False,False,12.07,12.07,0.0,101998,2011,2011-03,Sunday,6,19,True
101999,P108,Tea Set,5,2010-12-25 14:00:00,20.31,12031,India,False,False,False,101.55,101.55,0.0,101999,2010,2010-12,Saturday,5,14,True
101999,P107,Photo Frame,2,2010-12-25 14:00:00,8.68,12031,Australia,False,False,False,17.36,17.36,0.0,101999,2010,2010-12,Saturday,5,14,True
101999,P111,Serving Bowl,3,2010-12-25 14:00:00,13.67,12031,Australia,False,False,False,41.01,41.01,0.0,101999,2010,2010-12,Saturday,5,14,True
101999,P109,Desk Organizer,1,2010-12-25 14:00:00,11.52,12031,Germany,False,False,False,11.52,11.52,0.0,101999,2010,2010-12,Saturday,5,14,True
102000,P103,Wall Clock,1,2011-03-09 13:00:00,12.87,12606,United Kingdom,False,False,False,12.87,12.87,0.0,102000,2011,2011-03,Wednesday,2,13,True
102000,P111,Serving Bowl,6,2011-03-09 13:00:00,13.48,12606,Spain,False,False,False,80.88,80.88,0.0,102000,2011,2011-03,Wednesday,2,13,True
102000,P109,Desk Organizer,3,2011-03-09 13:00:00,11.89,12606,Germany,False,False,False,35.67,35.67,0.0,102000,2011,2011-03,Wednesday,2,13,True
102001,P105,Tote Bag,1,2011-07-18 16:00:00,7.14,12214,Germany,False,False,False,7.14,7.14,0.0,102001,2011,2011-07,Monday,0,16,True
102001,P100,Gift Box,3,2011-07-18 16:00:00,5.13,12214,France,False,False,False,15.39,15.39,0.0,102001,2011,2011-07,Monday,0,16,True
102001,P102,Notebook,7,2011-07-18 16:00:00,3.54,12214,India,False,False,False,24.78,24.78,0.0,102001,2011,2011-07,Monday,0,16,True
102002,P109,Desk Organizer,5,2011-12-05 14:00:00,11.16,12611,Spain,False,False,False,55.8,55.8,0.0,102002,2011,2011-12,Monday,0,14,True
102002,P100,Gift Box,1,2011-12-05 14:00:00,4.79,12611,Australia,False,False,False,4.79,4.79,0.0,102002,2011,2011-12,Monday,0,14,True
102003,P100,Gift Box,3,2011-08-26 15:00:00,4.5,12285,India,False,False,False,13.5,13.5,0.0,102003,2011,2011-08,Friday,4,15,True
102004,P111,Serving Bowl,4,2011-10-08 10:00:00,15.91,12024,Australia,False,False,False,63.64,63.64,0.0,102004,2011,2011-10,Saturday,5,10,True
102004,P105,Tote Bag,3,2011-10-08 10:00:00,7.36,12024,Netherlands,False,False,False,22.080000000000002,22.080000000000002,0.0,102004,2011,2011-10,Saturday,5,10,True
102005,P108,Tea Set,4,2011-09-04 16:00:00,16.56,12028,Germany,False,False,False,66.24,66.24,0.0,102005,2011,2011-09,Sunday,6,16,True
102005,P106,Glass Jar,15,2011-09-04 16:00:00,5.49,12028,Germany,False,False,False,82.35000000000001,82.35000000000001,0.0,102005,2011,2011-09,Sunday,6,16,True
102005,P100,Gift Box,4,2011-09-04 16:00:00,4.95,12028,Australia,False,False,False,19.8,19.8,0.0,102005,2011,2011-09,Sunday,6,16,True
102006,P102,Notebook,2,2011-10-04 16:00:00,3.83,12155,Australia,False,False,False,7.66,7.66,0.0,102006,2011,2011-10,Tuesday,1,16,True
102006,P109,Desk Organizer,1,2011-10-04 16:00:00,12.46,12155,France,False,False,False,12.46,12.46,0.0,102006,2011,2011-10,Tuesday,1,16,True
102007,P107,Photo Frame,1,2010-12-28 13:00:00,9.27,12056,United Kingdom,False,False,False,9.27,9.27,0.0,102007,2010,2010-12,Tuesday,1,13,True
102008,P105,Tote Bag,16,2011-04-06 15:00:00,6.95,12566,Germany,False,False,False,111.2,111.2,0.0,102008,2011,2011-04,Wednesday,2,15,True
102008,P101,Ceramic Mug,6,2011-04-06 15:00:00,7.44,12566,United Kingdom,False,False,False,44.64,44.64,0.0,102008,2011,2011-04,Wednesday,2,15,True
102008,P102,Notebook,3,2011-04-06 15:00:00,4.14,12566,France,False,False,False,12.419999999999998,12.419999999999998,0.0,102008,2011,2011-04,Wednesday,2,15,True
102008,P110,Gift Wrap,1,2011-04-06 15:00:00,2.23,12566,Germany,False,False,False,2.23,2.23,0.0,102008,2011,2011-04,Wednesday,2,15,True
102009,P107,Photo Frame,3,2011-04-03 17:00:00,8.34,12061,United Kingdom,False,False,False,25.02,25.02,0.0,102009,2011,2011-04,Sunday,6,17,True
102009,P102,Notebook,1,2011-04-03 17:00:00,3.66,12061,Netherlands,False,False,False,3.66,3.66,0.0,102009,2011,2011-04,Sunday,6,17,True
102009,P108,Tea Set,2,2011-04-03 17:00:00,19.03,12061,Germany,False,False,False,38.06,38.06,0.0,102009,2011,2011-04,Sunday,6,17,True
102010,P102,Notebook,4,2011-09-11 18:00:00,4.11,12003,India,False,False,False,16.44,16.44,0.0,102010,2011,2011-09,Sunday,6,18,True
102010,P104,Candle Set,2,2011-09-11 18:00:00,11.19,12003,Netherlands,False,False,False,22.38,22.38,0.0,102010,2011,2011-09,Sunday,6,18,True
102010,P111,Serving Bowl,10,2011-09-11 18:00:00,16.25,12003,Spain,False,False,False,162.5,162.5,0.0,102010,2011,2011-09,Sunday,6,18,True
102010,P108,Tea Set,6,2011-09-11 18:00:00,18.19,12003,India,False,False,False,109.14000000000001,109.14000000000001,0.0,102010,2011,2011-09,Sunday,6,18,True
102011,P103,Wall Clock,1,2011-01-27 16:00:00,11.61,12047,Netherlands,False,False,False,11.61,11.61,0.0,102011,2011,2011-01,Thursday,3,16,True
102011,P104,Candle Set,6,2011-01-27 16:00:00,8.91,12047,Germany,False,False,False,53.46,53.46,0.0,102011,2011,2011-01,Thursday,3,16,True
102011,P110,Gift Wrap,1,2011-01-27 16:00:00,2.6,12047,Australia,False,False,False,2.6,2.6,0.0,102011,2011,2011-01,Thursday,3,16,True
102012,P100,Gift Box,2,2011-01-18 09:00:00,4.69,12557,Spain,False,False,False,9.38,9.38,0.0,102012,2011,2011-01,Tuesday,1,9,True
102012,P103,Wall Clock,5,2011-01-18 09:00:00,11.99,12557,Spain,False,False,False,59.95,59.95,0.0,102012,2011,2011-01,Tuesday,1,9,True
102013,P108,Tea Set,4,2011-06-22 17:00:00,20.43,12151,Spain,False,False,False,81.72,81.72,0.0,102013,2011,2011-06,Wednesday,2,17,True
102013,P104,Candle Set,2,2011-06-22 17:00:00,9.76,12151,United Kingdom,False,False,False,19.52,19.52,0.0,102013,2011,2011-06,Wednesday,2,17,True
102013,P110,Gift Wrap,2,2011-06-22 17:00:00,2.52,12151,France,False,False,False,5.04,5.04,0.0,102013,2011,2011-06,Wednesday,2,17,True
102014,P105,Tote Bag,4,2011-10-18 12:00:00,6.5,12531,Netherlands,False,False,False,26.0,26.0,0.0,102014,2011,2011-10,Tuesday,1,12,True
102014,P102,Notebook,160,2011-10-18 12:00:00,4.21,12531,France,False,False,False,673.6,673.6,0.0,102014,2011,2011-10,Tuesday,1,12,True
102014,P103,Wall Clock,3,2011-10-18 12:00:00,13.34,12531,United Kingdom,False,False,False,40.019999999999996,40.019999999999996,0.0,102014,2011,2011-10,Tuesday,1,12,True
102015,P110,Gift Wrap,3,2011-02-25 15:00:00,2.41,12396,India,False,False,False,7.23,7.23,0.0,102015,2011,2011-02,Friday,4,15,True
102015,P102,Notebook,2,2011-02-25 15:00:00,3.49,12396,Netherlands,False,False,False,6.98,6.98,0.0,102015,2011,2011-02,Friday,4,15,True
102015,P105,Tote Bag,7,2011-02-25 15:00:00,6.46,12396,Spain,False,False,False,45.22,45.22,0.0,102015,2011,2011-02,Friday,4,15,True
102015,P106,Glass Jar,1,2011-02-25 15:00:00,6.09,12396,India,False,False,False,6.09,6.09,0.0,102015,2011,2011-02,Friday,4,15,True
102016,P108,Tea Set,4,2011-02-09 12:00:00,18.0,12608,Australia,False,False,False,72.0,72.0,0.0,102016,2011,2011-02,Wednesday,2,12,True
102016,P110,Gift Wrap,4,2011-02-09 12:00:00,2.18,12608,Spain,False,False,False,8.72,8.72,0.0,102016,2011,2011-02,Wednesday,2,12,True
102016,P106,Glass Jar,1,2011-02-09 12:00:00,5.96,12608,United Kingdom,False,False,False,5.96,5.96,0.0,102016,2011,2011-02,Wednesday,2,12,True
102017,P108,Tea Set,1,2011-02-03 09:00:00,19.78,12319,Australia,False,False,False,19.78,19.78,0.0,102017,2011,2011-02,Thursday,3,9,True
102017,P106,Glass Jar,2,2011-02-03 09:00:00,6.23,12319,Spain,False,False,False,12.46,12.46,0.0,102017,2011,2011-02,Thursday,3,9,True
102017,P104,Candle Set,3,2011-02-03 09:00:00,11.12,12319,France,False,False,False,33.36,33.36,0.0,102017,2011,2011-02,Thursday,3,9,True
102018,P102,Notebook,12,2011-11-05 15:00:00,3.89,12461,France,False,False,False,46.68,46.68,0.0,102018,2011,2011-11,Saturday,5,15,True
102019,P106,Glass Jar,1,2011-06-17 19:00:00,5.29,12242,Australia,False,False,False,5.29,5.29,0.0,102019,2011,2011-06,Friday,4,19,True
102019,P104,Candle Set,1,2011-06-17 19:00:00,9.83,12242,Netherlands,False,False,False,9.83,9.83,0.0,102019,2011,2011-06,Friday,4,19,True
102020,P111,Serving Bowl,1,2010-12-14 16:00:00,15.93,12197,United Kingdom,False,False,False,15.93,15.93,0.0,102020,2010,2010-12,Tuesday,1,16,True
102020,P109,Desk Organizer,5,2010-12-14 16:00:00,10.21,12197,United Kingdom,False,False,False,51.050000000000004,51.050000000000004,0.0,102020,2010,2010-12,Tuesday,1,16,True
102020,P103,Wall Clock,2,2010-12-14 16:00:00,13.74,12197,France,False,False,False,27.48,27.48,0.0,102020,2010,2010-12,Tuesday,1,16,True
102020,P104,Candle Set,2,2010-12-14 16:00:00,9.85,12197,Netherlands,False,False,False,19.7,19.7,0.0,102020,2010,2010-12,Tuesday,1,16,True
102021,P103,Wall Clock,1,2011-08-09 18:00:00,11.63,12637,India,False,False,False,11.63,11.63,0.0,102021,2011,2011-08,Tuesday,1,18,True
102021,P101,Ceramic Mug,6,2011-08-09 18:00:00,7.87,12637,Germany,False,False,False,47.22,47.22,0.0,102021,2011,2011-08,Tuesday,1,18,True
102022,P110,Gift Wrap,26,2011-11-06 10:00:00,2.36,12617,Spain,False,False,False,61.36,61.36,0.0,102022,2011,2011-11,Sunday,6,10,True
102022,P100,Gift Box,1,2011-11-06 10:00:00,4.4,12617,Germany,False,False,False,4.4,4.4,0.0,102022,2011,2011-11,Sunday,6,10,True
102023,P104,Candle Set,1,2011-08-27 18:00:00,9.48,12368,Netherlands,False,False,False,9.48,9.48,0.0,102023,2011,2011-08,Saturday,5,18,True
102023,P106,Glass Jar,3,2011-08-27 18:00:00,5.74,12368,France,False,False,False,17.22,17.22,0.0,102023,2011,2011-08,Saturday,5,18,True
102023,P100,Gift Box,2,2011-08-27 18:00:00,4.23,12368,Germany,False,False,False,8.46,8.46,0.0,102023,2011,2011-08,Saturday,5,18,True
102023,P110,Gift Wrap,5,2011-08-27 18:00:00,2.3,12368,India,False,False,False,11.5,11.5,0.0,102023,2011,2011-08,Saturday,5,18,True
102024,P101,Ceramic Mug,3,2011-01-05 15:00:00,7.85,12189,India,False,False,False,23.549999999999997,23.549999999999997,0.0,102024,2011,2011-01,Wednesday,2,15,True
102024,P106,Glass Jar,5,2011-01-05 15:00:00,5.38,12189,Germany,False,False,False,26.9,26.9,0.0,102024,2011,2011-01,Wednesday,2,15,True
102025,P109,Desk Organizer,1,2011-01-30 17:00:00,10.82,12059,France,False,False,False,10.82,10.82,0.0,102025,2011,2011-01,Sunday,6,17,True
102025,P108,Tea Set,1,2011-01-30 17:00:00,17.07,12059,United Kingdom,False,False,False,17.07,17.07,0.0,102025,2011,2011-01,Sunday,6,17,True
102025,P106,Glass Jar,10,2011-01-30 17:00:00,6.1,12059,Netherlands,False,False,False,61.0,61.0,0.0,102025,2011,2011-01,Sunday,6,17,True
102026,P107,Photo Frame,2,2011-01-27 13:00:00,8.45,12455,India,False,False,False,16.9,16.9,0.0,102026,2011,2011-01,Thursday,3,13,True
102026,P105,Tote Bag,2,2011-01-27 13:00:00,7.12,12455,Australia,False,False,False,14.24,14.24,0.0,102026,2011,2011-01,Thursday,3,13,True
102026,P106,Glass Jar,10,2011-01-27 13:00:00,6.3,12455,France,False,False,False,63.0,63.0,0.0,102026,2011,2011-01,Thursday,3,13,True
102027,P101,Ceramic Mug,1,2011-06-05 19:00:00,8.05,12283,Spain,False,False,False,8.05,8.05,0.0,102027,2011,2011-06,Sunday,6,19,True
102027,P105,Tote Bag,6,2011-06-05 19:00:00,6.55,12283,Spain,False,False,False,39.3,39.3,0.0,102027,2011,2011-06,Sunday,6,19,True
102027,P103,Wall Clock,4,2011-06-05 19:00:00,11.46,12283,India,False,False,False,45.84,45.84,0.0,102027,2011,2011-06,Sunday,6,19,True
102027,P107,Photo Frame,3,2011-06-05 19:00:00,8.13,12283,Netherlands,False,False,False,24.39,24.39,0.0,102027,2011,2011-06,Sunday,6,19,True
102028,P105,Tote Bag,1,2010-12-30 15:00:00,6.14,12574,France,False,False,False,6.14,6.14,0.0,102028,2010,2010-12,Thursday,3,15,True
102028,P102,Notebook,22,2010-12-30 15:00:00,3.58,12574,India,False,False,False,78.76,78.76,0.0,102028,2010,2010-12,Thursday,3,15,True
102029,P100,Gift Box,3,2011-01-13 12:00:00,5.01,12454,India,False,False,False,15.03,15.03,0.0,102029,2011,2011-01,Thursday,3,12,True
102029,P107,Photo Frame,2,2011-01-13 12:00:00,8.32,12454,Netherlands,False,False,False,16.64,16.64,0.0,102029,2011,2011-01,Thursday,3,12,True
102029,P101,Ceramic Mug,1,2011-01-13 12:00:00,7.75,12454,United Kingdom,False,False,False,7.75,7.75,0.0,102029,2011,2011-01,Thursday,3,12,True
102030,P111,Serving Bowl,3,2011-02-09 15:00:00,14.21,12059,United Kingdom,False,False,False,42.63,42.63,0.0,102030,2011,2011-02,Wednesday,2,15,True
102030,P106,Glass Jar,1,2011-02-09 15:00:00,5.09,12059,Australia,False,False,False,5.09,5.09,0.0,102030,2011,2011-02,Wednesday,2,15,True
102030,P109,Desk Organizer,3,2011-02-09 15:00:00,11.15,12059,United Kingdom,False,False,False,33.45,33.45,0.0,102030,2011,2011-02,Wednesday,2,15,True
102030,P104,Candle Set,3,2011-02-09 15:00:00,10.01,12059,Spain,False,False,False,30.03,30.03,0.0,102030,2011,2011-02,Wednesday,2,15,True
102031,P108,Tea Set,2,2011-08-26 18:00:00,16.27,12576,Netherlands,False,False,False,32.54,32.54,0.0,102031,2011,2011-08,Friday,4,18,True
102031,P103,Wall Clock,2,2011-08-26 18:00:00,13.16,12576,United Kingdom,False,False,False,26.32,26.32,0.0,102031,2011,2011-08,Friday,4,18,True
102032,P108,Tea Set,1,2011-03-15 09:00:00,16.51,12023,United Kingdom,False,False,False,16.51,16.51,0.0,102032,2011,2011-03,Tuesday,1,9,True
102033,P109,Desk Organizer,6,2011-07-29 19:00:00,9.98,12063,France,False,False,False,59.88,59.88,0.0,102033,2011,2011-07,Friday,4,19,True
102033,P105,Tote Bag,6,2011-07-29 19:00:00,6.13,12063,France,False,False,False,36.78,36.78,0.0,102033,2011,2011-07,Friday,4,19,True
102034,P105,Tote Bag,4,2010-12-18 10:00:00,6.97,12213,Spain,False,False,False,27.88,27.88,0.0,102034,2010,2010-12,Saturday,5,10,True
102034,P108,Tea Set,1,2010-12-18 10:00:00,20.67,12213,France,False,False,False,20.67,20.67,0.0,102034,2010,2010-12,Saturday,5,10,True
102034,P102,Notebook,1,2010-12-18 10:00:00,3.83,12213,Netherlands,False,False,False,3.83,3.83,0.0,102034,2010,2010-12,Saturday,5,10,True
102035,P106,Glass Jar,27,2011-04-19 18:00:00,5.26,12447,United Kingdom,False,False,False,142.01999999999998,142.01999999999998,0.0,102035,2011,2011-04,Tuesday,1,18,True
102035,P108,Tea Set,4,2011-04-19 18:00:00,16.55,12447,India,False,False,False,66.2,66.2,0.0,102035,2011,2011-04,Tuesday,1,18,True
102035,P107,Photo Frame,2,2011-04-19 18:00:00,7.78,12447,Germany,False,False,False,15.56,15.56,0.0,102035,2011,2011-04,Tuesday,1,18,True
102035,P103,Wall Clock,1,2011-04-19 18:00:00,11.83,12447,Germany,False,False,False,11.83,11.83,0.0,102035,2011,2011-04,Tuesday,1,18,True
102036,P102,Notebook,5,2011-02-19 13:00:00,3.92,12069,France,False,False,False,19.6,19.6,0.0,102036,2011,2011-02,Saturday,5,13,True
102036,P100,Gift Box,3,2011-02-19 13:00:00,4.96,12069,Spain,False,False,False,14.879999999999999,14.879999999999999,0.0,102036,2011,2011-02,Saturday,5,13,True
102036,P111,Serving Bowl,2,2011-02-19 13:00:00,13.96,12069,India,False,False,False,27.92,27.92,0.0,102036,2011,2011-02,Saturday,5,13,True
102037,P107,Photo Frame,4,2011-03-08 14:00:00,8.32,12175,France,False,False,False,33.28,33.28,0.0,102037,2011,2011-03,Tuesday,1,14,True
102038,P105,Tote Bag,3,2011-09-07 15:00:00,5.86,12187,India,False,False,False,17.580000000000002,17.580000000000002,0.0,102038,2011,2011-09,Wednesday,2,15,True
102038,P101,Ceramic Mug,6,2011-09-07 15:00:00,7.51,12187,Netherlands,False,False,False,45.06,45.06,0.0,102038,2011,2011-09,Wednesday,2,15,True
102038,P106,Glass Jar,2,2011-09-07 15:00:00,6.29,12187,India,False,False,False,12.58,12.58,0.0,102038,2011,2011-09,Wednesday,2,15,True
102039,P109,Desk Organizer,1,2011-11-14 13:00:00,11.48,12053,India,False,False,False,11.48,11.48,0.0,102039,2011,2011-11,Monday,0,13,True
102039,P105,Tote Bag,1,2011-11-14 13:00:00,6.67,12053,Spain,False,False,False,6.67,6.67,0.0,102039,2011,2011-11,Monday,0,13,True
102040,P107,Photo Frame,1,2011-08-08 15:00:00,8.47,12036,Germany,False,False,False,8.47,8.47,0.0,102040,2011,2011-08,Monday,0,15,True
102040,P110,Gift Wrap,1,2011-08-08 15:00:00,2.5,12036,Australia,False,False,False,2.5,2.5,0.0,102040,2011,2011-08,Monday,0,15,True
102041,P104,Candle Set,3,2011-10-06 14:00:00,10.92,12292,Australia,False,False,False,32.76,32.76,0.0,102041,2011,2011-10,Thursday,3,14,True
102041,P100,Gift Box,1,2011-10-06 14:00:00,5.1,12292,Australia,False,False,False,5.1,5.1,0.0,102041,2011,2011-10,Thursday,3,14,True
102041,P103,Wall Clock,13,2011-10-06 14:00:00,11.73,12292,India,False,False,False,152.49,152.49,0.0,102041,2011,2011-10,Thursday,3,14,True
102041,P107,Photo Frame,1,2011-10-06 14:00:00,9.02,12292,France,False,False,False,9.02,9.02,0.0,102041,2011,2011-10,Thursday,3,14,True
102042,P101,Ceramic Mug,10,2011-01-03 10:00:00,8.16,12483,India,False,False,False,81.6,81.6,0.0,102042,2011,2011-01,Monday,0,10,True
102043,P109,Desk Organizer,1,2011-10-18 10:00:00,10.01,12184,France,False,False,False,10.01,10.01,0.0,102043,2011,2011-10,Tuesday,1,10,True
102043,P100,Gift Box,9,2011-10-18 10:00:00,5.16,12184,France,False,False,False,46.44,46.44,0.0,102043,2011,2011-10,Tuesday,1,10,True
102043,P105,Tote Bag,5,2011-10-18 10:00:00,7.28,12184,India,False,False,False,36.4,36.4,0.0,102043,2011,2011-10,Tuesday,1,10,True
102044,P109,Desk Organizer,3,2011-07-11 10:00:00,10.26,12432,Spain,False,False,False,30.78,30.78,0.0,102044,2011,2011-07,Monday,0,10,True
102044,P104,Candle Set,1,2011-07-11 10:00:00,9.37,12432,Australia,False,False,False,9.37,9.37,0.0,102044,2011,2011-07,Monday,0,10,True
102045,P111,Serving Bowl,2,2010-12-22 11:00:00,14.62,12505,Australia,False,False,False,29.24,29.24,0.0,102045,2010,2010-12,Wednesday,2,11,True
102045,P100,Gift Box,2,2010-12-22 11:00:00,4.13,12505,Netherlands,False,False,False,8.26,8.26,0.0,102045,2010,2010-12,Wednesday,2,11,True
102045,P101,Ceramic Mug,7,2010-12-22 11:00:00,6.83,12505,United Kingdom,False,False,False,47.81,47.81,0.0,102045,2010,2010-12,Wednesday,2,11,True
102046,P105,Tote Bag,5,2011-06-20 14:00:00,6.21,12107,Germany,False,False,False,31.05,31.05,0.0,102046,2011,2011-06,Monday,0,14,True
102047,P111,Serving Bowl,2,2011-01-07 12:00:00,13.89,12644,Netherlands,False,False,False,27.78,27.78,0.0,102047,2011,2011-01,Friday,4,12,True
102047,P110,Gift Wrap,1,2011-01-07 12:00:00,2.41,12644,France,False,False,False,2.41,2.41,0.0,102047,2011,2011-01,Friday,4,12,True
102047,P108,Tea Set,1,2011-01-07 12:00:00,19.72,12644,France,False,False,False,19.72,19.72,0.0,102047,2011,2011-01,Friday,4,12,True
102047,P109,Desk Organizer,2,2011-01-07 12:00:00,11.16,12644,Netherlands,False,False,False,22.32,22.32,0.0,102047,2011,2011-01,Friday,4,12,True
102048,P108,Tea Set,7,2011-04-27 12:00:00,18.58,12601,Australia,False,False,False,130.06,130.06,0.0,102048,2011,2011-04,Wednesday,2,12,True
102049,P101,Ceramic Mug,3,2011-01-08 11:00:00,6.88,12312,India,False,False,False,20.64,20.64,0.0,102049,2011,2011-01,Saturday,5,11,True
102049,P103,Wall Clock,6,2011-01-08 11:00:00,13.61,12312,Netherlands,False,False,False,81.66,81.66,0.0,102049,2011,2011-01,Saturday,5,11,True
102049,P110,Gift Wrap,4,2011-01-08 11:00:00,2.63,12312,Netherlands,False,False,False,10.52,10.52,0.0,102049,2011,2011-01,Saturday,5,11,True
102050,P109,Desk Organizer,2,2011-01-15 12:00:00,10.2,12578,India,False,False,False,20.4,20.4,0.0,102050,2011,2011-01,Saturday,5,12,True
102050,P104,Candle Set,1,2011-01-15 12:00:00,10.17,12578,India,False,False,False,10.17,10.17,0.0,102050,2011,2011-01,Saturday,5,12,True
102051,P108,Tea Set,17,2011-06-09 08:00:00,18.17,12012,United Kingdom,False,False,False,308.89000000000004,308.89000000000004,0.0,102051,2011,2011-06,Thursday,3,8,True
102051,P107,Photo Frame,3,2011-06-09 08:00:00,7.61,12012,Spain,False,False,False,22.830000000000002,22.830000000000002,0.0,102051,2011,2011-06,Thursday,3,8,True
102051,P103,Wall Clock,14,2011-06-09 08:00:00,13.39,12012,Spain,False,False,False,187.46,187.46,0.0,102051,2011,2011-06,Thursday,3,8,True
102051,P104,Candle Set,3,2011-06-09 08:00:00,11.13,12012,India,False,False,False,33.39,33.39,0.0,102051,2011,2011-06,Thursday,3,8,True
102052,P101,Ceramic Mug,24,2010-12-20 15:00:00,7.25,12462,Netherlands,False,False,False,174.0,174.0,0.0,102052,2010,2010-12,Monday,0,15,True
102052,P111,Serving Bowl,17,2010-12-20 15:00:00,15.51,12462,Netherlands,False,False,False,263.67,263.67,0.0,102052,2010,2010-12,Monday,0,15,True
102052,P104,Candle Set,13,2010-12-20 15:00:00,9.04,12462,Netherlands,False,False,False,117.51999999999998,117.51999999999998,0.0,102052,2010,2010-12,Monday,0,15,True
102053,P108,Tea Set,2,2011-05-18 09:00:00,20.3,12512,Spain,False,False,False,40.6,40.6,0.0,102053,2011,2011-05,Wednesday,2,9,True
102053,P110,Gift Wrap,4,2011-05-18 09:00:00,2.53,12512,United Kingdom,False,False,False,10.12,10.12,0.0,102053,2011,2011-05,Wednesday,2,9,True
102053,P107,Photo Frame,3,2011-05-18 09:00:00,8.6,12512,France,False,False,False,25.799999999999997,25.799999999999997,0.0,102053,2011,2011-05,Wednesday,2,9,True
102054,P101,Ceramic Mug,1,2011-07-14 17:00:00,7.42,12634,France,False,False,False,7.42,7.42,0.0,102054,2011,2011-07,Thursday,3,17,True
102054,P108,Tea Set,2,2011-07-14 17:00:00,19.35,12634,Australia,False,False,False,38.7,38.7,0.0,102054,2011,2011-07,Thursday,3,17,True
102054,P110,Gift Wrap,3,2011-07-14 17:00:00,2.21,12634,France,False,False,False,6.63,6.63,0.0,102054,2011,2011-07,Thursday,3,17,True
102054,P104,Candle Set,6,2011-07-14 17:00:00,10.46,12634,Netherlands,False,False,False,62.760000000000005,62.760000000000005,0.0,102054,2011,2011-07,Thursday,3,17,True
102055,P103,Wall Clock,13,2011-06-29 08:00:00,14.37,12167,Germany,False,False,False,186.81,186.81,0.0,102055,2011,2011-06,Wednesday,2,8,True
102055,P110,Gift Wrap,1,2011-06-29 08:00:00,2.52,12167,France,False,False,False,2.52,2.52,0.0,102055,2011,2011-06,Wednesday,2,8,True
102055,P108,Tea Set,3,2011-06-29 08:00:00,18.61,12167,India,False,False,False,55.83,55.83,0.0,102055,2011,2011-06,Wednesday,2,8,True
102056,P102,Notebook,2,2011-08-14 16:00:00,3.69,12073,Germany,False,False,False,7.38,7.38,0.0,102056,2011,2011-08,Sunday,6,16,True
102056,P104,Candle Set,6,2011-08-14 16:00:00,10.3,12073,Australia,False,False,False,61.800000000000004,61.800000000000004,0.0,102056,2011,2011-08,Sunday,6,16,True
102057,P104,Candle Set,1,2011-04-30 19:00:00,9.7,12354,United Kingdom,False,False,False,9.7,9.7,0.0,102057,2011,2011-04,Saturday,5,19,True
102057,P109,Desk Organizer,6,2011-04-30 19:00:00,12.13,12354,Germany,False,False,False,72.78,72.78,0.0,102057,2011,2011-04,Saturday,5,19,True
102057,P100,Gift Box,1,2011-04-30 19:00:00,4.87,12354,Germany,False,False,False,4.87,4.87,0.0,102057,2011,2011-04,Saturday,5,19,True
102058,P101,Ceramic Mug,5,2011-07-14 15:00:00,7.49,12693,Australia,False,False,False,37.45,37.45,0.0,102058,2011,2011-07,Thursday,3,15,True
102058,P100,Gift Box,14,2011-07-14 15:00:00,4.31,12693,United Kingdom,False,False,False,60.339999999999996,60.339999999999996,0.0,102058,2011,2011-07,Thursday,3,15,True
102058,P104,Candle Set,1,2011-07-14 15:00:00,9.57,12693,India,False,False,False,9.57,9.57,0.0,102058,2011,2011-07,Thursday,3,15,True
102058,P111,Serving Bowl,2,2011-07-14 15:00:00,16.51,12693,France,False,False,False,33.02,33.02,0.0,102058,2011,2011-07,Thursday,3,15,True
102059,P107,Photo Frame,6,2011-04-11 16:00:00,7.43,12047,Netherlands,False,False,False,44.58,44.58,0.0,102059,2011,2011-04,Monday,0,16,True
102060,P110,Gift Wrap,5,2011-02-24 19:00:00,2.24,12061,India,False,False,False,11.200000000000001,11.200000000000001,0.0,102060,2011,2011-02,Thursday,3,19,True
102061,P101,Ceramic Mug,1,2011-11-24 17:00:00,7.28,12036,Australia,False,False,False,7.28,7.28,0.0,102061,2011,2011-11,Thursday,3,17,True
102061,P111,Serving Bowl,1,2011-11-24 17:00:00,14.17,12036,Germany,False,False,False,14.17,14.17,0.0,102061,2011,2011-11,Thursday,3,17,True
102062,P101,Ceramic Mug,6,2011-04-24 17:00:00,7.0,12045,Germany,False,False,False,42.0,42.0,0.0,102062,2011,2011-04,Sunday,6,17,True
102063,P111,Serving Bowl,6,2011-03-27 10:00:00,14.98,12108,Australia,False,False,False,89.88,89.88,0.0,102063,2011,2011-03,Sunday,6,10,True
102063,P110,Gift Wrap,5,2011-03-27 10:00:00,2.64,12108,Spain,False,False,False,13.200000000000001,13.200000000000001,0.0,102063,2011,2011-03,Sunday,6,10,True
102063,P107,Photo Frame,1,2011-03-27 10:00:00,8.79,12108,France,False,False,False,8.79,8.79,0.0,102063,2011,2011-03,Sunday,6,10,True
102064,P106,Glass Jar,3,2011-03-10 14:00:00,5.72,12338,Netherlands,False,False,False,17.16,17.16,0.0,102064,2011,2011-03,Thursday,3,14,True
102064,P109,Desk Organizer,8,2011-03-10 14:00:00,10.44,12338,Netherlands,False,False,False,83.52,83.52,0.0,102064,2011,2011-03,Thursday,3,14,True
102064,P107,Photo Frame,5,2011-03-10 14:00:00,9.07,12338,Spain,False,False,False,45.35,45.35,0.0,102064,2011,2011-03,Thursday,3,14,True
102065,P109,Desk Organizer,2,2011-03-28 16:00:00,11.61,12695,Australia,False,False,False,23.22,23.22,0.0,102065,2011,2011-03,Monday,0,16,True
102065,P104,Candle Set,12,2011-03-28 16:00:00,11.04,12695,Spain,False,False,False,132.48,132.48,0.0,102065,2011,2011-03,Monday,0,16,True
102066,P109,Desk Organizer,1,2011-05-31 16:00:00,10.79,12426,Germany,False,False,False,10.79,10.79,0.0,102066,2011,2011-05,Tuesday,1,16,True
102067,P101,Ceramic Mug,11,2011-04-18 08:00:00,7.88,12040,France,False,False,False,86.67999999999999,86.67999999999999,0.0,102067,2011,2011-04,Monday,0,8,True
102067,P111,Serving Bowl,1,2011-04-18 08:00:00,14.73,12040,Spain,False,False,False,14.73,14.73,0.0,102067,2011,2011-04,Monday,0,8,True
102068,P101,Ceramic Mug,8,2011-09-04 18:00:00,8.13,12061,United Kingdom,False,False,False,65.04,65.04,0.0,102068,2011,2011-09,Sunday,6,18,True
102069,P108,Tea Set,3,2011-02-05 18:00:00,18.54,12125,Netherlands,False,False,False,55.62,55.62,0.0,102069,2011,2011-02,Saturday,5,18,True
102069,P106,Glass Jar,9,2011-02-05 18:00:00,5.27,12125,United Kingdom,False,False,False,47.42999999999999,47.42999999999999,0.0,102069,2011,2011-02,Saturday,5,18,True
102069,P107,Photo Frame,4,2011-02-05 18:00:00,9.12,12125,Spain,False,False,False,36.48,36.48,0.0,102069,2011,2011-02,Saturday,5,18,True
102069,P110,Gift Wrap,6,2011-02-05 18:00:00,2.58,12125,Germany,False,False,False,15.48,15.48,0.0,102069,2011,2011-02,Saturday,5,18,True
102070,P109,Desk Organizer,2,2011-11-13 17:00:00,9.98,12455,Netherlands,False,False,False,19.96,19.96,0.0,102070,2011,2011-11,Sunday,6,17,True
102071,P110,Gift Wrap,2,2011-11-16 17:00:00,2.68,12028,India,False,False,False,5.36,5.36,0.0,102071,2011,2011-11,Wednesday,2,17,True
102071,P111,Serving Bowl,7,2011-11-16 17:00:00,15.87,12028,Germany,False,False,False,111.08999999999999,111.08999999999999,0.0,102071,2011,2011-11,Wednesday,2,17,True
102071,P104,Candle Set,7,2011-11-16 17:00:00,11.17,12028,United Kingdom,False,False,False,78.19,78.19,0.0,102071,2011,2011-11,Wednesday,2,17,True
102071,P103,Wall Clock,4,2011-11-16 17:00:00,11.56,12028,Spain,False,False,False,46.24,46.24,0.0,102071,2011,2011-11,Wednesday,2,17,True
102072,P110,Gift Wrap,1,2011-07-18 18:00:00,2.42,12522,Netherlands,False,False,False,2.42,2.42,0.0,102072,2011,2011-07,Monday,0,18,True
102072,P103,Wall Clock,3,2011-07-18 18:00:00,11.88,12522,India,False,False,False,35.64,35.64,0.0,102072,2011,2011-07,Monday,0,18,True
102072,P106,Glass Jar,9,2011-07-18 18:00:00,5.75,12522,France,False,False,False,51.75,51.75,0.0,102072,2011,2011-07,Monday,0,18,True
102072,P102,Notebook,1,2011-07-18 18:00:00,4.27,12522,Spain,False,False,False,4.27,4.27,0.0,102072,2011,2011-07,Monday,0,18,True
102073,P107,Photo Frame,1,2011-08-04 16:00:00,7.38,12521,Netherlands,False,False,False,7.38,7.38,0.0,102073,2011,2011-08,Thursday,3,16,True
102073,P105,Tote Bag,2,2011-08-04 16:00:00,7.24,12521,United Kingdom,False,False,False,14.48,14.48,0.0,102073,2011,2011-08,Thursday,3,16,True
102073,P103,Wall Clock,5,2011-08-04 16:00:00,11.97,12521,Australia,False,False,False,59.85,59.85,0.0,102073,2011,2011-08,Thursday,3,16,True
102073,P102,Notebook,1,2011-08-04 16:00:00,3.5,12521,Spain,False,False,False,3.5,3.5,0.0,102073,2011,2011-08,Thursday,3,16,True
102074,P108,Tea Set,3,2011-11-10 11:00:00,18.01,12369,Australia,False,False,False,54.03,54.03,0.0,102074,2011,2011-11,Thursday,3,11,True
102075,P101,Ceramic Mug,1,2011-06-09 11:00:00,7.98,12696,France,False,False,False,7.98,7.98,0.0,102075,2011,2011-06,Thursday,3,11,True
102075,P107,Photo Frame,3,2011-06-09 11:00:00,8.81,12696,India,False,False,False,26.43,26.43,0.0,102075,2011,2011-06,Thursday,3,11,True
102076,P105,Tote Bag,2,2011-03-04 12:00:00,6.59,12348,France,False,False,False,13.18,13.18,0.0,102076,2011,2011-03,Friday,4,12,True
102076,P106,Glass Jar,6,2011-03-04 12:00:00,5.86,12348,France,False,False,False,35.160000000000004,35.160000000000004,0.0,102076,2011,2011-03,Friday,4,12,True
102077,P108,Tea Set,48,2011-03-08 14:00:00,17.95,12269,India,False,False,False,861.5999999999999,861.5999999999999,0.0,102077,2011,2011-03,Tuesday,1,14,True
102077,P103,Wall Clock,3,2011-03-08 14:00:00,13.93,12269,Germany,False,False,False,41.79,41.79,0.0,102077,2011,2011-03,Tuesday,1,14,True
102078,P100,Gift Box,4,2011-09-13 19:00:00,4.13,12676,India,False,False,False,16.52,16.52,0.0,102078,2011,2011-09,Tuesday,1,19,True
102079,P102,Notebook,4,2011-10-10 10:00:00,4.08,12601,France,False,False,False,16.32,16.32,0.0,102079,2011,2011-10,Monday,0,10,True
102079,P109,Desk Organizer,1,2011-10-10 10:00:00,12.1,12601,India,False,False,False,12.1,12.1,0.0,102079,2011,2011-10,Monday,0,10,True
102079,P100,Gift Box,5,2011-10-10 10:00:00,4.48,12601,Spain,False,False,False,22.400000000000002,22.400000000000002,0.0,102079,2011,2011-10,Monday,0,10,True
102080,P111,Serving Bowl,2,2011-11-06 15:00:00,15.01,12645,France,False,False,False,30.02,30.02,0.0,102080,2011,2011-11,Sunday,6,15,True
102080,P103,Wall Clock,1,2011-11-06 15:00:00,12.93,12645,India,False,False,False,12.93,12.93,0.0,102080,2011,2011-11,Sunday,6,15,True
102080,P107,Photo Frame,2,2011-11-06 15:00:00,7.75,12645,Germany,False,False,False,15.5,15.5,0.0,102080,2011,2011-11,Sunday,6,15,True
102081,P105,Tote Bag,3,2011-09-06 15:00:00,7.38,12055,United Kingdom,False,False,False,22.14,22.14,0.0,102081,2011,2011-09,Tuesday,1,15,True
102081,P108,Tea Set,2,2011-09-06 15:00:00,18.9,12055,Netherlands,False,False,False,37.8,37.8,0.0,102081,2011,2011-09,Tuesday,1,15,True
102081,P102,Notebook,11,2011-09-06 15:00:00,4.04,12055,Germany,False,False,False,44.44,44.44,0.0,102081,2011,2011-09,Tuesday,1,15,True
102082,P105,Tote Bag,1,2011-05-21 18:00:00,6.43,12071,Australia,False,False,False,6.43,6.43,0.0,102082,2011,2011-05,Saturday,5,18,True
102083,P106,Glass Jar,2,2010-12-31 14:00:00,5.57,12036,India,False,False,False,11.14,11.14,0.0,102083,2010,2010-12,Friday,4,14,True
102083,P108,Tea Set,3,2010-12-31 14:00:00,19.5,12036,Australia,False,False,False,58.5,58.5,0.0,102083,2010,2010-12,Friday,4,14,True
102083,P110,Gift Wrap,15,2010-12-31 14:00:00,2.28,12036,Netherlands,False,False,False,34.199999999999996,34.199999999999996,0.0,102083,2010,2010-12,Friday,4,14,True
102084,P106,Glass Jar,1,2011-07-13 09:00:00,6.18,12328,Spain,False,False,False,6.18,6.18,0.0,102084,2011,2011-07,Wednesday,2,9,True
102084,P111,Serving Bowl,2,2011-07-13 09:00:00,14.57,12328,Germany,False,False,False,29.14,29.14,0.0,102084,2011,2011-07,Wednesday,2,9,True
102084,P105,Tote Bag,4,2011-07-13 09:00:00,7.02,12328,Australia,False,False,False,28.08,28.08,0.0,102084,2011,2011-07,Wednesday,2,9,True
102084,P104,Candle Set,3,2011-07-13 09:00:00,9.05,12328,France,False,False,False,27.150000000000002,27.150000000000002,0.0,102084,2011,2011-07,Wednesday,2,9,True
102085,P103,Wall Clock,1,2011-05-14 08:00:00,12.81,12316,United Kingdom,False,False,False,12.81,12.81,0.0,102085,2011,2011-05,Saturday,5,8,True
102085,P100,Gift Box,3,2011-05-14 08:00:00,4.47,12316,India,False,False,False,13.41,13.41,0.0,102085,2011,2011-05,Saturday,5,8,True
102086,P110,Gift Wrap,3,2011-11-20 15:00:00,2.26,12254,Australia,False,False,False,6.779999999999999,6.779999999999999,0.0,102086,2011,2011-11,Sunday,6,15,True
102086,P101,Ceramic Mug,1,2011-11-20 15:00:00,7.96,12254,France,False,False,False,7.96,7.96,0.0,102086,2011,2011-11,Sunday,6,15,True
102086,P102,Notebook,5,2011-11-20 15:00:00,3.64,12254,India,False,False,False,18.2,18.2,0.0,102086,2011,2011-11,Sunday,6,15,True
102087,P101,Ceramic Mug,3,2010-12-13 10:00:00,7.82,12607,United Kingdom,False,False,False,23.46,23.46,0.0,102087,2010,2010-12,Monday,0,10,True
102087,P107,Photo Frame,5,2010-12-13 10:00:00,7.57,12607,Netherlands,False,False,False,37.85,37.85,0.0,102087,2010,2010-12,Monday,0,10,True
102087,P105,Tote Bag,1,2010-12-13 10:00:00,6.22,12607,United Kingdom,False,False,False,6.22,6.22,0.0,102087,2010,2010-12,Monday,0,10,True
102088,P101,Ceramic Mug,10,2011-11-29 11:00:00,7.1,12606,France,False,False,False,71.0,71.0,0.0,102088,2011,2011-11,Tuesday,1,11,True
102088,P103,Wall Clock,4,2011-11-29 11:00:00,14.19,12606,United Kingdom,False,False,False,56.76,56.76,0.0,102088,2011,2011-11,Tuesday,1,11,True
102088,P111,Serving Bowl,4,2011-11-29 11:00:00,15.44,12606,Netherlands,False,False,False,61.76,61.76,0.0,102088,2011,2011-11,Tuesday,1,11,True
102089,P111,Serving Bowl,2,2011-07-05 08:00:00,14.82,12410,France,False,False,False,29.64,29.64,0.0,102089,2011,2011-07,Tuesday,1,8,True
102089,P110,Gift Wrap,1,2011-07-05 08:00:00,2.58,12410,United Kingdom,False,False,False,2.58,2.58,0.0,102089,2011,2011-07,Tuesday,1,8,True
102089,P101,Ceramic Mug,9,2011-07-05 08:00:00,7.87,12410,Spain,False,False,False,70.83,70.83,0.0,102089,2011,2011-07,Tuesday,1,8,True
102090,P102,Notebook,3,2011-01-10 19:00:00,4.06,12008,Netherlands,False,False,False,12.18,12.18,0.0,102090,2011,2011-01,Monday,0,19,True
102090,P110,Gift Wrap,5,2011-01-10 19:00:00,2.74,12008,Australia,False,False,False,13.700000000000001,13.700000000000001,0.0,102090,2011,2011-01,Monday,0,19,True
102090,P109,Desk Organizer,2,2011-01-10 19:00:00,11.78,12008,France,False,False,False,23.56,23.56,0.0,102090,2011,2011-01,Monday,0,19,True
102090,P107,Photo Frame,4,2011-01-10 19:00:00,8.81,12008,Germany,False,False,False,35.24,35.24,0.0,102090,2011,2011-01,Monday,0,19,True
102091,P109,Desk Organizer,5,2011-04-25 19:00:00,11.66,12088,France,False,False,False,58.3,58.3,0.0,102091,2011,2011-04,Monday,0,19,True
102091,P110,Gift Wrap,3,2011-04-25 19:00:00,2.25,12088,Spain,False,False,False,6.75,6.75,0.0,102091,2011,2011-04,Monday,0,19,True
102092,P104,Candle Set,2,2011-02-11 15:00:00,10.34,12049,Netherlands,False,False,False,20.68,20.68,0.0,102092,2011,2011-02,Friday,4,15,True
102092,P109,Desk Organizer,12,2011-02-11 15:00:00,11.46,12049,Australia,False,False,False,137.52,137.52,0.0,102092,2011,2011-02,Friday,4,15,True
102092,P106,Glass Jar,6,2011-02-11 15:00:00,5.93,12049,United Kingdom,False,False,False,35.58,35.58,0.0,102092,2011,2011-02,Friday,4,15,True
102092,P101,Ceramic Mug,1,2011-02-11 15:00:00,7.37,12049,United Kingdom,False,False,False,7.37,7.37,0.0,102092,2011,2011-02,Friday,4,15,True
102093,P100,Gift Box,3,2011-10-12 15:00:00,4.16,12060,Australia,False,False,False,12.48,12.48,0.0,102093,2011,2011-10,Wednesday,2,15,True
102093,P102,Notebook,4,2011-10-12 15:00:00,3.63,12060,Netherlands,False,False,False,14.52,14.52,0.0,102093,2011,2011-10,Wednesday,2,15,True
102093,P108,Tea Set,2,2011-10-12 15:00:00,16.91,12060,Netherlands,False,False,False,33.82,33.82,0.0,102093,2011,2011-10,Wednesday,2,15,True
102093,P107,Photo Frame,5,2011-10-12 15:00:00,7.84,12060,France,False,False,False,39.2,39.2,0.0,102093,2011,2011-10,Wednesday,2,15,True
102094,P103,Wall Clock,3,2011-09-16 18:00:00,14.27,12623,Germany,False,False,False,42.81,42.81,0.0,102094,2011,2011-09,Friday,4,18,True
102094,P104,Candle Set,1,2011-09-16 18:00:00,10.22,12623,Netherlands,False,False,False,10.22,10.22,0.0,102094,2011,2011-09,Friday,4,18,True
102095,P100,Gift Box,1,2011-01-04 15:00:00,4.76,12134,France,False,False,False,4.76,4.76,0.0,102095,2011,2011-01,Tuesday,1,15,True
102095,P106,Glass Jar,5,2011-01-04 15:00:00,5.65,12134,Spain,False,False,False,28.25,28.25,0.0,102095,2011,2011-01,Tuesday,1,15,True
102096,P103,Wall Clock,13,2010-12-26 13:00:00,12.57,12063,United Kingdom,False,False,False,163.41,163.41,0.0,102096,2010,2010-12,Sunday,6,13,True
102096,P107,Photo Frame,1,2010-12-26 13:00:00,8.06,12063,Germany,False,False,False,8.06,8.06,0.0,102096,2010,2010-12,Sunday,6,13,True
102096,P104,Candle Set,8,2010-12-26 13:00:00,10.2,12063,Germany,False,False,False,81.6,81.6,0.0,102096,2010,2010-12,Sunday,6,13,True
102097,P103,Wall Clock,7,2011-08-21 08:00:00,12.28,12634,United Kingdom,False,False,False,85.96,85.96,0.0,102097,2011,2011-08,Sunday,6,8,True
102098,P111,Serving Bowl,3,2011-10-16 13:00:00,13.29,12286,Netherlands,False,False,False,39.87,39.87,0.0,102098,2011,2011-10,Sunday,6,13,True
102098,P104,Candle Set,1,2011-10-16 13:00:00,10.93,12286,Spain,False,False,False,10.93,10.93,0.0,102098,2011,2011-10,Sunday,6,13,True
102098,P109,Desk Organizer,40,2011-10-16 13:00:00,12.15,12286,Germany,False,False,False,486.0,486.0,0.0,102098,2011,2011-10,Sunday,6,13,True
102098,P101,Ceramic Mug,2,2011-10-16 13:00:00,7.76,12286,Spain,False,False,False,15.52,15.52,0.0,102098,2011,2011-10,Sunday,6,13,True
102099,P104,Candle Set,1,2011-06-18 09:00:00,9.54,12293,Spain,False,False,False,9.54,9.54,0.0,102099,2011,2011-06,Saturday,5,9,True
102099,P110,Gift Wrap,1,2011-06-18 09:00:00,2.35,12293,Germany,False,False,False,2.35,2.35,0.0,102099,2011,2011-06,Saturday,5,9,True
102099,P107,Photo Frame,2,2011-06-18 09:00:00,7.49,12293,Germany,False,False,False,14.98,14.98,0.0,102099,2011,2011-06,Saturday,5,9,True
102100,P107,Photo Frame,1,2011-09-09 09:00:00,7.48,12251,France,False,False,False,7.48,7.48,0.0,102100,2011,2011-09,Friday,4,9,True
102100,P103,Wall Clock,4,2011-09-09 09:00:00,11.89,12251,Germany,False,False,False,47.56,47.56,0.0,102100,2011,2011-09,Friday,4,9,True
102100,P102,Notebook,2,2011-09-09 09:00:00,3.51,12251,Australia,False,False,False,7.02,7.02,0.0,102100,2011,2011-09,Friday,4,9,True
102101,P106,Glass Jar,1,2011-11-14 19:00:00,5.27,12076,France,False,False,False,5.27,5.27,0.0,102101,2011,2011-11,Monday,0,19,True
102101,P109,Desk Organizer,3,2011-11-14 19:00:00,11.84,12076,India,False,False,False,35.519999999999996,35.519999999999996,0.0,102101,2011,2011-11,Monday,0,19,True
102101,P100,Gift Box,2,2011-11-14 19:00:00,4.07,12076,Australia,False,False,False,8.14,8.14,0.0,102101,2011,2011-11,Monday,0,19,True
102102,P108,Tea Set,4,2011-08-12 19:00:00,17.49,12381,Australia,False,False,False,69.96,69.96,0.0,102102,2011,2011-08,Friday,4,19,True
102103,P107,Photo Frame,1,2010-12-21 12:00:00,9.02,12675,Spain,False,False,False,9.02,9.02,0.0,102103,2010,2010-12,Tuesday,1,12,True
102103,P106,Glass Jar,3,2010-12-21 12:00:00,6.16,12675,Netherlands,False,False,False,18.48,18.48,0.0,102103,2010,2010-12,Tuesday,1,12,True
102103,P102,Notebook,4,2010-12-21 12:00:00,4.36,12675,Spain,False,False,False,17.44,17.44,0.0,102103,2010,2010-12,Tuesday,1,12,True
102104,P100,Gift Box,2,2011-11-21 15:00:00,4.52,12237,Netherlands,False,False,False,9.04,9.04,0.0,102104,2011,2011-11,Monday,0,15,True
102104,P101,Ceramic Mug,4,2011-11-21 15:00:00,8.23,12237,Australia,False,False,False,32.92,32.92,0.0,102104,2011,2011-11,Monday,0,15,True
102105,P109,Desk Organizer,1,2011-09-22 15:00:00,10.92,12068,Germany,False,False,False,10.92,10.92,0.0,102105,2011,2011-09,Thursday,3,15,True
102106,P104,Candle Set,2,2011-04-09 12:00:00,9.54,12597,India,False,False,False,19.08,19.08,0.0,102106,2011,2011-04,Saturday,5,12,True
102107,P102,Notebook,2,2011-08-08 18:00:00,3.81,12289,France,False,False,False,7.62,7.62,0.0,102107,2011,2011-08,Monday,0,18,True
102108,P103,Wall Clock,2,2011-09-19 14:00:00,13.66,12064,Spain,False,False,False,27.32,27.32,0.0,102108,2011,2011-09,Monday,0,14,True
102108,P101,Ceramic Mug,13,2011-09-19 14:00:00,6.75,12064,Australia,False,False,False,87.75,87.75,0.0,102108,2011,2011-09,Monday,0,14,True
102108,P109,Desk Organizer,1,2011-09-19 14:00:00,11.55,12064,France,False,False,False,11.55,11.55,0.0,102108,2011,2011-09,Monday,0,14,True
102109,P101,Ceramic Mug,10,2011-04-22 15:00:00,6.88,12417,United Kingdom,False,False,False,68.8,68.8,0.0,102109,2011,2011-04,Friday,4,15,True
102109,P104,Candle Set,1,2011-04-22 15:00:00,10.92,12417,Australia,False,False,False,10.92,10.92,0.0,102109,2011,2011-04,Friday,4,15,True
102109,P107,Photo Frame,3,2011-04-22 15:00:00,7.77,12417,United Kingdom,False,False,False,23.31,23.31,0.0,102109,2011,2011-04,Friday,4,15,True
102109,P110,Gift Wrap,1,2011-04-22 15:00:00,2.61,12417,Netherlands,False,False,False,2.61,2.61,0.0,102109,2011,2011-04,Friday,4,15,True
102110,P110,Gift Wrap,4,2010-12-19 19:00:00,2.54,12271,India,False,False,False,10.16,10.16,0.0,102110,2010,2010-12,Sunday,6,19,True
102111,P106,Glass Jar,1,2010-12-21 11:00:00,6.32,12372,Spain,False,False,False,6.32,6.32,0.0,102111,2010,2010-12,Tuesday,1,11,True
102111,P102,Notebook,2,2010-12-21 11:00:00,3.61,12372,France,False,False,False,7.22,7.22,0.0,102111,2010,2010-12,Tuesday,1,11,True
102111,P107,Photo Frame,5,2010-12-21 11:00:00,8.75,12372,Australia,False,False,False,43.75,43.75,0.0,102111,2010,2010-12,Tuesday,1,11,True
102111,P109,Desk Organizer,2,2010-12-21 11:00:00,10.03,12372,France,False,False,False,20.06,20.06,0.0,102111,2010,2010-12,Tuesday,1,11,True
102112,P106,Glass Jar,1,2011-08-04 15:00:00,5.17,12003,Australia,False,False,False,5.17,5.17,0.0,102112,2011,2011-08,Thursday,3,15,True
102113,P106,Glass Jar,10,2011-07-01 12:00:00,5.74,12636,India,False,False,False,57.400000000000006,57.400000000000006,0.0,102113,2011,2011-07,Friday,4,12,True
102113,P110,Gift Wrap,15,2011-07-01 12:00:00,2.54,12636,Australia,False,False,False,38.1,38.1,0.0,102113,2011,2011-07,Friday,4,12,True
102114,P101,Ceramic Mug,3,2010-12-02 09:00:00,6.62,12543,United Kingdom,False,False,False,19.86,19.86,0.0,102114,2010,2010-12,Thursday,3,9,True
102114,P108,Tea Set,3,2010-12-02 09:00:00,17.49,12543,Germany,False,False,False,52.47,52.47,0.0,102114,2010,2010-12,Thursday,3,9,True
102115,P108,Tea Set,3,2011-04-06 08:00:00,20.53,12395,Spain,False,False,False,61.59,61.59,0.0,102115,2011,2011-04,Wednesday,2,8,True
102115,P100,Gift Box,4,2011-04-06 08:00:00,4.63,12395,Germany,False,False,False,18.52,18.52,0.0,102115,2011,2011-04,Wednesday,2,8,True
102116,P108,Tea Set,130,2011-02-26 17:00:00,18.56,12040,Australia,False,False,False,2412.7999999999997,2412.7999999999997,0.0,102116,2011,2011-02,Saturday,5,17,True
102116,P101,Ceramic Mug,3,2011-02-26 17:00:00,7.82,12040,Netherlands,False,False,False,23.46,23.46,0.0,102116,2011,2011-02,Saturday,5,17,True
102116,P109,Desk Organizer,1,2011-02-26 17:00:00,10.3,12040,Netherlands,False,False,False,10.3,10.3,0.0,102116,2011,2011-02,Saturday,5,17,True
102116,P111,Serving Bowl,1,2011-02-26 17:00:00,14.74,12040,Germany,False,False,False,14.74,14.74,0.0,102116,2011,2011-02,Saturday,5,17,True
102117,P109,Desk Organizer,2,2011-03-01 13:00:00,9.9,12170,United Kingdom,False,False,False,19.8,19.8,0.0,102117,2011,2011-03,Tuesday,1,13,True
102118,P107,Photo Frame,3,2010-12-11 12:00:00,8.82,12330,India,False,False,False,26.46,26.46,0.0,102118,2010,2010-12,Saturday,5,12,True
102118,P104,Candle Set,3,2010-12-11 12:00:00,9.36,12330,France,False,False,False,28.08,28.08,0.0,102118,2010,2010-12,Saturday,5,12,True
102118,P108,Tea Set,6,2010-12-11 12:00:00,18.98,12330,Netherlands,False,False,False,113.88,113.88,0.0,102118,2010,2010-12,Saturday,5,12,True
102118,P103,Wall Clock,10,2010-12-11 12:00:00,13.35,12330,France,False,False,False,133.5,133.5,0.0,102118,2010,2010-12,Saturday,5,12,True
102119,P107,Photo Frame,7,2011-03-02 09:00:00,7.98,12076,Spain,False,False,False,55.86,55.86,0.0,102119,2011,2011-03,Wednesday,2,9,True
102119,P109,Desk Organizer,10,2011-03-02 09:00:00,11.17,12076,France,False,False,False,111.7,111.7,0.0,102119,2011,2011-03,Wednesday,2,9,True
102120,P110,Gift Wrap,2,2011-08-13 11:00:00,2.71,12042,Spain,False,False,False,5.42,5.42,0.0,102120,2011,2011-08,Saturday,5,11,True
102120,P105,Tote Bag,2,2011-08-13 11:00:00,6.95,12042,Australia,False,False,False,13.9,13.9,0.0,102120,2011,2011-08,Saturday,5,11,True
102120,P104,Candle Set,4,2011-08-13 11:00:00,10.9,12042,United Kingdom,False,False,False,43.6,43.6,0.0,102120,2011,2011-08,Saturday,5,11,True
102120,P108,Tea Set,2,2011-08-13 11:00:00,20.28,12042,Netherlands,False,False,False,40.56,40.56,0.0,102120,2011,2011-08,Saturday,5,11,True
102121,P105,Tote Bag,4,2011-11-28 10:00:00,6.97,12490,France,False,False,False,27.88,27.88,0.0,102121,2011,2011-11,Monday,0,10,True
102121,P109,Desk Organizer,4,2011-11-28 10:00:00,11.2,12490,Australia,False,False,False,44.8,44.8,0.0,102121,2011,2011-11,Monday,0,10,True
102121,P104,Candle Set,1,2011-11-28 10:00:00,10.27,12490,Australia,False,False,False,10.27,10.27,0.0,102121,2011,2011-11,Monday,0,10,True
102122,P106,Glass Jar,1,2011-10-02 09:00:00,5.28,12192,India,False,False,False,5.28,5.28,0.0,102122,2011,2011-10,Sunday,6,9,True
102122,P100,Gift Box,1,2011-10-02 09:00:00,4.17,12192,France,False,False,False,4.17,4.17,0.0,102122,2011,2011-10,Sunday,6,9,True
102123,P108,Tea Set,29,2011-06-21 19:00:00,19.98,12273,Germany,False,False,False,579.42,579.42,0.0,102123,2011,2011-06,Tuesday,1,19,True
102123,P111,Serving Bowl,2,2011-06-21 19:00:00,13.13,12273,Australia,False,False,False,26.26,26.26,0.0,102123,2011,2011-06,Tuesday,1,19,True
102123,P101,Ceramic Mug,4,2011-06-21 19:00:00,7.57,12273,Australia,False,False,False,30.28,30.28,0.0,102123,2011,2011-06,Tuesday,1,19,True
102124,P102,Notebook,3,2011-04-15 11:00:00,4.2,12063,United Kingdom,False,False,False,12.600000000000001,12.600000000000001,0.0,102124,2011,2011-04,Friday,4,11,True
102125,P108,Tea Set,4,2011-07-25 18:00:00,19.01,12067,France,False,False,False,76.04,76.04,0.0,102125,2011,2011-07,Monday,0,18,True
102125,P102,Notebook,2,2011-07-25 18:00:00,4.16,12067,Germany,False,False,False,8.32,8.32,0.0,102125,2011,2011-07,Monday,0,18,True
102126,P103,Wall Clock,1,2011-09-16 09:00:00,12.26,12135,Spain,False,False,False,12.26,12.26,0.0,102126,2011,2011-09,Friday,4,9,True
102126,P105,Tote Bag,2,2011-09-16 09:00:00,7.14,12135,France,False,False,False,14.28,14.28,0.0,102126,2011,2011-09,Friday,4,9,True
102127,P106,Glass Jar,4,2011-04-02 11:00:00,5.39,12439,India,False,False,False,21.56,21.56,0.0,102127,2011,2011-04,Saturday,5,11,True
102127,P107,Photo Frame,3,2011-04-02 11:00:00,8.43,12439,Spain,False,False,False,25.29,25.29,0.0,102127,2011,2011-04,Saturday,5,11,True
102127,P111,Serving Bowl,16,2011-04-02 11:00:00,15.93,12439,Germany,False,False,False,254.88,254.88,0.0,102127,2011,2011-04,Saturday,5,11,True
102128,P108,Tea Set,3,2010-12-28 10:00:00,19.48,12070,Netherlands,False,False,False,58.44,58.44,0.0,102128,2010,2010-12,Tuesday,1,10,True
102128,P103,Wall Clock,1,2010-12-28 10:00:00,13.0,12070,Spain,False,False,False,13.0,13.0,0.0,102128,2010,2010-12,Tuesday,1,10,True
102128,P101,Ceramic Mug,11,2010-12-28 10:00:00,6.64,12070,United Kingdom,False,False,False,73.03999999999999,73.03999999999999,0.0,102128,2010,2010-12,Tuesday,1,10,True
102129,P105,Tote Bag,6,2011-02-24 09:00:00,7.43,12318,Netherlands,False,False,False,44.58,44.58,0.0,102129,2011,2011-02,Thursday,3,9,True
102129,P101,Ceramic Mug,4,2011-02-24 09:00:00,8.27,12318,Spain,False,False,False,33.08,33.08,0.0,102129,2011,2011-02,Thursday,3,9,True
102130,P109,Desk Organizer,3,2011-05-15 08:00:00,10.47,12071,Australia,False,False,False,31.410000000000004,31.410000000000004,0.0,102130,2011,2011-05,Sunday,6,8,True
102130,P102,Notebook,3,2011-05-15 08:00:00,4.13,12071,Australia,False,False,False,12.39,12.39,0.0,102130,2011,2011-05,Sunday,6,8,True
102130,P103,Wall Clock,5,2011-05-15 08:00:00,11.82,12071,Germany,False,False,False,59.1,59.1,0.0,102130,2011,2011-05,Sunday,6,8,True
102130,P100,Gift Box,1,2011-05-15 08:00:00,4.17,12071,Australia,False,False,False,4.17,4.17,0.0,102130,2011,2011-05,Sunday,6,8,True
102131,P111,Serving Bowl,2,2011-09-05 19:00:00,16.07,12029,Germany,False,False,False,32.14,32.14,0.0,102131,2011,2011-09,Monday,0,19,True
102132,P104,Candle Set,4,2011-06-25 15:00:00,10.61,12386,Netherlands,False,False,False,42.44,42.44,0.0,102132,2011,2011-06,Saturday,5,15,True
102132,P101,Ceramic Mug,11,2011-06-25 15:00:00,7.99,12386,India,False,False,False,87.89,87.89,0.0,102132,2011,2011-06,Saturday,5,15,True
102132,P111,Serving Bowl,2,2011-06-25 15:00:00,13.38,12386,France,False,False,False,26.76,26.76,0.0,102132,2011,2011-06,Saturday,5,15,True
102132,P110,Gift Wrap,5,2011-06-25 15:00:00,2.7,12386,Netherlands,False,False,False,13.5,13.5,0.0,102132,2011,2011-06,Saturday,5,15,True
102133,P103,Wall Clock,6,2011-10-24 12:00:00,13.02,12013,Australia,False,False,False,78.12,78.12,0.0,102133,2011,2011-10,Monday,0,12,True
102133,P100,Gift Box,1,2011-10-24 12:00:00,4.59,12013,Australia,False,False,False,4.59,4.59,0.0,102133,2011,2011-10,Monday,0,12,True
102133,P106,Glass Jar,2,2011-10-24 12:00:00,5.53,12013,Australia,False,False,False,11.06,11.06,0.0,102133,2011,2011-10,Monday,0,12,True
102133,P104,Candle Set,4,2011-10-24 12:00:00,10.72,12013,United Kingdom,False,False,False,42.88,42.88,0.0,102133,2011,2011-10,Monday,0,12,True
102134,P103,Wall Clock,2,2011-02-27 18:00:00,12.55,12307,Spain,False,False,False,25.1,25.1,0.0,102134,2011,2011-02,Sunday,6,18,True
102134,P105,Tote Bag,3,2011-02-27 18:00:00,6.51,12307,United Kingdom,False,False,False,19.53,19.53,0.0,102134,2011,2011-02,Sunday,6,18,True
102134,P107,Photo Frame,1,2011-02-27 18:00:00,7.66,12307,India,False,False,False,7.66,7.66,0.0,102134,2011,2011-02,Sunday,6,18,True
102134,P104,Candle Set,2,2011-02-27 18:00:00,10.19,12307,India,False,False,False,20.38,20.38,0.0,102134,2011,2011-02,Sunday,6,18,True
102135,P102,Notebook,9,2011-08-25 16:00:00,3.59,12219,Germany,False,False,False,32.31,32.31,0.0,102135,2011,2011-08,Thursday,3,16,True
102135,P107,Photo Frame,1,2011-08-25 16:00:00,7.73,12219,United Kingdom,False,False,False,7.73,7.73,0.0,102135,2011,2011-08,Thursday,3,16,True
102135,P100,Gift Box,4,2011-08-25 16:00:00,4.1,12219,Australia,False,False,False,16.4,16.4,0.0,102135,2011,2011-08,Thursday,3,16,True
102135,P104,Candle Set,2,2011-08-25 16:00:00,9.98,12219,Germany,False,False,False,19.96,19.96,0.0,102135,2011,2011-08,Thursday,3,16,True
102136,P108,Tea Set,10,2011-11-06 12:00:00,20.16,12059,Germany,False,False,False,201.6,201.6,0.0,102136,2011,2011-11,Sunday,6,12,True
102136,P103,Wall Clock,2,2011-11-06 12:00:00,11.65,12059,United Kingdom,False,False,False,23.3,23.3,0.0,102136,2011,2011-11,Sunday,6,12,True
102136,P102,Notebook,11,2011-11-06 12:00:00,4.18,12059,India,False,False,False,45.98,45.98,0.0,102136,2011,2011-11,Sunday,6,12,True
102137,P103,Wall Clock,2,2010-12-21 09:00:00,11.93,12666,Spain,False,False,False,23.86,23.86,0.0,102137,2010,2010-12,Tuesday,1,9,True
102137,P101,Ceramic Mug,1,2010-12-21 09:00:00,6.49,12666,Australia,False,False,False,6.49,6.49,0.0,102137,2010,2010-12,Tuesday,1,9,True
102138,P106,Glass Jar,2,2011-08-05 08:00:00,5.97,12476,France,False,False,False,11.94,11.94,0.0,102138,2011,2011-08,Friday,4,8,True
102138,P101,Ceramic Mug,2,2011-08-05 08:00:00,7.55,12476,Netherlands,False,False,False,15.1,15.1,0.0,102138,2011,2011-08,Friday,4,8,True
102138,P108,Tea Set,1,2011-08-05 08:00:00,17.25,12476,India,False,False,False,17.25,17.25,0.0,102138,2011,2011-08,Friday,4,8,True
102139,P102,Notebook,2,2011-04-29 18:00:00,4.34,12029,Australia,False,False,False,8.68,8.68,0.0,102139,2011,2011-04,Friday,4,18,True
102139,P105,Tote Bag,5,2011-04-29 18:00:00,6.34,12029,Australia,False,False,False,31.7,31.7,0.0,102139,2011,2011-04,Friday,4,18,True
102140,P108,Tea Set,2,2011-10-11 10:00:00,17.91,12224,United Kingdom,False,False,False,35.82,35.82,0.0,102140,2011,2011-10,Tuesday,1,10,True
102141,P108,Tea Set,6,2011-01-31 08:00:00,16.71,12579,Germany,False,False,False,100.26,100.26,0.0,102141,2011,2011-01,Monday,0,8,True
102142,P106,Glass Jar,3,2011-01-07 18:00:00,6.0,12671,India,False,False,False,18.0,18.0,0.0,102142,2011,2011-01,Friday,4,18,True
102142,P104,Candle Set,2,2011-01-07 18:00:00,9.49,12671,France,False,False,False,18.98,18.98,0.0,102142,2011,2011-01,Friday,4,18,True
102142,P108,Tea Set,2,2011-01-07 18:00:00,17.14,12671,Spain,False,False,False,34.28,34.28,0.0,102142,2011,2011-01,Friday,4,18,True
102143,P101,Ceramic Mug,13,2011-03-13 11:00:00,7.89,12352,Netherlands,False,False,False,102.57,102.57,0.0,102143,2011,2011-03,Sunday,6,11,True
102144,P111,Serving Bowl,1,2011-03-19 15:00:00,16.53,12052,France,False,False,False,16.53,16.53,0.0,102144,2011,2011-03,Saturday,5,15,True
102144,P104,Candle Set,1,2011-03-19 15:00:00,8.96,12052,France,False,False,False,8.96,8.96,0.0,102144,2011,2011-03,Saturday,5,15,True
102144,P107,Photo Frame,3,2011-03-19 15:00:00,7.55,12052,Germany,False,False,False,22.65,22.65,0.0,102144,2011,2011-03,Saturday,5,15,True
102145,P104,Candle Set,3,2010-12-02 08:00:00,10.15,12184,Spain,False,False,False,30.450000000000003,30.450000000000003,0.0,102145,2010,2010-12,Thursday,3,8,True
102145,P102,Notebook,1,2010-12-02 08:00:00,3.45,12184,Spain,False,False,False,3.45,3.45,0.0,102145,2010,2010-12,Thursday,3,8,True
102146,P106,Glass Jar,4,2011-05-21 10:00:00,6.1,12021,United Kingdom,False,False,False,24.4,24.4,0.0,102146,2011,2011-05,Saturday,5,10,True
102146,P107,Photo Frame,1,2011-05-21 10:00:00,8.16,12021,United Kingdom,False,False,False,8.16,8.16,0.0,102146,2011,2011-05,Saturday,5,10,True
102147,P105,Tote Bag,1,2011-06-22 17:00:00,6.84,12237,Germany,False,False,False,6.84,6.84,0.0,102147,2011,2011-06,Wednesday,2,17,True
102147,P110,Gift Wrap,1,2011-06-22 17:00:00,2.3,12237,Netherlands,False,False,False,2.3,2.3,0.0,102147,2011,2011-06,Wednesday,2,17,True
102147,P106,Glass Jar,6,2011-06-22 17:00:00,5.17,12237,United Kingdom,False,False,False,31.02,31.02,0.0,102147,2011,2011-06,Wednesday,2,17,True
102148,P111,Serving Bowl,6,2011-07-31 11:00:00,14.03,12151,Australia,False,False,False,84.17999999999999,84.17999999999999,0.0,102148,2011,2011-07,Sunday,6,11,True
102148,P110,Gift Wrap,2,2011-07-31 11:00:00,2.16,12151,Germany,False,False,False,4.32,4.32,0.0,102148,2011,2011-07,Sunday,6,11,True
102149,P107,Photo Frame,1,2011-09-07 17:00:00,7.85,12172,Netherlands,False,False,False,7.85,7.85,0.0,102149,2011,2011-09,Wednesday,2,17,True
102150,P103,Wall Clock,7,2011-05-15 14:00:00,12.75,12013,India,False,False,False,89.25,89.25,0.0,102150,2011,2011-05,Sunday,6,14,True
102150,P100,Gift Box,4,2011-05-15 14:00:00,4.56,12013,United Kingdom,False,False,False,18.24,18.24,0.0,102150,2011,2011-05,Sunday,6,14,True
102150,P110,Gift Wrap,1,2011-05-15 14:00:00,2.29,12013,Germany,False,False,False,2.29,2.29,0.0,102150,2011,2011-05,Sunday,6,14,True
102150,P106,Glass Jar,2,2011-05-15 14:00:00,6.2,12013,India,False,False,False,12.4,12.4,0.0,102150,2011,2011-05,Sunday,6,14,True
102151,P110,Gift Wrap,1,2011-04-24 17:00:00,2.51,12014,Netherlands,False,False,False,2.51,2.51,0.0,102151,2011,2011-04,Sunday,6,17,True
102151,P111,Serving Bowl,4,2011-04-24 17:00:00,15.84,12014,France,False,False,False,63.36,63.36,0.0,102151,2011,2011-04,Sunday,6,17,True
102151,P109,Desk Organizer,7,2011-04-24 17:00:00,10.93,12014,Germany,False,False,False,76.50999999999999,76.50999999999999,0.0,102151,2011,2011-04,Sunday,6,17,True
102151,P102,Notebook,4,2011-04-24 17:00:00,4.0,12014,Australia,False,False,False,16.0,16.0,0.0,102151,2011,2011-04,Sunday,6,17,True
102152,P104,Candle Set,6,2011-11-03 19:00:00,9.05,12340,Australia,False,False,False,54.300000000000004,54.300000000000004,0.0,102152,2011,2011-11,Thursday,3,19,True
102152,P105,Tote Bag,3,2011-11-03 19:00:00,6.98,12340,India,False,False,False,20.94,20.94,0.0,102152,2011,2011-11,Thursday,3,19,True
102153,P109,Desk Organizer,1,2011-05-25 10:00:00,12.47,12027,France,False,False,False,12.47,12.47,0.0,102153,2011,2011-05,Wednesday,2,10,True
102153,P111,Serving Bowl,1,2011-05-25 10:00:00,14.68,12027,Germany,False,False,False,14.68,14.68,0.0,102153,2011,2011-05,Wednesday,2,10,True
102153,P106,Glass Jar,4,2011-05-25 10:00:00,4.96,12027,India,False,False,False,19.84,19.84,0.0,102153,2011,2011-05,Wednesday,2,10,True
102153,P110,Gift Wrap,5,2011-05-25 10:00:00,2.4,12027,Spain,False,False,False,12.0,12.0,0.0,102153,2011,2011-05,Wednesday,2,10,True
102154,P111,Serving Bowl,2,2011-09-23 16:00:00,15.29,12095,India,False,False,False,30.58,30.58,0.0,102154,2011,2011-09,Friday,4,16,True
102154,P105,Tote Bag,3,2011-09-23 16:00:00,5.93,12095,Australia,False,False,False,17.79,17.79,0.0,102154,2011,2011-09,Friday,4,16,True
102154,P103,Wall Clock,1,2011-09-23 16:00:00,13.94,12095,India,False,False,False,13.94,13.94,0.0,102154,2011,2011-09,Friday,4,16,True
102154,P102,Notebook,3,2011-09-23 16:00:00,3.98,12095,France,False,False,False,11.94,11.94,0.0,102154,2011,2011-09,Friday,4,16,True
102155,P107,Photo Frame,1,2011-11-23 18:00:00,8.04,12184,Australia,False,False,False,8.04,8.04,0.0,102155,2011,2011-11,Wednesday,2,18,True
102156,P104,Candle Set,3,2011-10-07 13:00:00,10.25,12065,Netherlands,False,False,False,30.75,30.75,0.0,102156,2011,2011-10,Friday,4,13,True
102156,P101,Ceramic Mug,4,2011-10-07 13:00:00,7.74,12065,United Kingdom,False,False,False,30.96,30.96,0.0,102156,2011,2011-10,Friday,4,13,True
102156,P102,Notebook,290,2011-10-07 13:00:00,3.71,12065,Spain,False,False,False,1075.9,1075.9,0.0,102156,2011,2011-10,Friday,4,13,True
102157,P106,Glass Jar,4,2011-08-05 08:00:00,5.93,12593,Netherlands,False,False,False,23.72,23.72,0.0,102157,2011,2011-08,Friday,4,8,True
102157,P108,Tea Set,13,2011-08-05 08:00:00,16.54,12593,Spain,False,False,False,215.01999999999998,215.01999999999998,0.0,102157,2011,2011-08,Friday,4,8,True
102157,P105,Tote Bag,4,2011-08-05 08:00:00,5.99,12593,India,False,False,False,23.96,23.96,0.0,102157,2011,2011-08,Friday,4,8,True
102158,P104,Candle Set,2,2010-12-11 08:00:00,9.74,12034,Spain,False,False,False,19.48,19.48,0.0,102158,2010,2010-12,Saturday,5,8,True
102158,P111,Serving Bowl,7,2010-12-11 08:00:00,13.32,12034,France,False,False,False,93.24000000000001,93.24000000000001,0.0,102158,2010,2010-12,Saturday,5,8,True
102158,P103,Wall Clock,4,2010-12-11 08:00:00,13.42,12034,United Kingdom,False,False,False,53.68,53.68,0.0,102158,2010,2010-12,Saturday,5,8,True
102158,P109,Desk Organizer,5,2010-12-11 08:00:00,10.1,12034,Netherlands,False,False,False,50.5,50.5,0.0,102158,2010,2010-12,Saturday,5,8,True
102159,P107,Photo Frame,4,2011-07-09 09:00:00,7.49,12431,France,False,False,False,29.96,29.96,0.0,102159,2011,2011-07,Saturday,5,9,True
102160,P107,Photo Frame,3,2011-04-25 16:00:00,8.99,12318,India,False,False,False,26.97,26.97,0.0,102160,2011,2011-04,Monday,0,16,True
102161,P102,Notebook,3,2011-08-19 13:00:00,3.89,12403,Spain,False,False,False,11.67,11.67,0.0,102161,2011,2011-08,Friday,4,13,True
102161,P104,Candle Set,2,2011-08-19 13:00:00,9.97,12403,India,False,False,False,19.94,19.94,0.0,102161,2011,2011-08,Friday,4,13,True
102161,P106,Glass Jar,5,2011-08-19 13:00:00,5.91,12403,France,False,False,False,29.55,29.55,0.0,102161,2011,2011-08,Friday,4,13,True
102162,P101,Ceramic Mug,1,2011-10-28 12:00:00,6.78,12055,Spain,False,False,False,6.78,6.78,0.0,102162,2011,2011-10,Friday,4,12,True
102162,P109,Desk Organizer,3,2011-10-28 12:00:00,12.28,12055,United Kingdom,False,False,False,36.839999999999996,36.839999999999996,0.0,102162,2011,2011-10,Friday,4,12,True
102162,P104,Candle Set,6,2011-10-28 12:00:00,9.95,12055,India,False,False,False,59.699999999999996,59.699999999999996,0.0,102162,2011,2011-10,Friday,4,12,True
102163,P106,Glass Jar,13,2011-10-24 14:00:00,5.9,12482,Australia,False,False,False,76.7,76.7,0.0,102163,2011,2011-10,Monday,0,14,True
102164,P103,Wall Clock,7,2011-01-09 10:00:00,13.01,12005,Netherlands,False,False,False,91.07,91.07,0.0,102164,2011,2011-01,Sunday,6,10,True
102164,P110,Gift Wrap,7,2011-01-09 10:00:00,2.65,12005,India,False,False,False,18.55,18.55,0.0,102164,2011,2011-01,Sunday,6,10,True
102164,P104,Candle Set,3,2011-01-09 10:00:00,11.1,12005,Germany,False,False,False,33.3,33.3,0.0,102164,2011,2011-01,Sunday,6,10,True
102164,P100,Gift Box,3,2011-01-09 10:00:00,4.72,12005,Germany,False,False,False,14.16,14.16,0.0,102164,2011,2011-01,Sunday,6,10,True
102165,P107,Photo Frame,6,2011-06-08 12:00:00,8.18,12509,Spain,False,False,False,49.08,49.08,0.0,102165,2011,2011-06,Wednesday,2,12,True
102166,P101,Ceramic Mug,4,2011-07-14 18:00:00,7.98,12376,Germany,False,False,False,31.92,31.92,0.0,102166,2011,2011-07,Thursday,3,18,True
102167,P107,Photo Frame,3,2011-07-30 11:00:00,8.16,12315,France,False,False,False,24.48,24.48,0.0,102167,2011,2011-07,Saturday,5,11,True
102168,P108,Tea Set,1,2011-01-26 12:00:00,17.0,12096,India,False,False,False,17.0,17.0,0.0,102168,2011,2011-01,Wednesday,2,12,True
102168,P100,Gift Box,2,2011-01-26 12:00:00,4.84,12096,India,False,False,False,9.68,9.68,0.0,102168,2011,2011-01,Wednesday,2,12,True
102168,P103,Wall Clock,1,2011-01-26 12:00:00,12.17,12096,United Kingdom,False,False,False,12.17,12.17,0.0,102168,2011,2011-01,Wednesday,2,12,True
102168,P102,Notebook,5,2011-01-26 12:00:00,4.19,12096,Australia,False,False,False,20.950000000000003,20.950000000000003,0.0,102168,2011,2011-01,Wednesday,2,12,True
102169,P103,Wall Clock,4,2011-04-13 10:00:00,13.86,12378,Germany,False,False,False,55.44,55.44,0.0,102169,2011,2011-04,Wednesday,2,10,True
102170,P111,Serving Bowl,2,2011-04-29 17:00:00,13.63,12598,India,False,False,False,27.26,27.26,0.0,102170,2011,2011-04,Friday,4,17,True
102171,P111,Serving Bowl,1,2011-10-01 10:00:00,16.53,12016,Germany,False,False,False,16.53,16.53,0.0,102171,2011,2011-10,Saturday,5,10,True
102171,P104,Candle Set,5,2011-10-01 10:00:00,11.1,12016,Germany,False,False,False,55.5,55.5,0.0,102171,2011,2011-10,Saturday,5,10,True
102172,P105,Tote Bag,1,2011-05-08 18:00:00,6.87,12014,Spain,False,False,False,6.87,6.87,0.0,102172,2011,2011-05,Sunday,6,18,True
102172,P104,Candle Set,3,2011-05-08 18:00:00,9.28,12014,France,False,False,False,27.839999999999996,27.839999999999996,0.0,102172,2011,2011-05,Sunday,6,18,True
102172,P100,Gift Box,1,2011-05-08 18:00:00,4.13,12014,India,False,False,False,4.13,4.13,0.0,102172,2011,2011-05,Sunday,6,18,True
102173,P101,Ceramic Mug,6,2011-06-19 16:00:00,7.18,12664,Spain,False,False,False,43.08,43.08,0.0,102173,2011,2011-06,Sunday,6,16,True
102173,P110,Gift Wrap,6,2011-06-19 16:00:00,2.59,12664,Germany,False,False,False,15.54,15.54,0.0,102173,2011,2011-06,Sunday,6,16,True
102173,P102,Notebook,1,2011-06-19 16:00:00,4.28,12664,United Kingdom,False,False,False,4.28,4.28,0.0,102173,2011,2011-06,Sunday,6,16,True
102173,P111,Serving Bowl,8,2011-06-19 16:00:00,14.52,12664,Spain,False,False,False,116.16,116.16,0.0,102173,2011,2011-06,Sunday,6,16,True
102174,P110,Gift Wrap,2,2010-12-01 14:00:00,2.23,12056,Australia,False,False,False,4.46,4.46,0.0,102174,2010,2010-12,Wednesday,2,14,True
102174,P104,Candle Set,3,2010-12-01 14:00:00,9.41,12056,Australia,False,False,False,28.23,28.23,0.0,102174,2010,2010-12,Wednesday,2,14,True
102174,P108,Tea Set,2,2010-12-01 14:00:00,17.97,12056,Australia,False,False,False,35.94,35.94,0.0,102174,2010,2010-12,Wednesday,2,14,True
102174,P100,Gift Box,1,2010-12-01 14:00:00,5.05,12056,India,False,False,False,5.05,5.05,0.0,102174,2010,2010-12,Wednesday,2,14,True
102175,P109,Desk Organizer,2,2011-10-20 13:00:00,10.86,12041,Spain,False,False,False,21.72,21.72,0.0,102175,2011,2011-10,Thursday,3,13,True
102175,P101,Ceramic Mug,3,2011-10-20 13:00:00,7.28,12041,Netherlands,False,False,False,21.84,21.84,0.0,102175,2011,2011-10,Thursday,3,13,True
102175,P105,Tote Bag,1,2011-10-20 13:00:00,6.34,12041,Australia,False,False,False,6.34,6.34,0.0,102175,2011,2011-10,Thursday,3,13,True
102176,P109,Desk Organizer,3,2011-05-17 15:00:00,11.9,12351,United Kingdom,False,False,False,35.7,35.7,0.0,102176,2011,2011-05,Tuesday,1,15,True
102176,P100,Gift Box,4,2011-05-17 15:00:00,4.56,12351,India,False,False,False,18.24,18.24,0.0,102176,2011,2011-05,Tuesday,1,15,True
102176,P104,Candle Set,3,2011-05-17 15:00:00,11.15,12351,Australia,False,False,False,33.45,33.45,0.0,102176,2011,2011-05,Tuesday,1,15,True
102177,P107,Photo Frame,1,2011-11-07 14:00:00,8.74,12162,United Kingdom,False,False,False,8.74,8.74,0.0,102177,2011,2011-11,Monday,0,14,True
102177,P108,Tea Set,9,2011-11-07 14:00:00,16.58,12162,France,False,False,False,149.21999999999997,149.21999999999997,0.0,102177,2011,2011-11,Monday,0,14,True
102177,P106,Glass Jar,1,2011-11-07 14:00:00,5.33,12162,France,False,False,False,5.33,5.33,0.0,102177,2011,2011-11,Monday,0,14,True
102177,P103,Wall Clock,1,2011-11-07 14:00:00,13.77,12162,Germany,False,False,False,13.77,13.77,0.0,102177,2011,2011-11,Monday,0,14,True
102178,P108,Tea Set,8,2011-06-07 16:00:00,16.23,12008,Netherlands,False,False,False,129.84,129.84,0.0,102178,2011,2011-06,Tuesday,1,16,True
102178,P106,Glass Jar,2,2011-06-07 16:00:00,5.34,12008,Netherlands,False,False,False,10.68,10.68,0.0,102178,2011,2011-06,Tuesday,1,16,True
102178,P100,Gift Box,1,2011-06-07 16:00:00,5.02,12008,India,False,False,False,5.02,5.02,0.0,102178,2011,2011-06,Tuesday,1,16,True
102179,P110,Gift Wrap,5,2011-03-20 13:00:00,2.34,12583,Netherlands,False,False,False,11.7,11.7,0.0,102179,2011,2011-03,Sunday,6,13,True
102179,P103,Wall Clock,4,2011-03-20 13:00:00,12.31,12583,Spain,False,False,False,49.24,49.24,0.0,102179,2011,2011-03,Sunday,6,13,True
102179,P106,Glass Jar,6,2011-03-20 13:00:00,5.08,12583,Netherlands,False,False,False,30.48,30.48,0.0,102179,2011,2011-03,Sunday,6,13,True
102179,P100,Gift Box,5,2011-03-20 13:00:00,4.16,12583,Spain,False,False,False,20.8,20.8,0.0,102179,2011,2011-03,Sunday,6,13,True
102180,P101,Ceramic Mug,5,2011-08-09 18:00:00,6.66,12521,Germany,False,False,False,33.3,33.3,0.0,102180,2011,2011-08,Tuesday,1,18,True
102181,P101,Ceramic Mug,1,2011-12-05 16:00:00,7.56,12001,Germany,False,False,False,7.56,7.56,0.0,102181,2011,2011-12,Monday,0,16,True
102181,P111,Serving Bowl,3,2011-12-05 16:00:00,13.22,12001,France,False,False,False,39.660000000000004,39.660000000000004,0.0,102181,2011,2011-12,Monday,0,16,True
102181,P105,Tote Bag,1,2011-12-05 16:00:00,7.22,12001,India,False,False,False,7.22,7.22,0.0,102181,2011,2011-12,Monday,0,16,True
102181,P108,Tea Set,3,2011-12-05 16:00:00,16.6,12001,France,False,False,False,49.800000000000004,49.800000000000004,0.0,102181,2011,2011-12,Monday,0,16,True
102182,P103,Wall Clock,3,2011-10-19 16:00:00,12.35,12002,Spain,False,False,False,37.05,37.05,0.0,102182,2011,2011-10,Wednesday,2,16,True
102183,P104,Candle Set,1,2010-12-15 08:00:00,10.54,12489,India,False,False,False,10.54,10.54,0.0,102183,2010,2010-12,Wednesday,2,8,True
102184,P100,Gift Box,2,2011-01-26 15:00:00,4.92,12507,Australia,False,False,False,9.84,9.84,0.0,102184,2011,2011-01,Wednesday,2,15,True
102184,P111,Serving Bowl,1,2011-01-26 15:00:00,16.12,12507,India,False,False,False,16.12,16.12,0.0,102184,2011,2011-01,Wednesday,2,15,True
102184,P105,Tote Bag,1,2011-01-26 15:00:00,5.95,12507,Australia,False,False,False,5.95,5.95,0.0,102184,2011,2011-01,Wednesday,2,15,True
102184,P102,Notebook,2,2011-01-26 15:00:00,3.76,12507,Netherlands,False,False,False,7.52,7.52,0.0,102184,2011,2011-01,Wednesday,2,15,True
102185,P100,Gift Box,9,2011-04-17 15:00:00,4.81,12054,United Kingdom,False,False,False,43.29,43.29,0.0,102185,2011,2011-04,Sunday,6,15,True
102185,P106,Glass Jar,1,2011-04-17 15:00:00,6.03,12054,United Kingdom,False,False,False,6.03,6.03,0.0,102185,2011,2011-04,Sunday,6,15,True
102186,P100,Gift Box,9,2011-08-04 13:00:00,4.09,12056,Australia,False,False,False,36.81,36.81,0.0,102186,2011,2011-08,Thursday,3,13,True
102186,P105,Tote Bag,6,2011-08-04 13:00:00,7.32,12056,Australia,False,False,False,43.92,43.92,0.0,102186,2011,2011-08,Thursday,3,13,True
102186,P107,Photo Frame,2,2011-08-04 13:00:00,8.62,12056,Spain,False,False,False,17.24,17.24,0.0,102186,2011,2011-08,Thursday,3,13,True
102187,P110,Gift Wrap,3,2011-06-13 08:00:00,2.25,12035,Spain,False,False,False,6.75,6.75,0.0,102187,2011,2011-06,Monday,0,8,True
102187,P111,Serving Bowl,3,2011-06-13 08:00:00,13.91,12035,Spain,False,False,False,41.730000000000004,41.730000000000004,0.0,102187,2011,2011-06,Monday,0,8,True
102188,P105,Tote Bag,1,2011-02-28 08:00:00,6.2,12682,United Kingdom,False,False,False,6.2,6.2,0.0,102188,2011,2011-02,Monday,0,8,True
102188,P106,Glass Jar,1,2011-02-28 08:00:00,6.1,12682,United Kingdom,False,False,False,6.1,6.1,0.0,102188,2011,2011-02,Monday,0,8,True
102188,P102,Notebook,1,2011-02-28 08:00:00,3.59,12682,United Kingdom,False,False,False,3.59,3.59,0.0,102188,2011,2011-02,Monday,0,8,True
102188,P108,Tea Set,1,2011-02-28 08:00:00,19.52,12682,Germany,False,False,False,19.52,19.52,0.0,102188,2011,2011-02,Monday,0,8,True
102189,P109,Desk Organizer,2,2011-09-28 17:00:00,10.95,12275,France,False,False,False,21.9,21.9,0.0,102189,2011,2011-09,Wednesday,2,17,True
102189,P104,Candle Set,4,2011-09-28 17:00:00,10.1,12275,United Kingdom,False,False,False,40.4,40.4,0.0,102189,2011,2011-09,Wednesday,2,17,True
102189,P111,Serving Bowl,2,2011-09-28 17:00:00,13.72,12275,Australia,False,False,False,27.44,27.44,0.0,102189,2011,2011-09,Wednesday,2,17,True
102189,P100,Gift Box,2,2011-09-28 17:00:00,5.06,12275,Germany,False,False,False,10.12,10.12,0.0,102189,2011,2011-09,Wednesday,2,17,True
102190,P108,Tea Set,2,2011-04-01 10:00:00,19.54,12059,France,False,False,False,39.08,39.08,0.0,102190,2011,2011-04,Friday,4,10,True
102190,P106,Glass Jar,1,2011-04-01 10:00:00,5.05,12059,Germany,False,False,False,5.05,5.05,0.0,102190,2011,2011-04,Friday,4,10,True
102190,P110,Gift Wrap,6,2011-04-01 10:00:00,2.47,12059,Spain,False,False,False,14.82,14.82,0.0,102190,2011,2011-04,Friday,4,10,True
102191,P110,Gift Wrap,3,2011-01-02 13:00:00,2.45,12349,Netherlands,False,False,False,7.3500000000000005,7.3500000000000005,0.0,102191,2011,2011-01,Sunday,6,13,True
102191,P106,Glass Jar,8,2011-01-02 13:00:00,5.43,12349,Netherlands,False,False,False,43.44,43.44,0.0,102191,2011,2011-01,Sunday,6,13,True
102192,P104,Candle Set,1,2011-07-07 09:00:00,10.2,12627,Australia,False,False,False,10.2,10.2,0.0,102192,2011,2011-07,Thursday,3,9,True
102192,P108,Tea Set,1,2011-07-07 09:00:00,20.66,12627,Netherlands,False,False,False,20.66,20.66,0.0,102192,2011,2011-07,Thursday,3,9,True
102192,P103,Wall Clock,1,2011-07-07 09:00:00,13.8,12627,Australia,False,False,False,13.8,13.8,0.0,102192,2011,2011-07,Thursday,3,9,True
102193,P108,Tea Set,4,2011-05-08 18:00:00,19.17,12653,Spain,False,False,False,76.68,76.68,0.0,102193,2011,2011-05,Sunday,6,18,True
102193,P109,Desk Organizer,1,2011-05-08 18:00:00,12.19,12653,Australia,False,False,False,12.19,12.19,0.0,102193,2011,2011-05,Sunday,6,18,True
102194,P106,Glass Jar,2,2011-11-04 13:00:00,5.82,12247,United Kingdom,False,False,False,11.64,11.64,0.0,102194,2011,2011-11,Friday,4,13,True
102194,P102,Notebook,1,2011-11-04 13:00:00,3.66,12247,Netherlands,False,False,False,3.66,3.66,0.0,102194,2011,2011-11,Friday,4,13,True
102194,P100,Gift Box,1,2011-11-04 13:00:00,4.49,12247,Netherlands,False,False,False,4.49,4.49,0.0,102194,2011,2011-11,Friday,4,13,True
102195,P104,Candle Set,2,2011-06-01 11:00:00,10.14,12516,Australia,False,False,False,20.28,20.28,0.0,102195,2011,2011-06,Wednesday,2,11,True
102195,P108,Tea Set,2,2011-06-01 11:00:00,18.47,12516,Germany,False,False,False,36.94,36.94,0.0,102195,2011,2011-06,Wednesday,2,11,True
102195,P109,Desk Organizer,1,2011-06-01 11:00:00,12.64,12516,Australia,False,False,False,12.64,12.64,0.0,102195,2011,2011-06,Wednesday,2,11,True
102195,P100,Gift Box,2,2011-06-01 11:00:00,4.74,12516,Spain,False,False,False,9.48,9.48,0.0,102195,2011,2011-06,Wednesday,2,11,True
102196,P106,Glass Jar,4,2011-01-30 18:00:00,6.27,12038,Spain,False,False,False,25.08,25.08,0.0,102196,2011,2011-01,Sunday,6,18,True
102196,P105,Tote Bag,1,2011-01-30 18:00:00,5.86,12038,Spain,False,False,False,5.86,5.86,0.0,102196,2011,2011-01,Sunday,6,18,True
102197,P110,Gift Wrap,1,2011-05-15 15:00:00,2.63,12062,United Kingdom,False,False,False,2.63,2.63,0.0,102197,2011,2011-05,Sunday,6,15,True
102197,P111,Serving Bowl,3,2011-05-15 15:00:00,14.52,12062,Netherlands,False,False,False,43.56,43.56,0.0,102197,2011,2011-05,Sunday,6,15,True
102197,P106,Glass Jar,3,2011-05-15 15:00:00,5.28,12062,Netherlands,False,False,False,15.84,15.84,0.0,102197,2011,2011-05,Sunday,6,15,True
102198,P109,Desk Organizer,1,2011-08-23 10:00:00,10.03,12666,France,False,False,False,10.03,10.03,0.0,102198,2011,2011-08,Tuesday,1,10,True
102198,P101,Ceramic Mug,4,2011-08-23 10:00:00,8.27,12666,United Kingdom,False,False,False,33.08,33.08,0.0,102198,2011,2011-08,Tuesday,1,10,True
102198,P111,Serving Bowl,2,2011-08-23 10:00:00,16.22,12666,Spain,False,False,False,32.44,32.44,0.0,102198,2011,2011-08,Tuesday,1,10,True
102199,P111,Serving Bowl,5,2011-08-23 18:00:00,15.5,12198,India,False,False,False,77.5,77.5,0.0,102199,2011,2011-08,Tuesday,1,18,True
102199,P106,Glass Jar,10,2011-08-23 18:00:00,5.44,12198,United Kingdom,False,False,False,54.400000000000006,54.400000000000006,0.0,102199,2011,2011-08,Tuesday,1,18,True
102199,P104,Candle Set,5,2011-08-23 18:00:00,10.54,12198,United Kingdom,False,False,False,52.699999999999996,52.699999999999996,0.0,102199,2011,2011-08,Tuesday,1,18,True
102199,P101,Ceramic Mug,7,2011-08-23 18:00:00,6.79,12198,India,False,False,False,47.53,47.53,0.0,102199,2011,2011-08,Tuesday,1,18,True
102200,P107,Photo Frame,2,2011-07-24 09:00:00,7.97,12154,Germany,False,False,False,15.94,15.94,0.0,102200,2011,2011-07,Sunday,6,9,True
102200,P102,Notebook,10,2011-07-24 09:00:00,4.23,12154,Spain,False,False,False,42.300000000000004,42.300000000000004,0.0,102200,2011,2011-07,Sunday,6,9,True
102201,P110,Gift Wrap,2,2011-05-20 15:00:00,2.69,12003,Australia,False,False,False,5.38,5.38,0.0,102201,2011,2011-05,Friday,4,15,True
102202,P107,Photo Frame,1,2011-08-27 14:00:00,9.33,12075,Spain,False,False,False,9.33,9.33,0.0,102202,2011,2011-08,Saturday,5,14,True
102203,P107,Photo Frame,5,2011-07-13 13:00:00,7.86,12581,France,False,False,False,39.300000000000004,39.300000000000004,0.0,102203,2011,2011-07,Wednesday,2,13,True
102204,P102,Notebook,1,2011-01-28 08:00:00,3.66,12430,Germany,False,False,False,3.66,3.66,0.0,102204,2011,2011-01,Friday,4,8,True
102205,P106,Glass Jar,3,2011-09-29 14:00:00,4.98,12501,India,False,False,False,14.940000000000001,14.940000000000001,0.0,102205,2011,2011-09,Thursday,3,14,True
102205,P100,Gift Box,3,2011-09-29 14:00:00,5.0,12501,Germany,False,False,False,15.0,15.0,0.0,102205,2011,2011-09,Thursday,3,14,True
102205,P107,Photo Frame,15,2011-09-29 14:00:00,8.33,12501,Germany,False,False,False,124.95,124.95,0.0,102205,2011,2011-09,Thursday,3,14,True
102205,P109,Desk Organizer,4,2011-09-29 14:00:00,11.55,12501,Spain,False,False,False,46.2,46.2,0.0,102205,2011,2011-09,Thursday,3,14,True
102206,P101,Ceramic Mug,1,2011-11-12 19:00:00,8.04,12062,Australia,False,False,False,8.04,8.04,0.0,102206,2011,2011-11,Saturday,5,19,True
102207,P109,Desk Organizer,1,2011-04-17 13:00:00,12.54,12318,India,False,False,False,12.54,12.54,0.0,102207,2011,2011-04,Sunday,6,13,True
102207,P101,Ceramic Mug,3,2011-04-17 13:00:00,6.84,12318,Australia,False,False,False,20.52,20.52,0.0,102207,2011,2011-04,Sunday,6,13,True
102207,P104,Candle Set,5,2011-04-17 13:00:00,11.08,12318,India,False,False,False,55.4,55.4,0.0,102207,2011,2011-04,Sunday,6,13,True
102208,P111,Serving Bowl,5,2011-10-17 14:00:00,15.59,12103,Germany,False,False,False,77.95,77.95,0.0,102208,2011,2011-10,Monday,0,14,True
102208,P108,Tea Set,1,2011-10-17 14:00:00,19.0,12103,Germany,False,False,False,19.0,19.0,0.0,102208,2011,2011-10,Monday,0,14,True
102208,P103,Wall Clock,1,2011-10-17 14:00:00,13.38,12103,Spain,False,False,False,13.38,13.38,0.0,102208,2011,2011-10,Monday,0,14,True
102209,P101,Ceramic Mug,5,2011-01-30 11:00:00,7.68,12169,India,False,False,False,38.4,38.4,0.0,102209,2011,2011-01,Sunday,6,11,True
102210,P108,Tea Set,1,2011-03-14 09:00:00,19.13,12000,Germany,False,False,False,19.13,19.13,0.0,102210,2011,2011-03,Monday,0,9,True
102210,P101,Ceramic Mug,3,2011-03-14 09:00:00,8.0,12000,France,False,False,False,24.0,24.0,0.0,102210,2011,2011-03,Monday,0,9,True
102210,P103,Wall Clock,22,2011-03-14 09:00:00,13.67,12000,United Kingdom,False,False,False,300.74,300.74,0.0,102210,2011,2011-03,Monday,0,9,True
102210,P107,Photo Frame,37,2011-03-14 09:00:00,8.99,12000,United Kingdom,False,False,False,332.63,332.63,0.0,102210,2011,2011-03,Monday,0,9,True
102211,P106,Glass Jar,7,2011-01-06 17:00:00,5.53,12192,Netherlands,False,False,False,38.71,38.71,0.0,102211,2011,2011-01,Thursday,3,17,True
102211,P100,Gift Box,1,2011-01-06 17:00:00,4.34,12192,Germany,False,False,False,4.34,4.34,0.0,102211,2011,2011-01,Thursday,3,17,True
102211,P102,Notebook,1,2011-01-06 17:00:00,3.98,12192,Germany,False,False,False,3.98,3.98,0.0,102211,2011,2011-01,Thursday,3,17,True
102211,P104,Candle Set,3,2011-01-06 17:00:00,10.43,12192,France,False,False,False,31.29,31.29,0.0,102211,2011,2011-01,Thursday,3,17,True
102212,P103,Wall Clock,2,2011-08-29 16:00:00,13.56,12023,United Kingdom,False,False,False,27.12,27.12,0.0,102212,2011,2011-08,Monday,0,16,True
102212,P105,Tote Bag,1,2011-08-29 16:00:00,7.15,12023,France,False,False,False,7.15,7.15,0.0,102212,2011,2011-08,Monday,0,16,True
102212,P100,Gift Box,4,2011-08-29 16:00:00,4.34,12023,India,False,False,False,17.36,17.36,0.0,102212,2011,2011-08,Monday,0,16,True
102212,P110,Gift Wrap,14,2011-08-29 16:00:00,2.69,12023,Germany,False,False,False,37.66,37.66,0.0,102212,2011,2011-08,Monday,0,16,True
102213,P102,Notebook,3,2011-08-22 10:00:00,3.92,12394,Spain,False,False,False,11.76,11.76,0.0,102213,2011,2011-08,Monday,0,10,True
102213,P105,Tote Bag,4,2011-08-22 10:00:00,6.74,12394,Germany,False,False,False,26.96,26.96,0.0,102213,2011,2011-08,Monday,0,10,True
102213,P111,Serving Bowl,1,2011-08-22 10:00:00,13.79,12394,United Kingdom,False,False,False,13.79,13.79,0.0,102213,2011,2011-08,Monday,0,10,True
102213,P107,Photo Frame,1,2011-08-22 10:00:00,7.68,12394,Netherlands,False,False,False,7.68,7.68,0.0,102213,2011,2011-08,Monday,0,10,True
102214,P100,Gift Box,2,2011-10-08 13:00:00,4.15,12269,India,False,False,False,8.3,8.3,0.0,102214,2011,2011-10,Saturday,5,13,True
102214,P102,Notebook,6,2011-10-08 13:00:00,3.65,12269,India,False,False,False,21.9,21.9,0.0,102214,2011,2011-10,Saturday,5,13,True
102214,P108,Tea Set,3,2011-10-08 13:00:00,18.76,12269,Spain,False,False,False,56.28,56.28,0.0,102214,2011,2011-10,Saturday,5,13,True
102214,P103,Wall Clock,1,2011-10-08 13:00:00,14.16,12269,Spain,False,False,False,14.16,14.16,0.0,102214,2011,2011-10,Saturday,5,13,True
102215,P111,Serving Bowl,3,2011-04-10 16:00:00,13.51,12145,France,False,False,False,40.53,40.53,0.0,102215,2011,2011-04,Sunday,6,16,True
102215,P109,Desk Organizer,4,2011-04-10 16:00:00,11.76,12145,Netherlands,False,False,False,47.04,47.04,0.0,102215,2011,2011-04,Sunday,6,16,True
102215,P105,Tote Bag,2,2011-04-10 16:00:00,6.61,12145,Netherlands,False,False,False,13.22,13.22,0.0,102215,2011,2011-04,Sunday,6,16,True
102215,P106,Glass Jar,4,2011-04-10 16:00:00,5.11,12145,Australia,False,False,False,20.44,20.44,0.0,102215,2011,2011-04,Sunday,6,16,True
102216,P109,Desk Organizer,1,2011-05-31 16:00:00,9.97,12377,United Kingdom,False,False,False,9.97,9.97,0.0,102216,2011,2011-05,Tuesday,1,16,True
102216,P107,Photo Frame,2,2011-05-31 16:00:00,7.68,12377,Netherlands,False,False,False,15.36,15.36,0.0,102216,2011,2011-05,Tuesday,1,16,True
102217,P102,Notebook,2,2011-04-27 15:00:00,4.34,12186,Australia,False,False,False,8.68,8.68,0.0,102217,2011,2011-04,Wednesday,2,15,True
102217,P109,Desk Organizer,3,2011-04-27 15:00:00,12.51,12186,Australia,False,False,False,37.53,37.53,0.0,102217,2011,2011-04,Wednesday,2,15,True
102217,P106,Glass Jar,1,2011-04-27 15:00:00,6.1,12186,Australia,False,False,False,6.1,6.1,0.0,102217,2011,2011-04,Wednesday,2,15,True
102218,P102,Notebook,11,2011-11-11 15:00:00,3.54,12073,Germany,False,False,False,38.94,38.94,0.0,102218,2011,2011-11,Friday,4,15,True
102218,P108,Tea Set,1,2011-11-11 15:00:00,19.44,12073,Netherlands,False,False,False,19.44,19.44,0.0,102218,2011,2011-11,Friday,4,15,True
102218,P101,Ceramic Mug,5,2011-11-11 15:00:00,6.68,12073,United Kingdom,False,False,False,33.4,33.4,0.0,102218,2011,2011-11,Friday,4,15,True
102219,P102,Notebook,5,2011-03-22 19:00:00,3.88,12519,United Kingdom,False,False,False,19.4,19.4,0.0,102219,2011,2011-03,Tuesday,1,19,True
102220,P105,Tote Bag,3,2011-05-24 11:00:00,6.43,12546,Germany,False,False,False,19.29,19.29,0.0,102220,2011,2011-05,Tuesday,1,11,True
102221,P108,Tea Set,2,2011-10-15 11:00:00,17.28,12020,United Kingdom,False,False,False,34.56,34.56,0.0,102221,2011,2011-10,Saturday,5,11,True
102221,P103,Wall Clock,7,2011-10-15 11:00:00,12.75,12020,Australia,False,False,False,89.25,89.25,0.0,102221,2011,2011-10,Saturday,5,11,True
102221,P109,Desk Organizer,6,2011-10-15 11:00:00,11.01,12020,Australia,False,False,False,66.06,66.06,0.0,102221,2011,2011-10,Saturday,5,11,True
102221,P105,Tote Bag,7,2011-10-15 11:00:00,6.21,12020,United Kingdom,False,False,False,43.47,43.47,0.0,102221,2011,2011-10,Saturday,5,11,True
102222,P106,Glass Jar,8,2011-06-11 18:00:00,6.0,12392,United Kingdom,False,False,False,48.0,48.0,0.0,102222,2011,2011-06,Saturday,5,18,True
102222,P103,Wall Clock,3,2011-06-11 18:00:00,14.35,12392,India,False,False,False,43.05,43.05,0.0,102222,2011,2011-06,Saturday,5,18,True
102223,P107,Photo Frame,7,2011-07-27 19:00:00,9.02,12033,Spain,False,False,False,63.14,63.14,0.0,102223,2011,2011-07,Wednesday,2,19,True
102223,P108,Tea Set,60,2011-07-27 19:00:00,20.04,12033,Germany,False,False,False,1202.3999999999999,1202.3999999999999,0.0,102223,2011,2011-07,Wednesday,2,19,True
102223,P101,Ceramic Mug,10,2011-07-27 19:00:00,6.59,12033,United Kingdom,False,False,False,65.9,65.9,0.0,102223,2011,2011-07,Wednesday,2,19,True
102223,P106,Glass Jar,1,2011-07-27 19:00:00,6.11,12033,Australia,False,False,False,6.11,6.11,0.0,102223,2011,2011-07,Wednesday,2,19,True
102224,P106,Glass Jar,1,2011-07-27 15:00:00,5.08,12141,India,False,False,False,5.08,5.08,0.0,102224,2011,2011-07,Wednesday,2,15,True
102225,P110,Gift Wrap,3,2011-07-22 11:00:00,2.26,12553,Germany,False,False,False,6.779999999999999,6.779999999999999,0.0,102225,2011,2011-07,Friday,4,11,True
102225,P104,Candle Set,2,2011-07-22 11:00:00,11.04,12553,Spain,False,False,False,22.08,22.08,0.0,102225,2011,2011-07,Friday,4,11,True
102225,P108,Tea Set,6,2011-07-22 11:00:00,18.29,12553,United Kingdom,False,False,False,109.74,109.74,0.0,102225,2011,2011-07,Friday,4,11,True
102225,P103,Wall Clock,1,2011-07-22 11:00:00,11.31,12553,United Kingdom,False,False,False,11.31,11.31,0.0,102225,2011,2011-07,Friday,4,11,True
102226,P103,Wall Clock,5,2011-08-20 12:00:00,13.99,12330,Spain,False,False,False,69.95,69.95,0.0,102226,2011,2011-08,Saturday,5,12,True
102226,P110,Gift Wrap,19,2011-08-20 12:00:00,2.62,12330,Australia,False,False,False,49.78,49.78,0.0,102226,2011,2011-08,Saturday,5,12,True
102227,P111,Serving Bowl,13,2011-06-06 13:00:00,13.07,12055,France,False,False,False,169.91,169.91,0.0,102227,2011,2011-06,Monday,0,13,True
102227,P105,Tote Bag,8,2011-06-06 13:00:00,6.4,12055,France,False,False,False,51.2,51.2,0.0,102227,2011,2011-06,Monday,0,13,True
102227,P104,Candle Set,1,2011-06-06 13:00:00,10.79,12055,Australia,False,False,False,10.79,10.79,0.0,102227,2011,2011-06,Monday,0,13,True
102227,P106,Glass Jar,1,2011-06-06 13:00:00,6.28,12055,Netherlands,False,False,False,6.28,6.28,0.0,102227,2011,2011-06,Monday,0,13,True
102228,P103,Wall Clock,2,2011-08-15 10:00:00,13.66,12460,France,False,False,False,27.32,27.32,0.0,102228,2011,2011-08,Monday,0,10,True
102228,P101,Ceramic Mug,3,2011-08-15 10:00:00,6.76,12460,France,False,False,False,20.28,20.28,0.0,102228,2011,2011-08,Monday,0,10,True
102229,P101,Ceramic Mug,1,2011-03-30 18:00:00,7.68,12287,Australia,False,False,False,7.68,7.68,0.0,102229,2011,2011-03,Wednesday,2,18,True
102230,P101,Ceramic Mug,2,2011-08-13 14:00:00,6.87,12045,Spain,False,False,False,13.74,13.74,0.0,102230,2011,2011-08,Saturday,5,14,True
102230,P110,Gift Wrap,4,2011-08-13 14:00:00,2.6,12045,France,False,False,False,10.4,10.4,0.0,102230,2011,2011-08,Saturday,5,14,True
102230,P102,Notebook,4,2011-08-13 14:00:00,4.19,12045,Spain,False,False,False,16.76,16.76,0.0,102230,2011,2011-08,Saturday,5,14,True
102231,P111,Serving Bowl,2,2011-06-30 13:00:00,13.41,12010,India,False,False,False,26.82,26.82,0.0,102231,2011,2011-06,Thursday,3,13,True
102231,P101,Ceramic Mug,1,2011-06-30 13:00:00,7.54,12010,Germany,False,False,False,7.54,7.54,0.0,102231,2011,2011-06,Thursday,3,13,True
102231,P105,Tote Bag,2,2011-06-30 13:00:00,7.34,12010,Australia,False,False,False,14.68,14.68,0.0,102231,2011,2011-06,Thursday,3,13,True
102231,P110,Gift Wrap,8,2011-06-30 13:00:00,2.63,12010,United Kingdom,False,False,False,21.04,21.04,0.0,102231,2011,2011-06,Thursday,3,13,True
102232,P110,Gift Wrap,2,2011-09-27 15:00:00,2.18,12002,Australia,False,False,False,4.36,4.36,0.0,102232,2011,2011-09,Tuesday,1,15,True
102233,P111,Serving Bowl,2,2011-03-15 18:00:00,13.98,12522,United Kingdom,False,False,False,27.96,27.96,0.0,102233,2011,2011-03,Tuesday,1,18,True
102233,P104,Candle Set,1,2011-03-15 18:00:00,9.87,12522,United Kingdom,False,False,False,9.87,9.87,0.0,102233,2011,2011-03,Tuesday,1,18,True
102233,P105,Tote Bag,5,2011-03-15 18:00:00,6.94,12522,Netherlands,False,False,False,34.7,34.7,0.0,102233,2011,2011-03,Tuesday,1,18,True
102234,P106,Glass Jar,1,2011-02-18 16:00:00,5.29,12134,Spain,False,False,False,5.29,5.29,0.0,102234,2011,2011-02,Friday,4,16,True
102234,P108,Tea Set,2,2011-02-18 16:00:00,16.23,12134,Australia,False,False,False,32.46,32.46,0.0,102234,2011,2011-02,Friday,4,16,True
102234,P100,Gift Box,1,2011-02-18 16:00:00,4.79,12134,France,False,False,False,4.79,4.79,0.0,102234,2011,2011-02,Friday,4,16,True
102235,P102,Notebook,3,2011-11-24 09:00:00,4.34,12362,France,False,False,False,13.02,13.02,0.0,102235,2011,2011-11,Thursday,3,9,True
102235,P104,Candle Set,3,2011-11-24 09:00:00,10.73,12362,France,False,False,False,32.19,32.19,0.0,102235,2011,2011-11,Thursday,3,9,True
102235,P100,Gift Box,1,2011-11-24 09:00:00,5.14,12362,Netherlands,False,False,False,5.14,5.14,0.0,102235,2011,2011-11,Thursday,3,9,True
102236,P111,Serving Bowl,4,2011-01-26 16:00:00,15.53,12086,India,False,False,False,62.12,62.12,0.0,102236,2011,2011-01,Wednesday,2,16,True
102236,P101,Ceramic Mug,1,2011-01-26 16:00:00,7.83,12086,France,False,False,False,7.83,7.83,0.0,102236,2011,2011-01,Wednesday,2,16,True
102237,P105,Tote Bag,1,2011-05-24 08:00:00,5.93,12554,Netherlands,False,False,False,5.93,5.93,0.0,102237,2011,2011-05,Tuesday,1,8,True
102238,P107,Photo Frame,1,2011-06-28 14:00:00,9.43,12263,Australia,False,False,False,9.43,9.43,0.0,102238,2011,2011-06,Tuesday,1,14,True
102238,P106,Glass Jar,3,2011-06-28 14:00:00,6.14,12263,Spain,False,False,False,18.419999999999998,18.419999999999998,0.0,102238,2011,2011-06,Tuesday,1,14,True
102238,P102,Notebook,2,2011-06-28 14:00:00,4.09,12263,Australia,False,False,False,8.18,8.18,0.0,102238,2011,2011-06,Tuesday,1,14,True
102239,P111,Serving Bowl,10,2011-06-01 19:00:00,13.32,12018,Spain,False,False,False,133.2,133.2,0.0,102239,2011,2011-06,Wednesday,2,19,True
102239,P109,Desk Organizer,2,2011-06-01 19:00:00,12.59,12018,Germany,False,False,False,25.18,25.18,0.0,102239,2011,2011-06,Wednesday,2,19,True
102239,P100,Gift Box,1,2011-06-01 19:00:00,5.02,12018,India,False,False,False,5.02,5.02,0.0,102239,2011,2011-06,Wednesday,2,19,True
102239,P105,Tote Bag,5,2011-06-01 19:00:00,6.88,12018,Netherlands,False,False,False,34.4,34.4,0.0,102239,2011,2011-06,Wednesday,2,19,True
102240,P105,Tote Bag,15,2011-09-11 15:00:00,6.72,12446,Netherlands,False,False,False,100.8,100.8,0.0,102240,2011,2011-09,Sunday,6,15,True
102240,P111,Serving Bowl,3,2011-09-11 15:00:00,14.14,12446,Australia,False,False,False,42.42,42.42,0.0,102240,2011,2011-09,Sunday,6,15,True
102241,P110,Gift Wrap,114,2011-08-12 11:00:00,2.17,12000,Australia,False,False,False,247.38,247.38,0.0,102241,2011,2011-08,Friday,4,11,True
102241,P107,Photo Frame,1,2011-08-12 11:00:00,9.23,12000,United Kingdom,False,False,False,9.23,9.23,0.0,102241,2011,2011-08,Friday,4,11,True
102242,P108,Tea Set,6,2011-05-08 18:00:00,17.07,12019,France,False,False,False,102.42,102.42,0.0,102242,2011,2011-05,Sunday,6,18,True
102243,P107,Photo Frame,3,2011-09-19 08:00:00,8.48,12441,United Kingdom,False,False,False,25.44,25.44,0.0,102243,2011,2011-09,Monday,0,8,True
102243,P100,Gift Box,7,2011-09-19 08:00:00,4.19,12441,India,False,False,False,29.330000000000002,29.330000000000002,0.0,102243,2011,2011-09,Monday,0,8,True
102244,P104,Candle Set,39,2011-05-20 18:00:00,10.53,12195,Netherlands,False,False,False,410.66999999999996,410.66999999999996,0.0,102244,2011,2011-05,Friday,4,18,True
102244,P101,Ceramic Mug,3,2011-05-20 18:00:00,7.03,12195,United Kingdom,False,False,False,21.09,21.09,0.0,102244,2011,2011-05,Friday,4,18,True
102244,P111,Serving Bowl,1,2011-05-20 18:00:00,16.57,12195,United Kingdom,False,False,False,16.57,16.57,0.0,102244,2011,2011-05,Friday,4,18,True
102244,P106,Glass Jar,9,2011-05-20 18:00:00,5.12,12195,France,False,False,False,46.08,46.08,0.0,102244,2011,2011-05,Friday,4,18,True
102245,P111,Serving Bowl,6,2011-07-07 11:00:00,16.49,12226,United Kingdom,False,False,False,98.94,98.94,0.0,102245,2011,2011-07,Thursday,3,11,True
102246,P111,Serving Bowl,4,2011-07-23 18:00:00,16.17,12667,France,False,False,False,64.68,64.68,0.0,102246,2011,2011-07,Saturday,5,18,True
102246,P106,Glass Jar,5,2011-07-23 18:00:00,5.37,12667,France,False,False,False,26.85,26.85,0.0,102246,2011,2011-07,Saturday,5,18,True
102246,P109,Desk Organizer,4,2011-07-23 18:00:00,11.36,12667,Australia,False,False,False,45.44,45.44,0.0,102246,2011,2011-07,Saturday,5,18,True
102247,P109,Desk Organizer,1,2011-04-12 10:00:00,11.23,12340,Netherlands,False,False,False,11.23,11.23,0.0,102247,2011,2011-04,Tuesday,1,10,True
102247,P105,Tote Bag,8,2011-04-12 10:00:00,7.3,12340,United Kingdom,False,False,False,58.4,58.4,0.0,102247,2011,2011-04,Tuesday,1,10,True
102248,P106,Glass Jar,4,2011-09-09 09:00:00,5.12,12328,United Kingdom,False,False,False,20.48,20.48,0.0,102248,2011,2011-09,Friday,4,9,True
102248,P104,Candle Set,2,2011-09-09 09:00:00,9.07,12328,United Kingdom,False,False,False,18.14,18.14,0.0,102248,2011,2011-09,Friday,4,9,True
102248,P100,Gift Box,5,2011-09-09 09:00:00,4.06,12328,France,False,False,False,20.299999999999997,20.299999999999997,0.0,102248,2011,2011-09,Friday,4,9,True
102249,P100,Gift Box,7,2011-08-08 09:00:00,4.28,12197,India,False,False,False,29.96,29.96,0.0,102249,2011,2011-08,Monday,0,9,True
102249,P103,Wall Clock,1,2011-08-08 09:00:00,12.52,12197,Australia,False,False,False,12.52,12.52,0.0,102249,2011,2011-08,Monday,0,9,True
102249,P105,Tote Bag,3,2011-08-08 09:00:00,6.65,12197,Netherlands,False,False,False,19.950000000000003,19.950000000000003,0.0,102249,2011,2011-08,Monday,0,9,True
102250,P104,Candle Set,1,2011-01-20 18:00:00,9.72,12047,Netherlands,False,False,False,9.72,9.72,0.0,102250,2011,2011-01,Thursday,3,18,True
102250,P103,Wall Clock,2,2011-01-20 18:00:00,13.36,12047,Germany,False,False,False,26.72,26.72,0.0,102250,2011,2011-01,Thursday,3,18,True
102251,P111,Serving Bowl,1,2011-11-22 19:00:00,16.44,12455,Australia,False,False,False,16.44,16.44,0.0,102251,2011,2011-11,Tuesday,1,19,True
102252,P102,Notebook,1,2011-01-08 17:00:00,3.76,12431,United Kingdom,False,False,False,3.76,3.76,0.0,102252,2011,2011-01,Saturday,5,17,True
102252,P104,Candle Set,5,2011-01-08 17:00:00,10.65,12431,Spain,False,False,False,53.25,53.25,0.0,102252,2011,2011-01,Saturday,5,17,True
102252,P101,Ceramic Mug,1,2011-01-08 17:00:00,7.05,12431,Australia,False,False,False,7.05,7.05,0.0,102252,2011,2011-01,Saturday,5,17,True
102252,P106,Glass Jar,2,2011-01-08 17:00:00,5.85,12431,Netherlands,False,False,False,11.7,11.7,0.0,102252,2011,2011-01,Saturday,5,17,True
102253,P105,Tote Bag,5,2011-02-15 08:00:00,7.03,12226,Netherlands,False,False,False,35.15,35.15,0.0,102253,2011,2011-02,Tuesday,1,8,True
102253,P102,Notebook,4,2011-02-15 08:00:00,3.8,12226,Netherlands,False,False,False,15.2,15.2,0.0,102253,2011,2011-02,Tuesday,1,8,True
102253,P101,Ceramic Mug,1,2011-02-15 08:00:00,7.49,12226,United Kingdom,False,False,False,7.49,7.49,0.0,102253,2011,2011-02,Tuesday,1,8,True
102253,P103,Wall Clock,3,2011-02-15 08:00:00,11.56,12226,India,False,False,False,34.68,34.68,0.0,102253,2011,2011-02,Tuesday,1,8,True
102254,P110,Gift Wrap,3,2011-02-01 19:00:00,2.63,12672,Australia,False,False,False,7.89,7.89,0.0,102254,2011,2011-02,Tuesday,1,19,True
102254,P105,Tote Bag,4,2011-02-01 19:00:00,6.67,12672,Australia,False,False,False,26.68,26.68,0.0,102254,2011,2011-02,Tuesday,1,19,True
102254,P103,Wall Clock,3,2011-02-01 19:00:00,14.14,12672,Spain,False,False,False,42.42,42.42,0.0,102254,2011,2011-02,Tuesday,1,19,True
102255,P107,Photo Frame,1,2011-05-12 12:00:00,9.01,12032,Australia,False,False,False,9.01,9.01,0.0,102255,2011,2011-05,Thursday,3,12,True
102255,P100,Gift Box,1,2011-05-12 12:00:00,5.14,12032,Spain,False,False,False,5.14,5.14,0.0,102255,2011,2011-05,Thursday,3,12,True
102255,P105,Tote Bag,4,2011-05-12 12:00:00,6.34,12032,United Kingdom,False,False,False,25.36,25.36,0.0,102255,2011,2011-05,Thursday,3,12,True
102256,P101,Ceramic Mug,6,2011-01-17 16:00:00,6.9,12559,Spain,False,False,False,41.400000000000006,41.400000000000006,0.0,102256,2011,2011-01,Monday,0,16,True
102256,P109,Desk Organizer,2,2011-01-17 16:00:00,11.29,12559,France,False,False,False,22.58,22.58,0.0,102256,2011,2011-01,Monday,0,16,True
102256,P106,Glass Jar,2,2011-01-17 16:00:00,5.7,12559,United Kingdom,False,False,False,11.4,11.4,0.0,102256,2011,2011-01,Monday,0,16,True
102257,P106,Glass Jar,1,2011-10-21 17:00:00,5.23,12011,United Kingdom,False,False,False,5.23,5.23,0.0,102257,2011,2011-10,Friday,4,17,True
102258,P106,Glass Jar,6,2011-02-10 11:00:00,6.27,12003,France,False,False,False,37.62,37.62,0.0,102258,2011,2011-02,Thursday,3,11,True
102259,P105,Tote Bag,1,2011-02-12 08:00:00,6.75,12243,United Kingdom,False,False,False,6.75,6.75,0.0,102259,2011,2011-02,Saturday,5,8,True
102259,P109,Desk Organizer,4,2011-02-12 08:00:00,9.96,12243,Germany,False,False,False,39.84,39.84,0.0,102259,2011,2011-02,Saturday,5,8,True
102260,P101,Ceramic Mug,3,2011-11-04 14:00:00,7.66,12507,India,False,False,False,22.98,22.98,0.0,102260,2011,2011-11,Friday,4,14,True
102261,P101,Ceramic Mug,1,2011-07-04 19:00:00,7.8,12001,India,False,False,False,7.8,7.8,0.0,102261,2011,2011-07,Monday,0,19,True
102262,P104,Candle Set,4,2011-06-08 17:00:00,10.66,12571,India,False,False,False,42.64,42.64,0.0,102262,2011,2011-06,Wednesday,2,17,True
102263,P103,Wall Clock,3,2011-11-26 13:00:00,14.3,12260,India,False,False,False,42.900000000000006,42.900000000000006,0.0,102263,2011,2011-11,Saturday,5,13,True
102263,P101,Ceramic Mug,5,2011-11-26 13:00:00,7.53,12260,Spain,False,False,False,37.65,37.65,0.0,102263,2011,2011-11,Saturday,5,13,True
102263,P105,Tote Bag,2,2011-11-26 13:00:00,6.46,12260,Australia,False,False,False,12.92,12.92,0.0,102263,2011,2011-11,Saturday,5,13,True
102263,P107,Photo Frame,4,2011-11-26 13:00:00,9.0,12260,United Kingdom,False,False,False,36.0,36.0,0.0,102263,2011,2011-11,Saturday,5,13,True
102264,P110,Gift Wrap,4,2011-03-18 12:00:00,2.45,12684,India,False,False,False,9.8,9.8,0.0,102264,2011,2011-03,Friday,4,12,True
102264,P103,Wall Clock,2,2011-03-18 12:00:00,11.92,12684,France,False,False,False,23.84,23.84,0.0,102264,2011,2011-03,Friday,4,12,True
102264,P102,Notebook,2,2011-03-18 12:00:00,3.43,12684,Australia,False,False,False,6.86,6.86,0.0,102264,2011,2011-03,Friday,4,12,True
102265,P106,Glass Jar,3,2011-05-07 13:00:00,5.09,12401,Australia,False,False,False,15.27,15.27,0.0,102265,2011,2011-05,Saturday,5,13,True
102265,P104,Candle Set,3,2011-05-07 13:00:00,9.31,12401,Australia,False,False,False,27.93,27.93,0.0,102265,2011,2011-05,Saturday,5,13,True
102265,P110,Gift Wrap,4,2011-05-07 13:00:00,2.2,12401,Germany,False,False,False,8.8,8.8,0.0,102265,2011,2011-05,Saturday,5,13,True
102265,P102,Notebook,1,2011-05-07 13:00:00,4.24,12401,Australia,False,False,False,4.24,4.24,0.0,102265,2011,2011-05,Saturday,5,13,True
102266,P101,Ceramic Mug,1,2011-10-26 08:00:00,7.65,12488,France,False,False,False,7.65,7.65,0.0,102266,2011,2011-10,Wednesday,2,8,True
102266,P111,Serving Bowl,3,2011-10-26 08:00:00,13.87,12488,India,False,False,False,41.61,41.61,0.0,102266,2011,2011-10,Wednesday,2,8,True
102266,P109,Desk Organizer,7,2011-10-26 08:00:00,10.36,12488,India,False,False,False,72.52,72.52,0.0,102266,2011,2011-10,Wednesday,2,8,True
102266,P100,Gift Box,1,2011-10-26 08:00:00,4.95,12488,Australia,False,False,False,4.95,4.95,0.0,102266,2011,2011-10,Wednesday,2,8,True
102267,P101,Ceramic Mug,8,2011-04-29 17:00:00,7.7,12431,Spain,False,False,False,61.6,61.6,0.0,102267,2011,2011-04,Friday,4,17,True
102267,P103,Wall Clock,5,2011-04-29 17:00:00,11.96,12431,Australia,False,False,False,59.800000000000004,59.800000000000004,0.0,102267,2011,2011-04,Friday,4,17,True
102267,P106,Glass Jar,2,2011-04-29 17:00:00,5.14,12431,Spain,False,False,False,10.28,10.28,0.0,102267,2011,2011-04,Friday,4,17,True
102268,P104,Candle Set,2,2011-03-28 10:00:00,9.47,12021,United Kingdom,False,False,False,18.94,18.94,0.0,102268,2011,2011-03,Monday,0,10,True
102268,P111,Serving Bowl,2,2011-03-28 10:00:00,14.39,12021,Spain,False,False,False,28.78,28.78,0.0,102268,2011,2011-03,Monday,0,10,True
102268,P110,Gift Wrap,4,2011-03-28 10:00:00,2.54,12021,Spain,False,False,False,10.16,10.16,0.0,102268,2011,2011-03,Monday,0,10,True
102269,P111,Serving Bowl,1,2011-05-23 16:00:00,15.1,12056,United Kingdom,False,False,False,15.1,15.1,0.0,102269,2011,2011-05,Monday,0,16,True
102269,P110,Gift Wrap,2,2011-05-23 16:00:00,2.61,12056,Australia,False,False,False,5.22,5.22,0.0,102269,2011,2011-05,Monday,0,16,True
102270,P104,Candle Set,1,2011-11-03 09:00:00,9.46,12681,Australia,False,False,False,9.46,9.46,0.0,102270,2011,2011-11,Thursday,3,9,True
102271,P105,Tote Bag,4,2011-03-29 15:00:00,7.28,12058,Germany,False,False,False,29.12,29.12,0.0,102271,2011,2011-03,Tuesday,1,15,True
102272,P102,Notebook,6,2011-05-20 16:00:00,3.81,12031,Spain,False,False,False,22.86,22.86,0.0,102272,2011,2011-05,Friday,4,16,True
102273,P110,Gift Wrap,1,2011-06-02 15:00:00,2.49,12224,Netherlands,False,False,False,2.49,2.49,0.0,102273,2011,2011-06,Thursday,3,15,True
102273,P105,Tote Bag,2,2011-06-02 15:00:00,6.45,12224,United Kingdom,False,False,False,12.9,12.9,0.0,102273,2011,2011-06,Thursday,3,15,True
102273,P108,Tea Set,3,2011-06-02 15:00:00,19.43,12224,India,False,False,False,58.29,58.29,0.0,102273,2011,2011-06,Thursday,3,15,True
102273,P109,Desk Organizer,2,2011-06-02 15:00:00,11.74,12224,United Kingdom,False,False,False,23.48,23.48,0.0,102273,2011,2011-06,Thursday,3,15,True
102274,P110,Gift Wrap,1,2011-09-07 11:00:00,2.69,12069,Netherlands,False,False,False,2.69,2.69,0.0,102274,2011,2011-09,Wednesday,2,11,True
102274,P103,Wall Clock,10,2011-09-07 11:00:00,12.28,12069,Australia,False,False,False,122.8,122.8,0.0,102274,2011,2011-09,Wednesday,2,11,True
102274,P109,Desk Organizer,2,2011-09-07 11:00:00,10.9,12069,India,False,False,False,21.8,21.8,0.0,102274,2011,2011-09,Wednesday,2,11,True
102274,P108,Tea Set,6,2011-09-07 11:00:00,17.33,12069,France,False,False,False,103.97999999999999,103.97999999999999,0.0,102274,2011,2011-09,Wednesday,2,11,True
102275,P104,Candle Set,2,2011-03-29 08:00:00,10.24,12088,France,False,False,False,20.48,20.48,0.0,102275,2011,2011-03,Tuesday,1,8,True
102275,P102,Notebook,2,2011-03-29 08:00:00,3.99,12088,Germany,False,False,False,7.98,7.98,0.0,102275,2011,2011-03,Tuesday,1,8,True
102276,P107,Photo Frame,2,2011-09-28 17:00:00,8.72,12378,Australia,False,False,False,17.44,17.44,0.0,102276,2011,2011-09,Wednesday,2,17,True
102276,P108,Tea Set,3,2011-09-28 17:00:00,19.46,12378,Australia,False,False,False,58.38,58.38,0.0,102276,2011,2011-09,Wednesday,2,17,True
102276,P102,Notebook,1,2011-09-28 17:00:00,3.61,12378,Spain,False,False,False,3.61,3.61,0.0,102276,2011,2011-09,Wednesday,2,17,True
102277,P109,Desk Organizer,7,2011-11-29 12:00:00,12.55,12682,United Kingdom,False,False,False,87.85000000000001,87.85000000000001,0.0,102277,2011,2011-11,Tuesday,1,12,True
102277,P105,Tote Bag,2,2011-11-29 12:00:00,7.14,12682,Australia,False,False,False,14.28,14.28,0.0,102277,2011,2011-11,Tuesday,1,12,True
102277,P100,Gift Box,5,2011-11-29 12:00:00,4.63,12682,France,False,False,False,23.15,23.15,0.0,102277,2011,2011-11,Tuesday,1,12,True
102277,P106,Glass Jar,3,2011-11-29 12:00:00,5.59,12682,Germany,False,False,False,16.77,16.77,0.0,102277,2011,2011-11,Tuesday,1,12,True
102278,P105,Tote Bag,10,2011-05-03 13:00:00,6.09,12285,India,False,False,False,60.9,60.9,0.0,102278,2011,2011-05,Tuesday,1,13,True
102278,P104,Candle Set,1,2011-05-03 13:00:00,10.46,12285,Australia,False,False,False,10.46,10.46,0.0,102278,2011,2011-05,Tuesday,1,13,True
102278,P110,Gift Wrap,1,2011-05-03 13:00:00,2.69,12285,France,False,False,False,2.69,2.69,0.0,102278,2011,2011-05,Tuesday,1,13,True
102278,P109,Desk Organizer,6,2011-05-03 13:00:00,10.69,12285,India,False,False,False,64.14,64.14,0.0,102278,2011,2011-05,Tuesday,1,13,True
102279,P104,Candle Set,1,2011-11-04 13:00:00,10.21,12529,Germany,False,False,False,10.21,10.21,0.0,102279,2011,2011-11,Friday,4,13,True
102280,P103,Wall Clock,1,2011-09-12 10:00:00,11.8,12062,Spain,False,False,False,11.8,11.8,0.0,102280,2011,2011-09,Monday,0,10,True
102280,P104,Candle Set,3,2011-09-12 10:00:00,11.08,12062,France,False,False,False,33.24,33.24,0.0,102280,2011,2011-09,Monday,0,10,True
102280,P111,Serving Bowl,2,2011-09-12 10:00:00,14.31,12062,Spain,False,False,False,28.62,28.62,0.0,102280,2011,2011-09,Monday,0,10,True
102280,P107,Photo Frame,14,2011-09-12 10:00:00,8.4,12062,India,False,False,False,117.60000000000001,117.60000000000001,0.0,102280,2011,2011-09,Monday,0,10,True
102281,P111,Serving Bowl,9,2011-01-02 16:00:00,16.06,12035,Spain,False,False,False,144.54,144.54,0.0,102281,2011,2011-01,Sunday,6,16,True
102282,P105,Tote Bag,3,2011-02-04 16:00:00,7.06,12627,Germany,False,False,False,21.18,21.18,0.0,102282,2011,2011-02,Friday,4,16,True
102282,P101,Ceramic Mug,6,2011-02-04 16:00:00,6.95,12627,France,False,False,False,41.7,41.7,0.0,102282,2011,2011-02,Friday,4,16,True
102282,P111,Serving Bowl,5,2011-02-04 16:00:00,16.35,12627,India,False,False,False,81.75,81.75,0.0,102282,2011,2011-02,Friday,4,16,True
102283,P102,Notebook,5,2011-08-17 08:00:00,4.01,12043,United Kingdom,False,False,False,20.049999999999997,20.049999999999997,0.0,102283,2011,2011-08,Wednesday,2,8,True
102283,P105,Tote Bag,5,2011-08-17 08:00:00,7.45,12043,Germany,False,False,False,37.25,37.25,0.0,102283,2011,2011-08,Wednesday,2,8,True
102283,P108,Tea Set,1,2011-08-17 08:00:00,18.15,12043,Australia,False,False,False,18.15,18.15,0.0,102283,2011,2011-08,Wednesday,2,8,True
102283,P107,Photo Frame,2,2011-08-17 08:00:00,7.89,12043,Germany,False,False,False,15.78,15.78,0.0,102283,2011,2011-08,Wednesday,2,8,True
102284,P103,Wall Clock,2,2011-02-21 19:00:00,13.21,12688,India,False,False,False,26.42,26.42,0.0,102284,2011,2011-02,Monday,0,19,True
102284,P100,Gift Box,14,2011-02-21 19:00:00,4.87,12688,Spain,False,False,False,68.18,68.18,0.0,102284,2011,2011-02,Monday,0,19,True
102284,P110,Gift Wrap,6,2011-02-21 19:00:00,2.55,12688,Spain,False,False,False,15.299999999999999,15.299999999999999,0.0,102284,2011,2011-02,Monday,0,19,True
102284,P105,Tote Bag,1,2011-02-21 19:00:00,6.57,12688,Spain,False,False,False,6.57,6.57,0.0,102284,2011,2011-02,Monday,0,19,True
102285,P102,Notebook,3,2011-10-13 15:00:00,4.11,12009,India,False,False,False,12.330000000000002,12.330000000000002,0.0,102285,2011,2011-10,Thursday,3,15,True
102286,P105,Tote Bag,3,2011-02-15 19:00:00,7.09,12021,Netherlands,False,False,False,21.27,21.27,0.0,102286,2011,2011-02,Tuesday,1,19,True
102287,P107,Photo Frame,1,2011-09-04 12:00:00,8.33,12008,Netherlands,False,False,False,8.33,8.33,0.0,102287,2011,2011-09,Sunday,6,12,True
102287,P106,Glass Jar,2,2011-09-04 12:00:00,5.75,12008,India,False,False,False,11.5,11.5,0.0,102287,2011,2011-09,Sunday,6,12,True
102288,P101,Ceramic Mug,14,2011-08-09 10:00:00,6.71,12082,Australia,False,False,False,93.94,93.94,0.0,102288,2011,2011-08,Tuesday,1,10,True
102288,P108,Tea Set,2,2011-08-09 10:00:00,20.6,12082,United Kingdom,False,False,False,41.2,41.2,0.0,102288,2011,2011-08,Tuesday,1,10,True
102288,P100,Gift Box,6,2011-08-09 10:00:00,4.63,12082,United Kingdom,False,False,False,27.78,27.78,0.0,102288,2011,2011-08,Tuesday,1,10,True
102288,P102,Notebook,2,2011-08-09 10:00:00,3.75,12082,France,False,False,False,7.5,7.5,0.0,102288,2011,2011-08,Tuesday,1,10,True
102289,P108,Tea Set,4,2010-12-30 19:00:00,17.71,12020,United Kingdom,False,False,False,70.84,70.84,0.0,102289,2010,2010-12,Thursday,3,19,True
102289,P107,Photo Frame,1,2010-12-30 19:00:00,8.81,12020,Netherlands,False,False,False,8.81,8.81,0.0,102289,2010,2010-12,Thursday,3,19,True
102289,P104,Candle Set,11,2010-12-30 19:00:00,10.88,12020,Germany,False,False,False,119.68,119.68,0.0,102289,2010,2010-12,Thursday,3,19,True
102290,P108,Tea Set,12,2011-04-07 13:00:00,18.08,12016,Netherlands,False,False,False,216.95999999999998,216.95999999999998,0.0,102290,2011,2011-04,Thursday,3,13,True
102290,P109,Desk Organizer,3,2011-04-07 13:00:00,11.25,12016,United Kingdom,False,False,False,33.75,33.75,0.0,102290,2011,2011-04,Thursday,3,13,True
102291,P104,Candle Set,5,2011-05-18 08:00:00,9.13,12024,Netherlands,False,False,False,45.650000000000006,45.650000000000006,0.0,102291,2011,2011-05,Wednesday,2,8,True
102291,P101,Ceramic Mug,1,2011-05-18 08:00:00,6.65,12024,France,False,False,False,6.65,6.65,0.0,102291,2011,2011-05,Wednesday,2,8,True
102292,P110,Gift Wrap,4,2011-09-13 16:00:00,2.75,12030,Germany,False,False,False,11.0,11.0,0.0,102292,2011,2011-09,Tuesday,1,16,True
102293,P108,Tea Set,8,2011-05-19 10:00:00,16.78,12157,India,False,False,False,134.24,134.24,0.0,102293,2011,2011-05,Thursday,3,10,True
102293,P105,Tote Bag,6,2011-05-19 10:00:00,7.28,12157,India,False,False,False,43.68,43.68,0.0,102293,2011,2011-05,Thursday,3,10,True
102294,P102,Notebook,3,2011-11-24 17:00:00,3.62,12052,Germany,False,False,False,10.86,10.86,0.0,102294,2011,2011-11,Thursday,3,17,True
102295,P100,Gift Box,10,2011-11-06 14:00:00,4.14,12637,United Kingdom,False,False,False,41.4,41.4,0.0,102295,2011,2011-11,Sunday,6,14,True
102296,P110,Gift Wrap,4,2011-10-01 11:00:00,2.17,12466,Germany,False,False,False,8.68,8.68,0.0,102296,2011,2011-10,Saturday,5,11,True
102296,P106,Glass Jar,11,2011-10-01 11:00:00,6.09,12466,United Kingdom,False,False,False,66.99,66.99,0.0,102296,2011,2011-10,Saturday,5,11,True
102297,P101,Ceramic Mug,8,2011-06-29 19:00:00,7.74,12123,Netherlands,False,False,False,61.92,61.92,0.0,102297,2011,2011-06,Wednesday,2,19,True
102297,P109,Desk Organizer,3,2011-06-29 19:00:00,12.31,12123,India,False,False,False,36.93,36.93,0.0,102297,2011,2011-06,Wednesday,2,19,True
102297,P104,Candle Set,5,2011-06-29 19:00:00,11.03,12123,Australia,False,False,False,55.15,55.15,0.0,102297,2011,2011-06,Wednesday,2,19,True
102297,P102,Notebook,4,2011-06-29 19:00:00,3.87,12123,Spain,False,False,False,15.48,15.48,0.0,102297,2011,2011-06,Wednesday,2,19,True
102298,P105,Tote Bag,2,2011-05-12 17:00:00,6.76,12217,Spain,False,False,False,13.52,13.52,0.0,102298,2011,2011-05,Thursday,3,17,True
102298,P110,Gift Wrap,20,2011-05-12 17:00:00,2.65,12217,Netherlands,False,False,False,53.0,53.0,0.0,102298,2011,2011-05,Thursday,3,17,True
102298,P109,Desk Organizer,3,2011-05-12 17:00:00,11.23,12217,Australia,False,False,False,33.69,33.69,0.0,102298,2011,2011-05,Thursday,3,17,True
102299,P109,Desk Organizer,1,2011-10-16 08:00:00,9.93,12640,Spain,False,False,False,9.93,9.93,0.0,102299,2011,2011-10,Sunday,6,8,True
102299,P108,Tea Set,4,2011-10-16 08:00:00,16.78,12640,Netherlands,False,False,False,67.12,67.12,0.0,102299,2011,2011-10,Sunday,6,8,True
102299,P107,Photo Frame,7,2011-10-16 08:00:00,8.82,12640,Netherlands,False,False,False,61.74,61.74,0.0,102299,2011,2011-10,Sunday,6,8,True
102299,P100,Gift Box,7,2011-10-16 08:00:00,5.02,12640,India,False,False,False,35.14,35.14,0.0,102299,2011,2011-10,Sunday,6,8,True
102300,P107,Photo Frame,4,2011-11-29 10:00:00,7.51,12491,Spain,False,False,False,30.04,30.04,0.0,102300,2011,2011-11,Tuesday,1,10,True
102301,P108,Tea Set,5,2011-05-30 10:00:00,20.16,12021,Australia,False,False,False,100.8,100.8,0.0,102301,2011,2011-05,Monday,0,10,True
102301,P101,Ceramic Mug,2,2011-05-30 10:00:00,7.43,12021,France,False,False,False,14.86,14.86,0.0,102301,2011,2011-05,Monday,0,10,True
102302,P101,Ceramic Mug,1,2011-08-01 12:00:00,7.82,12317,Spain,False,False,False,7.82,7.82,0.0,102302,2011,2011-08,Monday,0,12,True
102302,P107,Photo Frame,11,2011-08-01 12:00:00,8.37,12317,United Kingdom,False,False,False,92.07,92.07,0.0,102302,2011,2011-08,Monday,0,12,True
102303,P103,Wall Clock,4,2011-11-09 16:00:00,12.43,12049,Spain,False,False,False,49.72,49.72,0.0,102303,2011,2011-11,Wednesday,2,16,True
102304,P101,Ceramic Mug,1,2011-08-17 15:00:00,6.87,12376,France,False,False,False,6.87,6.87,0.0,102304,2011,2011-08,Wednesday,2,15,True
102304,P104,Candle Set,5,2011-08-17 15:00:00,11.18,12376,Germany,False,False,False,55.9,55.9,0.0,102304,2011,2011-08,Wednesday,2,15,True
102304,P102,Notebook,3,2011-08-17 15:00:00,4.16,12376,India,False,False,False,12.48,12.48,0.0,102304,2011,2011-08,Wednesday,2,15,True
102304,P105,Tote Bag,3,2011-08-17 15:00:00,5.87,12376,United Kingdom,False,False,False,17.61,17.61,0.0,102304,2011,2011-08,Wednesday,2,15,True
102305,P101,Ceramic Mug,9,2011-09-18 08:00:00,7.25,12037,United Kingdom,False,False,False,65.25,65.25,0.0,102305,2011,2011-09,Sunday,6,8,True
102306,P109,Desk Organizer,3,2011-05-31 18:00:00,10.9,12462,Australia,False,False,False,32.7,32.7,0.0,102306,2011,2011-05,Tuesday,1,18,True
102306,P105,Tote Bag,2,2011-05-31 18:00:00,5.93,12462,France,False,False,False,11.86,11.86,0.0,102306,2011,2011-05,Tuesday,1,18,True
102306,P106,Glass Jar,9,2011-05-31 18:00:00,5.41,12462,India,False,False,False,48.69,48.69,0.0,102306,2011,2011-05,Tuesday,1,18,True
102306,P107,Photo Frame,1,2011-05-31 18:00:00,8.19,12462,Germany,False,False,False,8.19,8.19,0.0,102306,2011,2011-05,Tuesday,1,18,True
102307,P107,Photo Frame,5,2011-09-28 19:00:00,9.06,12014,India,False,False,False,45.300000000000004,45.300000000000004,0.0,102307,2011,2011-09,Wednesday,2,19,True
102308,P102,Notebook,3,2011-06-25 17:00:00,3.95,12202,Netherlands,False,False,False,11.850000000000001,11.850000000000001,0.0,102308,2011,2011-06,Saturday,5,17,True
102308,P105,Tote Bag,9,2011-06-25 17:00:00,6.72,12202,Australia,False,False,False,60.48,60.48,0.0,102308,2011,2011-06,Saturday,5,17,True
102308,P104,Candle Set,1,2011-06-25 17:00:00,9.78,12202,India,False,False,False,9.78,9.78,0.0,102308,2011,2011-06,Saturday,5,17,True
102309,P100,Gift Box,3,2011-08-02 13:00:00,5.01,12045,Netherlands,False,False,False,15.03,15.03,0.0,102309,2011,2011-08,Tuesday,1,13,True
102309,P104,Candle Set,2,2011-08-02 13:00:00,10.66,12045,Australia,False,False,False,21.32,21.32,0.0,102309,2011,2011-08,Tuesday,1,13,True
102309,P106,Glass Jar,2,2011-08-02 13:00:00,5.88,12045,Spain,False,False,False,11.76,11.76,0.0,102309,2011,2011-08,Tuesday,1,13,True
102309,P101,Ceramic Mug,4,2011-08-02 13:00:00,7.61,12045,India,False,False,False,30.44,30.44,0.0,102309,2011,2011-08,Tuesday,1,13,True
102310,P111,Serving Bowl,3,2011-01-28 16:00:00,16.21,12528,United Kingdom,False,False,False,48.63,48.63,0.0,102310,2011,2011-01,Friday,4,16,True
102310,P101,Ceramic Mug,3,2011-01-28 16:00:00,6.87,12528,France,False,False,False,20.61,20.61,0.0,102310,2011,2011-01,Friday,4,16,True
102310,P100,Gift Box,4,2011-01-28 16:00:00,4.52,12528,Australia,False,False,False,18.08,18.08,0.0,102310,2011,2011-01,Friday,4,16,True
102310,P107,Photo Frame,7,2011-01-28 16:00:00,7.53,12528,India,False,False,False,52.71,52.71,0.0,102310,2011,2011-01,Friday,4,16,True
102311,P107,Photo Frame,8,2011-11-10 08:00:00,7.82,12427,Germany,False,False,False,62.56,62.56,0.0,102311,2011,2011-11,Thursday,3,8,True
102311,P105,Tote Bag,1,2011-11-10 08:00:00,6.62,12427,France,False,False,False,6.62,6.62,0.0,102311,2011,2011-11,Thursday,3,8,True
102311,P101,Ceramic Mug,1,2011-11-10 08:00:00,7.55,12427,Germany,False,False,False,7.55,7.55,0.0,102311,2011,2011-11,Thursday,3,8,True
102312,P111,Serving Bowl,3,2011-09-16 19:00:00,15.78,12561,Netherlands,False,False,False,47.339999999999996,47.339999999999996,0.0,102312,2011,2011-09,Friday,4,19,True
102312,P101,Ceramic Mug,4,2011-09-16 19:00:00,8.2,12561,France,False,False,False,32.8,32.8,0.0,102312,2011,2011-09,Friday,4,19,True
102312,P109,Desk Organizer,1,2011-09-16 19:00:00,11.44,12561,Germany,False,False,False,11.44,11.44,0.0,102312,2011,2011-09,Friday,4,19,True
102313,P101,Ceramic Mug,2,2011-07-03 09:00:00,7.67,12003,Australia,False,False,False,15.34,15.34,0.0,102313,2011,2011-07,Sunday,6,9,True
102313,P104,Candle Set,6,2011-07-03 09:00:00,9.83,12003,United Kingdom,False,False,False,58.980000000000004,58.980000000000004,0.0,102313,2011,2011-07,Sunday,6,9,True
102313,P106,Glass Jar,2,2011-07-03 09:00:00,6.14,12003,United Kingdom,False,False,False,12.28,12.28,0.0,102313,2011,2011-07,Sunday,6,9,True
102313,P103,Wall Clock,3,2011-07-03 09:00:00,13.48,12003,Spain,False,False,False,40.44,40.44,0.0,102313,2011,2011-07,Sunday,6,9,True
102314,P101,Ceramic Mug,2,2010-12-14 08:00:00,7.3,12038,France,False,False,False,14.6,14.6,0.0,102314,2010,2010-12,Tuesday,1,8,True
102315,P109,Desk Organizer,7,2011-09-17 10:00:00,10.0,12000,France,False,False,False,70.0,70.0,0.0,102315,2011,2011-09,Saturday,5,10,True
102315,P110,Gift Wrap,4,2011-09-17 10:00:00,2.32,12000,Spain,False,False,False,9.28,9.28,0.0,102315,2011,2011-09,Saturday,5,10,True
102315,P101,Ceramic Mug,31,2011-09-17 10:00:00,8.1,12000,Netherlands,False,False,False,251.1,251.1,0.0,102315,2011,2011-09,Saturday,5,10,True
102315,P105,Tote Bag,1,2011-09-17 10:00:00,6.99,12000,France,False,False,False,6.99,6.99,0.0,102315,2011,2011-09,Saturday,5,10,True
102316,P110,Gift Wrap,2,2011-02-20 17:00:00,2.71,12428,United Kingdom,False,False,False,5.42,5.42,0.0,102316,2011,2011-02,Sunday,6,17,True
102317,P110,Gift Wrap,1,2010-12-18 13:00:00,2.41,12063,United Kingdom,False,False,False,2.41,2.41,0.0,102317,2010,2010-12,Saturday,5,13,True
102317,P102,Notebook,4,2010-12-18 13:00:00,4.08,12063,Germany,False,False,False,16.32,16.32,0.0,102317,2010,2010-12,Saturday,5,13,True
102318,P108,Tea Set,3,2011-10-01 16:00:00,19.34,12090,Germany,False,False,False,58.019999999999996,58.019999999999996,0.0,102318,2011,2011-10,Saturday,5,16,True
102318,P105,Tote Bag,3,2011-10-01 16:00:00,6.99,12090,France,False,False,False,20.97,20.97,0.0,102318,2011,2011-10,Saturday,5,16,True
102318,P109,Desk Organizer,2,2011-10-01 16:00:00,12.24,12090,France,False,False,False,24.48,24.48,0.0,102318,2011,2011-10,Saturday,5,16,True
102319,P106,Glass Jar,2,2011-08-31 14:00:00,6.3,12042,Germany,False,False,False,12.6,12.6,0.0,102319,2011,2011-08,Wednesday,2,14,True
102319,P103,Wall Clock,1,2011-08-31 14:00:00,11.4,12042,France,False,False,False,11.4,11.4,0.0,102319,2011,2011-08,Wednesday,2,14,True
102319,P107,Photo Frame,4,2011-08-31 14:00:00,7.6,12042,United Kingdom,False,False,False,30.4,30.4,0.0,102319,2011,2011-08,Wednesday,2,14,True
102319,P109,Desk Organizer,4,2011-08-31 14:00:00,12.4,12042,Germany,False,False,False,49.6,49.6,0.0,102319,2011,2011-08,Wednesday,2,14,True
102320,P108,Tea Set,12,2011-05-01 19:00:00,20.62,12254,France,False,False,False,247.44,247.44,0.0,102320,2011,2011-05,Sunday,6,19,True
102321,P105,Tote Bag,8,2011-10-26 11:00:00,6.77,12001,Germany,False,False,False,54.16,54.16,0.0,102321,2011,2011-10,Wednesday,2,11,True
102321,P106,Glass Jar,1,2011-10-26 11:00:00,6.06,12001,India,False,False,False,6.06,6.06,0.0,102321,2011,2011-10,Wednesday,2,11,True
102321,P111,Serving Bowl,4,2011-10-26 11:00:00,13.11,12001,Australia,False,False,False,52.44,52.44,0.0,102321,2011,2011-10,Wednesday,2,11,True
102322,P104,Candle Set,1,2011-11-13 17:00:00,9.89,12049,United Kingdom,False,False,False,9.89,9.89,0.0,102322,2011,2011-11,Sunday,6,17,True
102322,P100,Gift Box,1,2011-11-13 17:00:00,4.53,12049,India,False,False,False,4.53,4.53,0.0,102322,2011,2011-11,Sunday,6,17,True
102322,P109,Desk Organizer,4,2011-11-13 17:00:00,9.93,12049,Germany,False,False,False,39.72,39.72,0.0,102322,2011,2011-11,Sunday,6,17,True
102323,P104,Candle Set,4,2011-09-24 12:00:00,9.88,12004,France,False,False,False,39.52,39.52,0.0,102323,2011,2011-09,Saturday,5,12,True
102323,P100,Gift Box,1,2011-09-24 12:00:00,4.98,12004,Australia,False,False,False,4.98,4.98,0.0,102323,2011,2011-09,Saturday,5,12,True
102323,P111,Serving Bowl,2,2011-09-24 12:00:00,16.22,12004,United Kingdom,False,False,False,32.44,32.44,0.0,102323,2011,2011-09,Saturday,5,12,True
102323,P103,Wall Clock,30,2011-09-24 12:00:00,12.06,12004,France,False,False,False,361.8,361.8,0.0,102323,2011,2011-09,Saturday,5,12,True
102324,P111,Serving Bowl,16,2011-03-06 19:00:00,15.07,12475,Australia,False,False,False,241.12,241.12,0.0,102324,2011,2011-03,Sunday,6,19,True
102324,P106,Glass Jar,1,2011-03-06 19:00:00,6.22,12475,Germany,False,False,False,6.22,6.22,0.0,102324,2011,2011-03,Sunday,6,19,True
102325,P102,Notebook,14,2011-08-27 08:00:00,3.97,12408,France,False,False,False,55.580000000000005,55.580000000000005,0.0,102325,2011,2011-08,Saturday,5,8,True
102326,P108,Tea Set,10,2011-12-04 13:00:00,18.62,12144,Spain,False,False,False,186.20000000000002,186.20000000000002,0.0,102326,2011,2011-12,Sunday,6,13,True
102326,P109,Desk Organizer,11,2011-12-04 13:00:00,12.03,12144,Spain,False,False,False,132.32999999999998,132.32999999999998,0.0,102326,2011,2011-12,Sunday,6,13,True
102326,P103,Wall Clock,41,2011-12-04 13:00:00,11.7,12144,India,False,False,False,479.7,479.7,0.0,102326,2011,2011-12,Sunday,6,13,True
102326,P104,Candle Set,18,2011-12-04 13:00:00,11.29,12144,Spain,False,False,False,203.21999999999997,203.21999999999997,0.0,102326,2011,2011-12,Sunday,6,13,True
102327,P103,Wall Clock,8,2011-08-01 16:00:00,14.18,12531,United Kingdom,False,False,False,113.44,113.44,0.0,102327,2011,2011-08,Monday,0,16,True
102327,P106,Glass Jar,10,2011-08-01 16:00:00,5.64,12531,United Kingdom,False,False,False,56.4,56.4,0.0,102327,2011,2011-08,Monday,0,16,True
102327,P101,Ceramic Mug,3,2011-08-01 16:00:00,6.94,12531,United Kingdom,False,False,False,20.82,20.82,0.0,102327,2011,2011-08,Monday,0,16,True
102328,P108,Tea Set,1,2011-06-10 09:00:00,18.45,12007,Spain,False,False,False,18.45,18.45,0.0,102328,2011,2011-06,Friday,4,9,True
102328,P110,Gift Wrap,6,2011-06-10 09:00:00,2.53,12007,France,False,False,False,15.18,15.18,0.0,102328,2011,2011-06,Friday,4,9,True
102328,P104,Candle Set,4,2011-06-10 09:00:00,9.34,12007,Spain,False,False,False,37.36,37.36,0.0,102328,2011,2011-06,Friday,4,9,True
102329,P108,Tea Set,1,2010-12-29 16:00:00,19.09,12090,Australia,False,False,False,19.09,19.09,0.0,102329,2010,2010-12,Wednesday,2,16,True
102330,P106,Glass Jar,3,2011-06-13 10:00:00,5.31,12185,United Kingdom,False,False,False,15.93,15.93,0.0,102330,2011,2011-06,Monday,0,10,True
102330,P104,Candle Set,1,2011-06-13 10:00:00,10.12,12185,Netherlands,False,False,False,10.12,10.12,0.0,102330,2011,2011-06,Monday,0,10,True
102331,P105,Tote Bag,25,2011-04-08 12:00:00,6.49,12097,France,False,False,False,162.25,162.25,0.0,102331,2011,2011-04,Friday,4,12,True
102331,P104,Candle Set,6,2011-04-08 12:00:00,10.4,12097,Australia,False,False,False,62.400000000000006,62.400000000000006,0.0,102331,2011,2011-04,Friday,4,12,True
102332,P101,Ceramic Mug,1,2011-01-09 19:00:00,7.9,12270,Germany,False,False,False,7.9,7.9,0.0,102332,2011,2011-01,Sunday,6,19,True
102332,P103,Wall Clock,2,2011-01-09 19:00:00,13.49,12270,Spain,False,False,False,26.98,26.98,0.0,102332,2011,2011-01,Sunday,6,19,True
102333,P111,Serving Bowl,1,2011-07-30 11:00:00,14.83,12310,Netherlands,False,False,False,14.83,14.83,0.0,102333,2011,2011-07,Saturday,5,11,True
102333,P108,Tea Set,3,2011-07-30 11:00:00,19.29,12310,Australia,False,False,False,57.87,57.87,0.0,102333,2011,2011-07,Saturday,5,11,True
102333,P110,Gift Wrap,7,2011-07-30 11:00:00,2.6,12310,United Kingdom,False,False,False,18.2,18.2,0.0,102333,2011,2011-07,Saturday,5,11,True
102333,P102,Notebook,6,2011-07-30 11:00:00,3.63,12310,United Kingdom,False,False,False,21.78,21.78,0.0,102333,2011,2011-07,Saturday,5,11,True
102334,P111,Serving Bowl,3,2011-02-07 12:00:00,13.53,12058,France,False,False,False,40.589999999999996,40.589999999999996,0.0,102334,2011,2011-02,Monday,0,12,True
102335,P111,Serving Bowl,3,2011-02-10 15:00:00,14.26,12604,Netherlands,False,False,False,42.78,42.78,0.0,102335,2011,2011-02,Thursday,3,15,True
102335,P100,Gift Box,6,2011-02-10 15:00:00,4.77,12604,United Kingdom,False,False,False,28.619999999999997,28.619999999999997,0.0,102335,2011,2011-02,Thursday,3,15,True
102335,P108,Tea Set,4,2011-02-10 15:00:00,17.36,12604,Spain,False,False,False,69.44,69.44,0.0,102335,2011,2011-02,Thursday,3,15,True
102336,P111,Serving Bowl,4,2011-05-19 16:00:00,16.06,12580,India,False,False,False,64.24,64.24,0.0,102336,2011,2011-05,Thursday,3,16,True
102337,P105,Tote Bag,5,2011-10-07 12:00:00,6.93,12313,India,False,False,False,34.65,34.65,0.0,102337,2011,2011-10,Friday,4,12,True
102337,P106,Glass Jar,2,2011-10-07 12:00:00,5.28,12313,United Kingdom,False,False,False,10.56,10.56,0.0,102337,2011,2011-10,Friday,4,12,True
102337,P104,Candle Set,2,2011-10-07 12:00:00,10.81,12313,India,False,False,False,21.62,21.62,0.0,102337,2011,2011-10,Friday,4,12,True
102338,P102,Notebook,1,2011-11-24 09:00:00,3.78,12613,France,False,False,False,3.78,3.78,0.0,102338,2011,2011-11,Thursday,3,9,True
102338,P107,Photo Frame,3,2011-11-24 09:00:00,7.69,12613,Netherlands,False,False,False,23.07,23.07,0.0,102338,2011,2011-11,Thursday,3,9,True
102338,P108,Tea Set,4,2011-11-24 09:00:00,16.86,12613,United Kingdom,False,False,False,67.44,67.44,0.0,102338,2011,2011-11,Thursday,3,9,True
102339,P103,Wall Clock,1,2011-08-08 10:00:00,13.26,12577,United Kingdom,False,False,False,13.26,13.26,0.0,102339,2011,2011-08,Monday,0,10,True
102339,P106,Glass Jar,5,2011-08-08 10:00:00,6.14,12577,Netherlands,False,False,False,30.7,30.7,0.0,102339,2011,2011-08,Monday,0,10,True
102339,P101,Ceramic Mug,4,2011-08-08 10:00:00,7.66,12577,Australia,False,False,False,30.64,30.64,0.0,102339,2011,2011-08,Monday,0,10,True
102339,P102,Notebook,3,2011-08-08 10:00:00,3.62,12577,India,False,False,False,10.86,10.86,0.0,102339,2011,2011-08,Monday,0,10,True
102340,P104,Candle Set,5,2011-08-05 13:00:00,10.69,12052,France,False,False,False,53.449999999999996,53.449999999999996,0.0,102340,2011,2011-08,Friday,4,13,True
102340,P108,Tea Set,15,2011-08-05 13:00:00,19.28,12052,Australia,False,False,False,289.20000000000005,289.20000000000005,0.0,102340,2011,2011-08,Friday,4,13,True
102340,P109,Desk Organizer,4,2011-08-05 13:00:00,11.89,12052,United Kingdom,False,False,False,47.56,47.56,0.0,102340,2011,2011-08,Friday,4,13,True
102341,P111,Serving Bowl,3,2011-01-09 18:00:00,13.43,12125,India,False,False,False,40.29,40.29,0.0,102341,2011,2011-01,Sunday,6,18,True
102341,P105,Tote Bag,4,2011-01-09 18:00:00,6.13,12125,Spain,False,False,False,24.52,24.52,0.0,102341,2011,2011-01,Sunday,6,18,True
102341,P102,Notebook,7,2011-01-09 18:00:00,3.94,12125,Australia,False,False,False,27.58,27.58,0.0,102341,2011,2011-01,Sunday,6,18,True
102341,P100,Gift Box,6,2011-01-09 18:00:00,4.76,12125,India,False,False,False,28.56,28.56,0.0,102341,2011,2011-01,Sunday,6,18,True
102342,P109,Desk Organizer,2,2011-11-10 11:00:00,10.38,12067,India,False,False,False,20.76,20.76,0.0,102342,2011,2011-11,Thursday,3,11,True
102342,P106,Glass Jar,8,2011-11-10 11:00:00,5.96,12067,Australia,False,False,False,47.68,47.68,0.0,102342,2011,2011-11,Thursday,3,11,True
102343,P104,Candle Set,2,2011-10-28 14:00:00,9.75,12067,United Kingdom,False,False,False,19.5,19.5,0.0,102343,2011,2011-10,Friday,4,14,True
102343,P110,Gift Wrap,1,2011-10-28 14:00:00,2.48,12067,Germany,False,False,False,2.48,2.48,0.0,102343,2011,2011-10,Friday,4,14,True
102344,P108,Tea Set,5,2011-06-29 09:00:00,17.1,12651,Spain,False,False,False,85.5,85.5,0.0,102344,2011,2011-06,Wednesday,2,9,True
102344,P102,Notebook,2,2011-06-29 09:00:00,4.02,12651,France,False,False,False,8.04,8.04,0.0,102344,2011,2011-06,Wednesday,2,9,True
102345,P107,Photo Frame,15,2011-04-20 19:00:00,8.46,12329,France,False,False,False,126.9,126.9,0.0,102345,2011,2011-04,Wednesday,2,19,True
102345,P103,Wall Clock,1,2011-04-20 19:00:00,11.92,12329,Germany,False,False,False,11.92,11.92,0.0,102345,2011,2011-04,Wednesday,2,19,True
102345,P110,Gift Wrap,8,2011-04-20 19:00:00,2.4,12329,Spain,False,False,False,19.2,19.2,0.0,102345,2011,2011-04,Wednesday,2,19,True
102346,P102,Notebook,4,2011-11-17 10:00:00,3.72,12480,Spain,False,False,False,14.88,14.88,0.0,102346,2011,2011-11,Thursday,3,10,True
102346,P101,Ceramic Mug,12,2011-11-17 10:00:00,7.68,12480,Spain,False,False,False,92.16,92.16,0.0,102346,2011,2011-11,Thursday,3,10,True
102346,P104,Candle Set,5,2011-11-17 10:00:00,9.92,12480,Spain,False,False,False,49.6,49.6,0.0,102346,2011,2011-11,Thursday,3,10,True
102346,P111,Serving Bowl,5,2011-11-17 10:00:00,14.38,12480,Germany,False,False,False,71.9,71.9,0.0,102346,2011,2011-11,Thursday,3,10,True
102347,P111,Serving Bowl,5,2011-04-06 13:00:00,13.84,12398,Germany,False,False,False,69.2,69.2,0.0,102347,2011,2011-04,Wednesday,2,13,True
102347,P109,Desk Organizer,4,2011-04-06 13:00:00,11.84,12398,Germany,False,False,False,47.36,47.36,0.0,102347,2011,2011-04,Wednesday,2,13,True
102347,P110,Gift Wrap,6,2011-04-06 13:00:00,2.51,12398,France,False,False,False,15.059999999999999,15.059999999999999,0.0,102347,2011,2011-04,Wednesday,2,13,True
102347,P106,Glass Jar,2,2011-04-06 13:00:00,5.5,12398,Spain,False,False,False,11.0,11.0,0.0,102347,2011,2011-04,Wednesday,2,13,True
102348,P103,Wall Clock,1,2011-07-03 08:00:00,12.31,12555,United Kingdom,False,False,False,12.31,12.31,0.0,102348,2011,2011-07,Sunday,6,8,True
102348,P101,Ceramic Mug,9,2011-07-03 08:00:00,7.32,12555,India,False,False,False,65.88,65.88,0.0,102348,2011,2011-07,Sunday,6,8,True
102349,P100,Gift Box,2,2011-06-13 08:00:00,4.47,12317,France,False,False,False,8.94,8.94,0.0,102349,2011,2011-06,Monday,0,8,True
102349,P104,Candle Set,1,2011-06-13 08:00:00,11.31,12317,India,False,False,False,11.31,11.31,0.0,102349,2011,2011-06,Monday,0,8,True
102349,P107,Photo Frame,5,2011-06-13 08:00:00,8.84,12317,Netherlands,False,False,False,44.2,44.2,0.0,102349,2011,2011-06,Monday,0,8,True
102350,P108,Tea Set,3,2011-03-28 11:00:00,18.99,12016,France,False,False,False,56.97,56.97,0.0,102350,2011,2011-03,Monday,0,11,True
102350,P110,Gift Wrap,4,2011-03-28 11:00:00,2.2,12016,France,False,False,False,8.8,8.8,0.0,102350,2011,2011-03,Monday,0,11,True
102351,P109,Desk Organizer,5,2011-02-03 10:00:00,12.42,12046,India,False,False,False,62.1,62.1,0.0,102351,2011,2011-02,Thursday,3,10,True
102351,P104,Candle Set,3,2011-02-03 10:00:00,10.67,12046,Australia,False,False,False,32.01,32.01,0.0,102351,2011,2011-02,Thursday,3,10,True
102351,P101,Ceramic Mug,1,2011-02-03 10:00:00,6.69,12046,Germany,False,False,False,6.69,6.69,0.0,102351,2011,2011-02,Thursday,3,10,True
102352,P107,Photo Frame,7,2011-06-02 12:00:00,7.7,12540,Australia,False,False,False,53.9,53.9,0.0,102352,2011,2011-06,Thursday,3,12,True
102352,P109,Desk Organizer,2,2011-06-02 12:00:00,10.26,12540,Spain,False,False,False,20.52,20.52,0.0,102352,2011,2011-06,Thursday,3,12,True
102352,P104,Candle Set,3,2011-06-02 12:00:00,11.05,12540,Netherlands,False,False,False,33.150000000000006,33.150000000000006,0.0,102352,2011,2011-06,Thursday,3,12,True
102353,P101,Ceramic Mug,3,2011-07-12 08:00:00,7.04,12426,Netherlands,False,False,False,21.12,21.12,0.0,102353,2011,2011-07,Tuesday,1,8,True
102353,P110,Gift Wrap,1,2011-07-12 08:00:00,2.41,12426,United Kingdom,False,False,False,2.41,2.41,0.0,102353,2011,2011-07,Tuesday,1,8,True
102353,P106,Glass Jar,4,2011-07-12 08:00:00,5.22,12426,Netherlands,False,False,False,20.88,20.88,0.0,102353,2011,2011-07,Tuesday,1,8,True
102353,P108,Tea Set,3,2011-07-12 08:00:00,20.06,12426,India,False,False,False,60.17999999999999,60.17999999999999,0.0,102353,2011,2011-07,Tuesday,1,8,True
102354,P110,Gift Wrap,1,2011-01-15 17:00:00,2.27,12303,United Kingdom,False,False,False,2.27,2.27,0.0,102354,2011,2011-01,Saturday,5,17,True
102354,P111,Serving Bowl,1,2011-01-15 17:00:00,13.78,12303,Germany,False,False,False,13.78,13.78,0.0,102354,2011,2011-01,Saturday,5,17,True
102354,P100,Gift Box,10,2011-01-15 17:00:00,4.68,12303,India,False,False,False,46.8,46.8,0.0,102354,2011,2011-01,Saturday,5,17,True
102355,P108,Tea Set,5,2011-08-27 19:00:00,16.98,12091,Germany,False,False,False,84.9,84.9,0.0,102355,2011,2011-08,Saturday,5,19,True
102355,P103,Wall Clock,2,2011-08-27 19:00:00,11.44,12091,Germany,False,False,False,22.88,22.88,0.0,102355,2011,2011-08,Saturday,5,19,True
102356,P109,Desk Organizer,1,2011-03-16 15:00:00,11.91,12172,Germany,False,False,False,11.91,11.91,0.0,102356,2011,2011-03,Wednesday,2,15,True
102356,P107,Photo Frame,9,2011-03-16 15:00:00,8.36,12172,India,False,False,False,75.24,75.24,0.0,102356,2011,2011-03,Wednesday,2,15,True
102356,P111,Serving Bowl,1,2011-03-16 15:00:00,16.53,12172,Germany,False,False,False,16.53,16.53,0.0,102356,2011,2011-03,Wednesday,2,15,True
102357,P108,Tea Set,5,2011-05-09 17:00:00,18.35,12241,India,False,False,False,91.75,91.75,0.0,102357,2011,2011-05,Monday,0,17,True
102357,P106,Glass Jar,1,2011-05-09 17:00:00,5.24,12241,Spain,False,False,False,5.24,5.24,0.0,102357,2011,2011-05,Monday,0,17,True
102357,P101,Ceramic Mug,6,2011-05-09 17:00:00,6.6,12241,Germany,False,False,False,39.599999999999994,39.599999999999994,0.0,102357,2011,2011-05,Monday,0,17,True
102357,P111,Serving Bowl,5,2011-05-09 17:00:00,16.07,12241,Australia,False,False,False,80.35,80.35,0.0,102357,2011,2011-05,Monday,0,17,True
102358,P104,Candle Set,1,2011-10-28 09:00:00,9.63,12003,Germany,False,False,False,9.63,9.63,0.0,102358,2011,2011-10,Friday,4,9,True
102358,P109,Desk Organizer,3,2011-10-28 09:00:00,11.88,12003,Australia,False,False,False,35.64,35.64,0.0,102358,2011,2011-10,Friday,4,9,True
102358,P103,Wall Clock,1,2011-10-28 09:00:00,12.91,12003,Netherlands,False,False,False,12.91,12.91,0.0,102358,2011,2011-10,Friday,4,9,True
102358,P100,Gift Box,4,2011-10-28 09:00:00,4.85,12003,Germany,False,False,False,19.4,19.4,0.0,102358,2011,2011-10,Friday,4,9,True
102359,P105,Tote Bag,5,2011-07-04 13:00:00,6.42,12070,United Kingdom,False,False,False,32.1,32.1,0.0,102359,2011,2011-07,Monday,0,13,True
102359,P110,Gift Wrap,5,2011-07-04 13:00:00,2.59,12070,France,False,False,False,12.95,12.95,0.0,102359,2011,2011-07,Monday,0,13,True
102360,P110,Gift Wrap,6,2011-09-22 11:00:00,2.46,12437,France,False,False,False,14.76,14.76,0.0,102360,2011,2011-09,Thursday,3,11,True
102360,P102,Notebook,9,2011-09-22 11:00:00,3.6,12437,United Kingdom,False,False,False,32.4,32.4,0.0,102360,2011,2011-09,Thursday,3,11,True
102361,P103,Wall Clock,5,2011-08-28 14:00:00,11.98,12062,Germany,False,False,False,59.900000000000006,59.900000000000006,0.0,102361,2011,2011-08,Sunday,6,14,True
102362,P110,Gift Wrap,4,2011-06-08 09:00:00,2.65,12191,United Kingdom,False,False,False,10.6,10.6,0.0,102362,2011,2011-06,Wednesday,2,9,True
102363,P100,Gift Box,11,2011-01-15 09:00:00,4.8,12051,Netherlands,False,False,False,52.8,52.8,0.0,102363,2011,2011-01,Saturday,5,9,True
102364,P111,Serving Bowl,2,2011-08-13 14:00:00,13.99,12010,United Kingdom,False,False,False,27.98,27.98,0.0,102364,2011,2011-08,Saturday,5,14,True
102364,P102,Notebook,84,2011-08-13 14:00:00,3.98,12010,United Kingdom,False,False,False,334.32,334.32,0.0,102364,2011,2011-08,Saturday,5,14,True
102365,P107,Photo Frame,3,2011-11-21 08:00:00,8.22,12622,Spain,False,False,False,24.660000000000004,24.660000000000004,0.0,102365,2011,2011-11,Monday,0,8,True
102366,P108,Tea Set,5,2011-05-10 17:00:00,20.02,12669,United Kingdom,False,False,False,100.1,100.1,0.0,102366,2011,2011-05,Tuesday,1,17,True
102366,P102,Notebook,4,2011-05-10 17:00:00,4.01,12669,India,False,False,False,16.04,16.04,0.0,102366,2011,2011-05,Tuesday,1,17,True
102366,P109,Desk Organizer,1,2011-05-10 17:00:00,10.52,12669,France,False,False,False,10.52,10.52,0.0,102366,2011,2011-05,Tuesday,1,17,True
102367,P109,Desk Organizer,5,2011-11-08 10:00:00,11.78,12352,India,False,False,False,58.9,58.9,0.0,102367,2011,2011-11,Tuesday,1,10,True
102368,P105,Tote Bag,3,2011-10-24 12:00:00,6.88,12408,Germany,False,False,False,20.64,20.64,0.0,102368,2011,2011-10,Monday,0,12,True
102369,P107,Photo Frame,1,2011-09-22 12:00:00,8.65,12320,France,False,False,False,8.65,8.65,0.0,102369,2011,2011-09,Thursday,3,12,True
102369,P105,Tote Bag,8,2011-09-22 12:00:00,6.19,12320,France,False,False,False,49.52,49.52,0.0,102369,2011,2011-09,Thursday,3,12,True
102370,P110,Gift Wrap,1,2010-12-23 17:00:00,2.43,12418,Netherlands,False,False,False,2.43,2.43,0.0,102370,2010,2010-12,Thursday,3,17,True
102371,P102,Notebook,2,2011-07-19 16:00:00,4.05,12566,United Kingdom,False,False,False,8.1,8.1,0.0,102371,2011,2011-07,Tuesday,1,16,True
102371,P108,Tea Set,3,2011-07-19 16:00:00,17.82,12566,Germany,False,False,False,53.46,53.46,0.0,102371,2011,2011-07,Tuesday,1,16,True
102372,P106,Glass Jar,4,2011-08-17 16:00:00,5.39,12613,United Kingdom,False,False,False,21.56,21.56,0.0,102372,2011,2011-08,Wednesday,2,16,True
102373,P101,Ceramic Mug,1,2010-12-08 18:00:00,7.39,12372,Spain,False,False,False,7.39,7.39,0.0,102373,2010,2010-12,Wednesday,2,18,True
102373,P102,Notebook,1,2010-12-08 18:00:00,4.15,12372,Australia,False,False,False,4.15,4.15,0.0,102373,2010,2010-12,Wednesday,2,18,True
102373,P105,Tote Bag,1,2010-12-08 18:00:00,6.16,12372,Germany,False,False,False,6.16,6.16,0.0,102373,2010,2010-12,Wednesday,2,18,True
102374,P104,Candle Set,2,2011-01-03 18:00:00,9.84,12042,France,False,False,False,19.68,19.68,0.0,102374,2011,2011-01,Monday,0,18,True
102374,P100,Gift Box,17,2011-01-03 18:00:00,5.12,12042,France,False,False,False,87.04,87.04,0.0,102374,2011,2011-01,Monday,0,18,True
102374,P111,Serving Bowl,3,2011-01-03 18:00:00,15.05,12042,Netherlands,False,False,False,45.150000000000006,45.150000000000006,0.0,102374,2011,2011-01,Monday,0,18,True
102374,P106,Glass Jar,1,2011-01-03 18:00:00,5.19,12042,United Kingdom,False,False,False,5.19,5.19,0.0,102374,2011,2011-01,Monday,0,18,True
102375,P105,Tote Bag,1,2011-03-26 12:00:00,6.99,12591,Spain,False,False,False,6.99,6.99,0.0,102375,2011,2011-03,Saturday,5,12,True
102375,P102,Notebook,2,2011-03-26 12:00:00,3.85,12591,Germany,False,False,False,7.7,7.7,0.0,102375,2011,2011-03,Saturday,5,12,True
102376,P104,Candle Set,3,2011-09-06 09:00:00,9.14,12593,Netherlands,False,False,False,27.42,27.42,0.0,102376,2011,2011-09,Tuesday,1,9,True
102376,P105,Tote Bag,6,2011-09-06 09:00:00,7.38,12593,France,False,False,False,44.28,44.28,0.0,102376,2011,2011-09,Tuesday,1,9,True
102376,P102,Notebook,3,2011-09-06 09:00:00,3.8,12593,India,False,False,False,11.399999999999999,11.399999999999999,0.0,102376,2011,2011-09,Tuesday,1,9,True
102376,P101,Ceramic Mug,9,2011-09-06 09:00:00,6.93,12593,United Kingdom,False,False,False,62.37,62.37,0.0,102376,2011,2011-09,Tuesday,1,9,True
102377,P109,Desk Organizer,3,2011-08-23 15:00:00,10.5,12363,United Kingdom,False,False,False,31.5,31.5,0.0,102377,2011,2011-08,Tuesday,1,15,True
102377,P105,Tote Bag,7,2011-08-23 15:00:00,7.1,12363,India,False,False,False,49.699999999999996,49.699999999999996,0.0,102377,2011,2011-08,Tuesday,1,15,True
102377,P110,Gift Wrap,2,2011-08-23 15:00:00,2.55,12363,Netherlands,False,False,False,5.1,5.1,0.0,102377,2011,2011-08,Tuesday,1,15,True
102378,P103,Wall Clock,6,2011-11-01 19:00:00,12.76,12051,France,False,False,False,76.56,76.56,0.0,102378,2011,2011-11,Tuesday,1,19,True
102378,P102,Notebook,3,2011-11-01 19:00:00,3.45,12051,Germany,False,False,False,10.350000000000001,10.350000000000001,0.0,102378,2011,2011-11,Tuesday,1,19,True
102378,P106,Glass Jar,5,2011-11-01 19:00:00,6.02,12051,Germany,False,False,False,30.099999999999998,30.099999999999998,0.0,102378,2011,2011-11,Tuesday,1,19,True
102378,P110,Gift Wrap,2,2011-11-01 19:00:00,2.64,12051,France,False,False,False,5.28,5.28,0.0,102378,2011,2011-11,Tuesday,1,19,True
102379,P109,Desk Organizer,1,2010-12-29 14:00:00,11.31,12212,France,False,False,False,11.31,11.31,0.0,102379,2010,2010-12,Wednesday,2,14,True
102379,P100,Gift Box,9,2010-12-29 14:00:00,4.37,12212,Spain,False,False,False,39.33,39.33,0.0,102379,2010,2010-12,Wednesday,2,14,True
102379,P101,Ceramic Mug,1,2010-12-29 14:00:00,7.3,12212,United Kingdom,False,False,False,7.3,7.3,0.0,102379,2010,2010-12,Wednesday,2,14,True
102379,P107,Photo Frame,17,2010-12-29 14:00:00,9.34,12212,Spain,False,False,False,158.78,158.78,0.0,102379,2010,2010-12,Wednesday,2,14,True
102380,P106,Glass Jar,3,2011-02-24 15:00:00,5.14,12076,Spain,False,False,False,15.419999999999998,15.419999999999998,0.0,102380,2011,2011-02,Thursday,3,15,True
102380,P110,Gift Wrap,2,2011-02-24 15:00:00,2.44,12076,France,False,False,False,4.88,4.88,0.0,102380,2011,2011-02,Thursday,3,15,True
102380,P102,Notebook,1,2011-02-24 15:00:00,4.15,12076,Germany,False,False,False,4.15,4.15,0.0,102380,2011,2011-02,Thursday,3,15,True
102381,P108,Tea Set,2,2011-11-23 13:00:00,18.27,12572,India,False,False,False,36.54,36.54,0.0,102381,2011,2011-11,Wednesday,2,13,True
102381,P107,Photo Frame,3,2011-11-23 13:00:00,8.69,12572,United Kingdom,False,False,False,26.07,26.07,0.0,102381,2011,2011-11,Wednesday,2,13,True
102382,P102,Notebook,1,2011-11-19 09:00:00,3.62,12040,United Kingdom,False,False,False,3.62,3.62,0.0,102382,2011,2011-11,Saturday,5,9,True
102382,P100,Gift Box,2,2011-11-19 09:00:00,4.66,12040,Germany,False,False,False,9.32,9.32,0.0,102382,2011,2011-11,Saturday,5,9,True
102383,P100,Gift Box,1,2011-12-02 14:00:00,4.74,12421,Australia,False,False,False,4.74,4.74,0.0,102383,2011,2011-12,Friday,4,14,True
102383,P108,Tea Set,8,2011-12-02 14:00:00,19.5,12421,Australia,False,False,False,156.0,156.0,0.0,102383,2011,2011-12,Friday,4,14,True
102384,P109,Desk Organizer,24,2011-09-18 16:00:00,12.6,12405,United Kingdom,False,False,False,302.4,302.4,0.0,102384,2011,2011-09,Sunday,6,16,True
102385,P107,Photo Frame,19,2011-10-18 10:00:00,7.82,12187,United Kingdom,False,False,False,148.58,148.58,0.0,102385,2011,2011-10,Tuesday,1,10,True
102385,P105,Tote Bag,2,2011-10-18 10:00:00,6.27,12187,India,False,False,False,12.54,12.54,0.0,102385,2011,2011-10,Tuesday,1,10,True
102385,P108,Tea Set,3,2011-10-18 10:00:00,19.28,12187,France,False,False,False,57.84,57.84,0.0,102385,2011,2011-10,Tuesday,1,10,True
102386,P101,Ceramic Mug,4,2011-06-14 19:00:00,7.32,12049,Germany,False,False,False,29.28,29.28,0.0,102386,2011,2011-06,Tuesday,1,19,True
102386,P110,Gift Wrap,1,2011-06-14 19:00:00,2.54,12049,United Kingdom,False,False,False,2.54,2.54,0.0,102386,2011,2011-06,Tuesday,1,19,True
102386,P111,Serving Bowl,1,2011-06-14 19:00:00,13.54,12049,United Kingdom,False,False,False,13.54,13.54,0.0,102386,2011,2011-06,Tuesday,1,19,True
102387,P109,Desk Organizer,4,2011-09-21 14:00:00,12.11,12511,Netherlands,False,False,False,48.44,48.44,0.0,102387,2011,2011-09,Wednesday,2,14,True
102387,P104,Candle Set,1,2011-09-21 14:00:00,11.37,12511,United Kingdom,False,False,False,11.37,11.37,0.0,102387,2011,2011-09,Wednesday,2,14,True
102388,P111,Serving Bowl,5,2011-08-30 17:00:00,13.27,12503,Australia,False,False,False,66.35,66.35,0.0,102388,2011,2011-08,Tuesday,1,17,True
102389,P103,Wall Clock,2,2011-02-16 16:00:00,12.06,12177,India,False,False,False,24.12,24.12,0.0,102389,2011,2011-02,Wednesday,2,16,True
102389,P102,Notebook,1,2011-02-16 16:00:00,3.87,12177,France,False,False,False,3.87,3.87,0.0,102389,2011,2011-02,Wednesday,2,16,True
102390,P109,Desk Organizer,7,2011-03-02 19:00:00,10.09,12399,Australia,False,False,False,70.63,70.63,0.0,102390,2011,2011-03,Wednesday,2,19,True
102390,P100,Gift Box,1,2011-03-02 19:00:00,4.55,12399,United Kingdom,False,False,False,4.55,4.55,0.0,102390,2011,2011-03,Wednesday,2,19,True
102390,P110,Gift Wrap,5,2011-03-02 19:00:00,2.76,12399,Australia,False,False,False,13.799999999999999,13.799999999999999,0.0,102390,2011,2011-03,Wednesday,2,19,True
102390,P101,Ceramic Mug,4,2011-03-02 19:00:00,6.97,12399,United Kingdom,False,False,False,27.88,27.88,0.0,102390,2011,2011-03,Wednesday,2,19,True
102391,P107,Photo Frame,2,2011-02-22 19:00:00,8.31,12228,United Kingdom,False,False,False,16.62,16.62,0.0,102391,2011,2011-02,Tuesday,1,19,True
102391,P100,Gift Box,4,2011-02-22 19:00:00,4.76,12228,Germany,False,False,False,19.04,19.04,0.0,102391,2011,2011-02,Tuesday,1,19,True
102392,P109,Desk Organizer,12,2011-02-16 12:00:00,11.96,12325,Australia,False,False,False,143.52,143.52,0.0,102392,2011,2011-02,Wednesday,2,12,True
102392,P101,Ceramic Mug,2,2011-02-16 12:00:00,8.02,12325,France,False,False,False,16.04,16.04,0.0,102392,2011,2011-02,Wednesday,2,12,True
102393,P105,Tote Bag,2,2011-04-24 17:00:00,6.06,12547,Australia,False,False,False,12.12,12.12,0.0,102393,2011,2011-04,Sunday,6,17,True
102394,P101,Ceramic Mug,4,2011-08-27 16:00:00,8.19,12249,Spain,False,False,False,32.76,32.76,0.0,102394,2011,2011-08,Saturday,5,16,True
102395,P107,Photo Frame,3,2011-03-21 13:00:00,8.76,12167,United Kingdom,False,False,False,26.28,26.28,0.0,102395,2011,2011-03,Monday,0,13,True
102396,P107,Photo Frame,1,2011-02-21 09:00:00,8.66,12036,Spain,False,False,False,8.66,8.66,0.0,102396,2011,2011-02,Monday,0,9,True
102396,P103,Wall Clock,2,2011-02-21 09:00:00,11.55,12036,United Kingdom,False,False,False,23.1,23.1,0.0,102396,2011,2011-02,Monday,0,9,True
102396,P104,Candle Set,4,2011-02-21 09:00:00,11.12,12036,Australia,False,False,False,44.48,44.48,0.0,102396,2011,2011-02,Monday,0,9,True
102396,P101,Ceramic Mug,1,2011-02-21 09:00:00,7.84,12036,France,False,False,False,7.84,7.84,0.0,102396,2011,2011-02,Monday,0,9,True
102397,P107,Photo Frame,3,2010-12-25 12:00:00,8.44,12041,Spain,False,False,False,25.32,25.32,0.0,102397,2010,2010-12,Saturday,5,12,True
102397,P105,Tote Bag,3,2010-12-25 12:00:00,6.0,12041,France,False,False,False,18.0,18.0,0.0,102397,2010,2010-12,Saturday,5,12,True
102397,P110,Gift Wrap,7,2010-12-25 12:00:00,2.56,12041,India,False,False,False,17.92,17.92,0.0,102397,2010,2010-12,Saturday,5,12,True
102397,P101,Ceramic Mug,4,2010-12-25 12:00:00,7.24,12041,Netherlands,False,False,False,28.96,28.96,0.0,102397,2010,2010-12,Saturday,5,12,True
102398,P102,Notebook,1,2011-02-25 14:00:00,3.91,12175,United Kingdom,False,False,False,3.91,3.91,0.0,102398,2011,2011-02,Friday,4,14,True
102398,P106,Glass Jar,1,2011-02-25 14:00:00,5.81,12175,Australia,False,False,False,5.81,5.81,0.0,102398,2011,2011-02,Friday,4,14,True
102398,P100,Gift Box,7,2011-02-25 14:00:00,4.74,12175,United Kingdom,False,False,False,33.18,33.18,0.0,102398,2011,2011-02,Friday,4,14,True
102398,P111,Serving Bowl,1,2011-02-25 14:00:00,14.05,12175,India,False,False,False,14.05,14.05,0.0,102398,2011,2011-02,Friday,4,14,True
102399,P103,Wall Clock,3,2011-06-19 14:00:00,12.43,12132,Spain,False,False,False,37.29,37.29,0.0,102399,2011,2011-06,Sunday,6,14,True
102399,P106,Glass Jar,4,2011-06-19 14:00:00,6.0,12132,Germany,False,False,False,24.0,24.0,0.0,102399,2011,2011-06,Sunday,6,14,True
102399,P105,Tote Bag,6,2011-06-19 14:00:00,6.17,12132,Australia,False,False,False,37.019999999999996,37.019999999999996,0.0,102399,2011,2011-06,Sunday,6,14,True
102400,P107,Photo Frame,1,2011-11-22 17:00:00,8.54,12081,Germany,False,False,False,8.54,8.54,0.0,102400,2011,2011-11,Tuesday,1,17,True
102400,P108,Tea Set,3,2011-11-22 17:00:00,17.38,12081,Australia,False,False,False,52.14,52.14,0.0,102400,2011,2011-11,Tuesday,1,17,True
102401,P106,Glass Jar,5,2011-10-26 16:00:00,5.61,12622,Netherlands,False,False,False,28.05,28.05,0.0,102401,2011,2011-10,Wednesday,2,16,True
102401,P101,Ceramic Mug,1,2011-10-26 16:00:00,6.82,12622,Spain,False,False,False,6.82,6.82,0.0,102401,2011,2011-10,Wednesday,2,16,True
102401,P109,Desk Organizer,3,2011-10-26 16:00:00,10.43,12622,India,False,False,False,31.29,31.29,0.0,102401,2011,2011-10,Wednesday,2,16,True
102401,P104,Candle Set,1,2011-10-26 16:00:00,10.09,12622,Germany,False,False,False,10.09,10.09,0.0,102401,2011,2011-10,Wednesday,2,16,True
102402,P101,Ceramic Mug,2,2011-11-22 09:00:00,7.68,12538,France,False,False,False,15.36,15.36,0.0,102402,2011,2011-11,Tuesday,1,9,True
102402,P100,Gift Box,7,2011-11-22 09:00:00,4.93,12538,Spain,False,False,False,34.51,34.51,0.0,102402,2011,2011-11,Tuesday,1,9,True
102402,P108,Tea Set,1,2011-11-22 09:00:00,16.29,12538,Germany,False,False,False,16.29,16.29,0.0,102402,2011,2011-11,Tuesday,1,9,True
102403,P111,Serving Bowl,3,2011-01-02 15:00:00,14.72,12477,India,False,False,False,44.160000000000004,44.160000000000004,0.0,102403,2011,2011-01,Sunday,6,15,True
102403,P101,Ceramic Mug,2,2011-01-02 15:00:00,7.79,12477,India,False,False,False,15.58,15.58,0.0,102403,2011,2011-01,Sunday,6,15,True
102404,P100,Gift Box,4,2011-02-15 08:00:00,4.64,12649,France,False,False,False,18.56,18.56,0.0,102404,2011,2011-02,Tuesday,1,8,True
102405,P107,Photo Frame,6,2010-12-02 17:00:00,7.88,12410,Spain,False,False,False,47.28,47.28,0.0,102405,2010,2010-12,Thursday,3,17,True
102405,P100,Gift Box,3,2010-12-02 17:00:00,4.3,12410,Germany,False,False,False,12.899999999999999,12.899999999999999,0.0,102405,2010,2010-12,Thursday,3,17,True
102405,P108,Tea Set,2,2010-12-02 17:00:00,18.5,12410,United Kingdom,False,False,False,37.0,37.0,0.0,102405,2010,2010-12,Thursday,3,17,True
102405,P102,Notebook,1,2010-12-02 17:00:00,4.05,12410,India,False,False,False,4.05,4.05,0.0,102405,2010,2010-12,Thursday,3,17,True
102406,P100,Gift Box,4,2011-02-09 09:00:00,4.99,12064,India,False,False,False,19.96,19.96,0.0,102406,2011,2011-02,Wednesday,2,9,True
102406,P103,Wall Clock,1,2011-02-09 09:00:00,12.86,12064,India,False,False,False,12.86,12.86,0.0,102406,2011,2011-02,Wednesday,2,9,True
102406,P109,Desk Organizer,1,2011-02-09 09:00:00,12.18,12064,France,False,False,False,12.18,12.18,0.0,102406,2011,2011-02,Wednesday,2,9,True
102407,P101,Ceramic Mug,2,2011-11-16 17:00:00,6.84,12223,United Kingdom,False,False,False,13.68,13.68,0.0,102407,2011,2011-11,Wednesday,2,17,True
102407,P105,Tote Bag,1,2011-11-16 17:00:00,5.98,12223,Spain,False,False,False,5.98,5.98,0.0,102407,2011,2011-11,Wednesday,2,17,True
102408,P109,Desk Organizer,2,2011-07-17 13:00:00,11.43,12012,India,False,False,False,22.86,22.86,0.0,102408,2011,2011-07,Sunday,6,13,True
102408,P102,Notebook,3,2011-07-17 13:00:00,3.53,12012,United Kingdom,False,False,False,10.59,10.59,0.0,102408,2011,2011-07,Sunday,6,13,True
102408,P101,Ceramic Mug,2,2011-07-17 13:00:00,7.6,12012,Germany,False,False,False,15.2,15.2,0.0,102408,2011,2011-07,Sunday,6,13,True
102409,P107,Photo Frame,4,2011-10-20 14:00:00,8.74,12049,India,False,False,False,34.96,34.96,0.0,102409,2011,2011-10,Thursday,3,14,True
102409,P111,Serving Bowl,11,2011-10-20 14:00:00,16.58,12049,India,False,False,False,182.38,182.38,0.0,102409,2011,2011-10,Thursday,3,14,True
102409,P100,Gift Box,1,2011-10-20 14:00:00,4.72,12049,France,False,False,False,4.72,4.72,0.0,102409,2011,2011-10,Thursday,3,14,True
102409,P108,Tea Set,3,2011-10-20 14:00:00,20.48,12049,France,False,False,False,61.44,61.44,0.0,102409,2011,2011-10,Thursday,3,14,True
102410,P108,Tea Set,5,2010-12-11 08:00:00,19.72,12043,France,False,False,False,98.6,98.6,0.0,102410,2010,2010-12,Saturday,5,8,True
102410,P102,Notebook,1,2010-12-11 08:00:00,3.97,12043,Netherlands,False,False,False,3.97,3.97,0.0,102410,2010,2010-12,Saturday,5,8,True
102410,P106,Glass Jar,3,2010-12-11 08:00:00,5.13,12043,Spain,False,False,False,15.39,15.39,0.0,102410,2010,2010-12,Saturday,5,8,True
102411,P110,Gift Wrap,2,2011-03-09 19:00:00,2.66,12052,Germany,False,False,False,5.32,5.32,0.0,102411,2011,2011-03,Wednesday,2,19,True
102411,P103,Wall Clock,2,2011-03-09 19:00:00,11.81,12052,France,False,False,False,23.62,23.62,0.0,102411,2011,2011-03,Wednesday,2,19,True
102411,P105,Tote Bag,3,2011-03-09 19:00:00,6.65,12052,France,False,False,False,19.950000000000003,19.950000000000003,0.0,102411,2011,2011-03,Wednesday,2,19,True
102411,P100,Gift Box,3,2011-03-09 19:00:00,4.91,12052,United Kingdom,False,False,False,14.73,14.73,0.0,102411,2011,2011-03,Wednesday,2,19,True
102412,P100,Gift Box,6,2011-03-24 19:00:00,4.37,12280,United Kingdom,False,False,False,26.22,26.22,0.0,102412,2011,2011-03,Thursday,3,19,True
102412,P101,Ceramic Mug,3,2011-03-24 19:00:00,6.67,12280,Germany,False,False,False,20.009999999999998,20.009999999999998,0.0,102412,2011,2011-03,Thursday,3,19,True
102412,P103,Wall Clock,3,2011-03-24 19:00:00,12.68,12280,United Kingdom,False,False,False,38.04,38.04,0.0,102412,2011,2011-03,Thursday,3,19,True
102412,P108,Tea Set,5,2011-03-24 19:00:00,17.79,12280,United Kingdom,False,False,False,88.94999999999999,88.94999999999999,0.0,102412,2011,2011-03,Thursday,3,19,True
102413,P111,Serving Bowl,3,2011-04-14 09:00:00,15.62,12193,Netherlands,False,False,False,46.86,46.86,0.0,102413,2011,2011-04,Thursday,3,9,True
102414,P106,Glass Jar,1,2011-03-25 11:00:00,4.99,12019,Spain,False,False,False,4.99,4.99,0.0,102414,2011,2011-03,Friday,4,11,True
102414,P103,Wall Clock,2,2011-03-25 11:00:00,12.27,12019,Spain,False,False,False,24.54,24.54,0.0,102414,2011,2011-03,Friday,4,11,True
102415,P102,Notebook,5,2011-06-12 10:00:00,3.81,12662,Australia,False,False,False,19.05,19.05,0.0,102415,2011,2011-06,Sunday,6,10,True
102415,P110,Gift Wrap,2,2011-06-12 10:00:00,2.2,12662,France,False,False,False,4.4,4.4,0.0,102415,2011,2011-06,Sunday,6,10,True
102416,P109,Desk Organizer,2,2011-09-07 14:00:00,10.85,12325,Australia,False,False,False,21.7,21.7,0.0,102416,2011,2011-09,Wednesday,2,14,True
102416,P105,Tote Bag,3,2011-09-07 14:00:00,5.87,12325,Germany,False,False,False,17.61,17.61,0.0,102416,2011,2011-09,Wednesday,2,14,True
102416,P110,Gift Wrap,7,2011-09-07 14:00:00,2.34,12325,India,False,False,False,16.38,16.38,0.0,102416,2011,2011-09,Wednesday,2,14,True
102416,P103,Wall Clock,2,2011-09-07 14:00:00,11.42,12325,France,False,False,False,22.84,22.84,0.0,102416,2011,2011-09,Wednesday,2,14,True
102417,P100,Gift Box,1,2011-07-13 11:00:00,4.9,12170,India,False,False,False,4.9,4.9,0.0,102417,2011,2011-07,Wednesday,2,11,True
102417,P101,Ceramic Mug,2,2011-07-13 11:00:00,6.55,12170,United Kingdom,False,False,False,13.1,13.1,0.0,102417,2011,2011-07,Wednesday,2,11,True
102417,P103,Wall Clock,3,2011-07-13 11:00:00,13.01,12170,India,False,False,False,39.03,39.03,0.0,102417,2011,2011-07,Wednesday,2,11,True
102417,P108,Tea Set,1,2011-07-13 11:00:00,19.39,12170,Australia,False,False,False,19.39,19.39,0.0,102417,2011,2011-07,Wednesday,2,11,True
102418,P111,Serving Bowl,3,2010-12-06 08:00:00,16.09,12360,France,False,False,False,48.269999999999996,48.269999999999996,0.0,102418,2010,2010-12,Monday,0,8,True
102418,P109,Desk Organizer,1,2010-12-06 08:00:00,12.1,12360,India,False,False,False,12.1,12.1,0.0,102418,2010,2010-12,Monday,0,8,True
102418,P103,Wall Clock,6,2010-12-06 08:00:00,11.55,12360,France,False,False,False,69.30000000000001,69.30000000000001,0.0,102418,2010,2010-12,Monday,0,8,True
102418,P105,Tote Bag,2,2010-12-06 08:00:00,6.36,12360,Spain,False,False,False,12.72,12.72,0.0,102418,2010,2010-12,Monday,0,8,True
102419,P108,Tea Set,3,2011-11-21 09:00:00,19.58,12474,India,False,False,False,58.739999999999995,58.739999999999995,0.0,102419,2011,2011-11,Monday,0,9,True
102419,P103,Wall Clock,2,2011-11-21 09:00:00,12.78,12474,Germany,False,False,False,25.56,25.56,0.0,102419,2011,2011-11,Monday,0,9,True
102419,P106,Glass Jar,1,2011-11-21 09:00:00,5.23,12474,Netherlands,False,False,False,5.23,5.23,0.0,102419,2011,2011-11,Monday,0,9,True
102419,P110,Gift Wrap,7,2011-11-21 09:00:00,2.22,12474,Spain,False,False,False,15.540000000000001,15.540000000000001,0.0,102419,2011,2011-11,Monday,0,9,True
102420,P107,Photo Frame,1,2011-09-17 12:00:00,9.12,12031,Spain,False,False,False,9.12,9.12,0.0,102420,2011,2011-09,Saturday,5,12,True
102420,P101,Ceramic Mug,8,2011-09-17 12:00:00,8.05,12031,France,False,False,False,64.4,64.4,0.0,102420,2011,2011-09,Saturday,5,12,True
102421,P111,Serving Bowl,2,2011-09-11 13:00:00,13.81,12304,United Kingdom,False,False,False,27.62,27.62,0.0,102421,2011,2011-09,Sunday,6,13,True
102421,P109,Desk Organizer,8,2011-09-11 13:00:00,11.04,12304,United Kingdom,False,False,False,88.32,88.32,0.0,102421,2011,2011-09,Sunday,6,13,True
102421,P104,Candle Set,1,2011-09-11 13:00:00,11.26,12304,Australia,False,False,False,11.26,11.26,0.0,102421,2011,2011-09,Sunday,6,13,True
102421,P107,Photo Frame,12,2011-09-11 13:00:00,9.16,12304,Spain,False,False,False,109.92,109.92,0.0,102421,2011,2011-09,Sunday,6,13,True
102422,P106,Glass Jar,1,2011-04-22 09:00:00,5.33,12007,India,False,False,False,5.33,5.33,0.0,102422,2011,2011-04,Friday,4,9,True
102423,P107,Photo Frame,1,2011-03-27 09:00:00,8.85,12313,France,False,False,False,8.85,8.85,0.0,102423,2011,2011-03,Sunday,6,9,True
102423,P103,Wall Clock,1,2011-03-27 09:00:00,11.4,12313,Netherlands,False,False,False,11.4,11.4,0.0,102423,2011,2011-03,Sunday,6,9,True
102423,P102,Notebook,1,2011-03-27 09:00:00,4.03,12313,France,False,False,False,4.03,4.03,0.0,102423,2011,2011-03,Sunday,6,9,True
102424,P111,Serving Bowl,4,2011-10-05 12:00:00,14.01,12037,United Kingdom,False,False,False,56.04,56.04,0.0,102424,2011,2011-10,Wednesday,2,12,True
102424,P110,Gift Wrap,2,2011-10-05 12:00:00,2.27,12037,Netherlands,False,False,False,4.54,4.54,0.0,102424,2011,2011-10,Wednesday,2,12,True
102424,P105,Tote Bag,1,2011-10-05 12:00:00,5.93,12037,Germany,False,False,False,5.93,5.93,0.0,102424,2011,2011-10,Wednesday,2,12,True
102424,P106,Glass Jar,1,2011-10-05 12:00:00,6.24,12037,Germany,False,False,False,6.24,6.24,0.0,102424,2011,2011-10,Wednesday,2,12,True
102425,P109,Desk Organizer,3,2010-12-18 19:00:00,12.52,12371,Germany,False,False,False,37.56,37.56,0.0,102425,2010,2010-12,Saturday,5,19,True
102425,P111,Serving Bowl,3,2010-12-18 19:00:00,13.61,12371,Australia,False,False,False,40.83,40.83,0.0,102425,2010,2010-12,Saturday,5,19,True
102425,P101,Ceramic Mug,2,2010-12-18 19:00:00,7.79,12371,India,False,False,False,15.58,15.58,0.0,102425,2010,2010-12,Saturday,5,19,True
102426,P102,Notebook,6,2011-01-31 19:00:00,3.74,12236,United Kingdom,False,False,False,22.44,22.44,0.0,102426,2011,2011-01,Monday,0,19,True
102426,P108,Tea Set,2,2011-01-31 19:00:00,18.56,12236,India,False,False,False,37.12,37.12,0.0,102426,2011,2011-01,Monday,0,19,True
102427,P108,Tea Set,4,2010-12-30 17:00:00,18.61,12374,Germany,False,False,False,74.44,74.44,0.0,102427,2010,2010-12,Thursday,3,17,True
102427,P109,Desk Organizer,5,2010-12-30 17:00:00,12.64,12374,United Kingdom,False,False,False,63.2,63.2,0.0,102427,2010,2010-12,Thursday,3,17,True
102427,P104,Candle Set,1,2010-12-30 17:00:00,11.24,12374,Germany,False,False,False,11.24,11.24,0.0,102427,2010,2010-12,Thursday,3,17,True
102427,P102,Notebook,2,2010-12-30 17:00:00,4.05,12374,France,False,False,False,8.1,8.1,0.0,102427,2010,2010-12,Thursday,3,17,True
102428,P103,Wall Clock,1,2011-01-07 11:00:00,12.3,12021,India,False,False,False,12.3,12.3,0.0,102428,2011,2011-01,Friday,4,11,True
102429,P108,Tea Set,5,2011-08-28 09:00:00,16.98,12322,Germany,False,False,False,84.9,84.9,0.0,102429,2011,2011-08,Sunday,6,9,True
102429,P102,Notebook,1,2011-08-28 09:00:00,4.19,12322,Germany,False,False,False,4.19,4.19,0.0,102429,2011,2011-08,Sunday,6,9,True
102430,P109,Desk Organizer,3,2011-10-25 14:00:00,11.5,12515,India,False,False,False,34.5,34.5,0.0,102430,2011,2011-10,Tuesday,1,14,True
102430,P111,Serving Bowl,3,2011-10-25 14:00:00,13.11,12515,Netherlands,False,False,False,39.33,39.33,0.0,102430,2011,2011-10,Tuesday,1,14,True
102430,P102,Notebook,3,2011-10-25 14:00:00,3.48,12515,Australia,False,False,False,10.44,10.44,0.0,102430,2011,2011-10,Tuesday,1,14,True
102431,P104,Candle Set,6,2011-10-05 08:00:00,10.49,12654,India,False,False,False,62.94,62.94,0.0,102431,2011,2011-10,Wednesday,2,8,True
102431,P101,Ceramic Mug,4,2011-10-05 08:00:00,7.41,12654,Germany,False,False,False,29.64,29.64,0.0,102431,2011,2011-10,Wednesday,2,8,True
102431,P108,Tea Set,1,2011-10-05 08:00:00,18.96,12654,Spain,False,False,False,18.96,18.96,0.0,102431,2011,2011-10,Wednesday,2,8,True
102431,P107,Photo Frame,4,2011-10-05 08:00:00,9.27,12654,United Kingdom,False,False,False,37.08,37.08,0.0,102431,2011,2011-10,Wednesday,2,8,True
102432,P107,Photo Frame,2,2011-07-07 16:00:00,7.58,12518,Australia,False,False,False,15.16,15.16,0.0,102432,2011,2011-07,Thursday,3,16,True
102432,P104,Candle Set,2,2011-07-07 16:00:00,10.15,12518,France,False,False,False,20.3,20.3,0.0,102432,2011,2011-07,Thursday,3,16,True
102432,P100,Gift Box,4,2011-07-07 16:00:00,4.29,12518,Australia,False,False,False,17.16,17.16,0.0,102432,2011,2011-07,Thursday,3,16,True
102433,P101,Ceramic Mug,7,2011-07-07 11:00:00,6.73,12637,Spain,False,False,False,47.11,47.11,0.0,102433,2011,2011-07,Thursday,3,11,True
102434,P103,Wall Clock,1,2010-12-18 16:00:00,12.92,12554,Spain,False,False,False,12.92,12.92,0.0,102434,2010,2010-12,Saturday,5,16,True
102434,P107,Photo Frame,3,2010-12-18 16:00:00,8.83,12554,Spain,False,False,False,26.490000000000002,26.490000000000002,0.0,102434,2010,2010-12,Saturday,5,16,True
102435,P103,Wall Clock,1,2011-02-20 11:00:00,13.47,12470,India,False,False,False,13.47,13.47,0.0,102435,2011,2011-02,Sunday,6,11,True
102435,P106,Glass Jar,3,2011-02-20 11:00:00,5.25,12470,United Kingdom,False,False,False,15.75,15.75,0.0,102435,2011,2011-02,Sunday,6,11,True
102435,P107,Photo Frame,4,2011-02-20 11:00:00,7.78,12470,Netherlands,False,False,False,31.12,31.12,0.0,102435,2011,2011-02,Sunday,6,11,True
102436,P102,Notebook,3,2011-05-19 11:00:00,3.7,12429,Australia,False,False,False,11.100000000000001,11.100000000000001,0.0,102436,2011,2011-05,Thursday,3,11,True
102436,P110,Gift Wrap,1,2011-05-19 11:00:00,2.5,12429,Netherlands,False,False,False,2.5,2.5,0.0,102436,2011,2011-05,Thursday,3,11,True
102437,P100,Gift Box,1,2011-03-03 10:00:00,4.99,12108,United Kingdom,False,False,False,4.99,4.99,0.0,102437,2011,2011-03,Thursday,3,10,True
102438,P111,Serving Bowl,18,2011-01-18 13:00:00,16.1,12241,India,False,False,False,289.8,289.8,0.0,102438,2011,2011-01,Tuesday,1,13,True
102438,P105,Tote Bag,2,2011-01-18 13:00:00,7.35,12241,India,False,False,False,14.7,14.7,0.0,102438,2011,2011-01,Tuesday,1,13,True
102438,P100,Gift Box,3,2011-01-18 13:00:00,4.54,12241,India,False,False,False,13.620000000000001,13.620000000000001,0.0,102438,2011,2011-01,Tuesday,1,13,True
102438,P110,Gift Wrap,5,2011-01-18 13:00:00,2.41,12241,France,False,False,False,12.05,12.05,0.0,102438,2011,2011-01,Tuesday,1,13,True
102439,P102,Notebook,5,2011-09-05 13:00:00,4.24,12558,Germany,False,False,False,21.200000000000003,21.200000000000003,0.0,102439,2011,2011-09,Monday,0,13,True
102439,P107,Photo Frame,2,2011-09-05 13:00:00,7.54,12558,United Kingdom,False,False,False,15.08,15.08,0.0,102439,2011,2011-09,Monday,0,13,True
102439,P103,Wall Clock,7,2011-09-05 13:00:00,12.04,12558,India,False,False,False,84.28,84.28,0.0,102439,2011,2011-09,Monday,0,13,True
102439,P105,Tote Bag,1,2011-09-05 13:00:00,6.52,12558,Spain,False,False,False,6.52,6.52,0.0,102439,2011,2011-09,Monday,0,13,True
102440,P107,Photo Frame,4,2011-09-20 16:00:00,9.19,12030,Spain,False,False,False,36.76,36.76,0.0,102440,2011,2011-09,Tuesday,1,16,True
102440,P105,Tote Bag,3,2011-09-20 16:00:00,7.11,12030,Australia,False,False,False,21.330000000000002,21.330000000000002,0.0,102440,2011,2011-09,Tuesday,1,16,True
102440,P104,Candle Set,2,2011-09-20 16:00:00,10.64,12030,Australia,False,False,False,21.28,21.28,0.0,102440,2011,2011-09,Tuesday,1,16,True
102441,P108,Tea Set,3,2011-04-11 14:00:00,16.24,12231,Germany,False,False,False,48.72,48.72,0.0,102441,2011,2011-04,Monday,0,14,True
102441,P101,Ceramic Mug,3,2011-04-11 14:00:00,7.74,12231,Netherlands,False,False,False,23.22,23.22,0.0,102441,2011,2011-04,Monday,0,14,True
102441,P102,Notebook,1,2011-04-11 14:00:00,3.75,12231,France,False,False,False,3.75,3.75,0.0,102441,2011,2011-04,Monday,0,14,True
102441,P110,Gift Wrap,3,2011-04-11 14:00:00,2.34,12231,Australia,False,False,False,7.02,7.02,0.0,102441,2011,2011-04,Monday,0,14,True
102442,P111,Serving Bowl,3,2011-11-04 14:00:00,13.84,12439,Spain,False,False,False,41.519999999999996,41.519999999999996,0.0,102442,2011,2011-11,Friday,4,14,True
102443,P106,Glass Jar,7,2011-08-22 12:00:00,5.29,12026,Australia,False,False,False,37.03,37.03,0.0,102443,2011,2011-08,Monday,0,12,True
102444,P102,Notebook,3,2011-03-01 11:00:00,4.05,12315,France,False,False,False,12.149999999999999,12.149999999999999,0.0,102444,2011,2011-03,Tuesday,1,11,True
102444,P106,Glass Jar,1,2011-03-01 11:00:00,5.39,12315,France,False,False,False,5.39,5.39,0.0,102444,2011,2011-03,Tuesday,1,11,True
102445,P107,Photo Frame,7,2011-07-07 16:00:00,8.32,12661,France,False,False,False,58.24,58.24,0.0,102445,2011,2011-07,Thursday,3,16,True
102445,P104,Candle Set,1,2011-07-07 16:00:00,10.7,12661,Germany,False,False,False,10.7,10.7,0.0,102445,2011,2011-07,Thursday,3,16,True
102446,P101,Ceramic Mug,1,2011-08-31 19:00:00,6.71,12448,Australia,False,False,False,6.71,6.71,0.0,102446,2011,2011-08,Wednesday,2,19,True
102446,P109,Desk Organizer,1,2011-08-31 19:00:00,11.72,12448,Australia,False,False,False,11.72,11.72,0.0,102446,2011,2011-08,Wednesday,2,19,True
102447,P101,Ceramic Mug,8,2011-07-15 11:00:00,8.12,12025,Spain,False,False,False,64.96,64.96,0.0,102447,2011,2011-07,Friday,4,11,True
102447,P110,Gift Wrap,8,2011-07-15 11:00:00,2.56,12025,Germany,False,False,False,20.48,20.48,0.0,102447,2011,2011-07,Friday,4,11,True
102448,P110,Gift Wrap,5,2011-03-11 13:00:00,2.75,12379,Spain,False,False,False,13.75,13.75,0.0,102448,2011,2011-03,Friday,4,13,True
102448,P106,Glass Jar,12,2011-03-11 13:00:00,5.31,12379,Netherlands,False,False,False,63.72,63.72,0.0,102448,2011,2011-03,Friday,4,13,True
102448,P100,Gift Box,3,2011-03-11 13:00:00,5.04,12379,Spain,False,False,False,15.120000000000001,15.120000000000001,0.0,102448,2011,2011-03,Friday,4,13,True
102448,P104,Candle Set,6,2011-03-11 13:00:00,10.4,12379,Germany,False,False,False,62.400000000000006,62.400000000000006,0.0,102448,2011,2011-03,Friday,4,13,True
102449,P103,Wall Clock,1,2011-05-01 08:00:00,14.36,12252,Germany,False,False,False,14.36,14.36,0.0,102449,2011,2011-05,Sunday,6,8,True
102450,P110,Gift Wrap,8,2011-05-17 19:00:00,2.37,12008,Netherlands,False,False,False,18.96,18.96,0.0,102450,2011,2011-05,Tuesday,1,19,True
102450,P104,Candle Set,4,2011-05-17 19:00:00,10.62,12008,Spain,False,False,False,42.48,42.48,0.0,102450,2011,2011-05,Tuesday,1,19,True
102450,P100,Gift Box,1,2011-05-17 19:00:00,4.12,12008,Spain,False,False,False,4.12,4.12,0.0,102450,2011,2011-05,Tuesday,1,19,True
102451,P106,Glass Jar,1,2011-06-25 09:00:00,6.32,12053,Netherlands,False,False,False,6.32,6.32,0.0,102451,2011,2011-06,Saturday,5,9,True
102451,P103,Wall Clock,5,2011-06-25 09:00:00,13.95,12053,Spain,False,False,False,69.75,69.75,0.0,102451,2011,2011-06,Saturday,5,9,True
102451,P104,Candle Set,4,2011-06-25 09:00:00,10.3,12053,United Kingdom,False,False,False,41.2,41.2,0.0,102451,2011,2011-06,Saturday,5,9,True
102452,P108,Tea Set,2,2011-04-16 16:00:00,17.35,12574,Spain,False,False,False,34.7,34.7,0.0,102452,2011,2011-04,Saturday,5,16,True
102453,P100,Gift Box,5,2011-02-06 13:00:00,5.08,12242,Netherlands,False,False,False,25.4,25.4,0.0,102453,2011,2011-02,Sunday,6,13,True
102454,P110,Gift Wrap,3,2011-08-21 19:00:00,2.71,12462,India,False,False,False,8.129999999999999,8.129999999999999,0.0,102454,2011,2011-08,Sunday,6,19,True
102454,P102,Notebook,45,2011-08-21 19:00:00,4.1,12462,Australia,False,False,False,184.49999999999997,184.49999999999997,0.0,102454,2011,2011-08,Sunday,6,19,True
102455,P108,Tea Set,14,2010-12-02 19:00:00,17.0,12031,Australia,False,False,False,238.0,238.0,0.0,102455,2010,2010-12,Thursday,3,19,True
102456,P101,Ceramic Mug,2,2011-05-06 11:00:00,6.76,12372,Germany,False,False,False,13.52,13.52,0.0,102456,2011,2011-05,Friday,4,11,True
102456,P111,Serving Bowl,5,2011-05-06 11:00:00,16.18,12372,Australia,False,False,False,80.9,80.9,0.0,102456,2011,2011-05,Friday,4,11,True
102456,P107,Photo Frame,7,2011-05-06 11:00:00,8.68,12372,United Kingdom,False,False,False,60.76,60.76,0.0,102456,2011,2011-05,Friday,4,11,True
102456,P109,Desk Organizer,3,2011-05-06 11:00:00,12.23,12372,Netherlands,False,False,False,36.69,36.69,0.0,102456,2011,2011-05,Friday,4,11,True
102457,P109,Desk Organizer,148,2011-06-12 10:00:00,10.27,12007,Netherlands,False,False,False,1519.96,1519.96,0.0,102457,2011,2011-06,Sunday,6,10,True
102457,P104,Candle Set,4,2011-06-12 10:00:00,10.84,12007,India,False,False,False,43.36,43.36,0.0,102457,2011,2011-06,Sunday,6,10,True
102457,P102,Notebook,4,2011-06-12 10:00:00,4.3,12007,Netherlands,False,False,False,17.2,17.2,0.0,102457,2011,2011-06,Sunday,6,10,True
102458,P101,Ceramic Mug,3,2011-07-02 10:00:00,7.32,12537,United Kingdom,False,False,False,21.96,21.96,0.0,102458,2011,2011-07,Saturday,5,10,True
102458,P103,Wall Clock,1,2011-07-02 10:00:00,11.31,12537,Spain,False,False,False,11.31,11.31,0.0,102458,2011,2011-07,Saturday,5,10,True
102459,P104,Candle Set,2,2011-01-05 19:00:00,11.34,12692,Germany,False,False,False,22.68,22.68,0.0,102459,2011,2011-01,Wednesday,2,19,True
102460,P101,Ceramic Mug,4,2011-07-19 18:00:00,7.2,12007,United Kingdom,False,False,False,28.8,28.8,0.0,102460,2011,2011-07,Tuesday,1,18,True
102460,P107,Photo Frame,2,2011-07-19 18:00:00,8.77,12007,India,False,False,False,17.54,17.54,0.0,102460,2011,2011-07,Tuesday,1,18,True
102460,P111,Serving Bowl,5,2011-07-19 18:00:00,15.05,12007,Spain,False,False,False,75.25,75.25,0.0,102460,2011,2011-07,Tuesday,1,18,True
102460,P102,Notebook,3,2011-07-19 18:00:00,4.23,12007,India,False,False,False,12.690000000000001,12.690000000000001,0.0,102460,2011,2011-07,Tuesday,1,18,True
102461,P108,Tea Set,8,2011-04-08 17:00:00,18.17,12097,India,False,False,False,145.36,145.36,0.0,102461,2011,2011-04,Friday,4,17,True
102461,P102,Notebook,1,2011-04-08 17:00:00,4.0,12097,Spain,False,False,False,4.0,4.0,0.0,102461,2011,2011-04,Friday,4,17,True
102462,P104,Candle Set,3,2011-02-10 10:00:00,10.3,12604,United Kingdom,False,False,False,30.900000000000002,30.900000000000002,0.0,102462,2011,2011-02,Thursday,3,10,True
102463,P104,Candle Set,2,2010-12-23 16:00:00,9.79,12492,Spain,False,False,False,19.58,19.58,0.0,102463,2010,2010-12,Thursday,3,16,True
102464,P100,Gift Box,3,2011-10-15 10:00:00,4.2,12376,India,False,False,False,12.600000000000001,12.600000000000001,0.0,102464,2011,2011-10,Saturday,5,10,True
102464,P105,Tote Bag,258,2011-10-15 10:00:00,7.39,12376,France,False,False,False,1906.62,1906.62,0.0,102464,2011,2011-10,Saturday,5,10,True
102465,P100,Gift Box,1,2011-01-19 14:00:00,4.22,12543,Spain,False,False,False,4.22,4.22,0.0,102465,2011,2011-01,Wednesday,2,14,True
102465,P106,Glass Jar,1,2011-01-19 14:00:00,4.98,12543,United Kingdom,False,False,False,4.98,4.98,0.0,102465,2011,2011-01,Wednesday,2,14,True
102466,P109,Desk Organizer,4,2011-01-27 19:00:00,11.72,12348,Australia,False,False,False,46.88,46.88,0.0,102466,2011,2011-01,Thursday,3,19,True
102466,P108,Tea Set,3,2011-01-27 19:00:00,18.05,12348,Australia,False,False,False,54.150000000000006,54.150000000000006,0.0,102466,2011,2011-01,Thursday,3,19,True
102466,P101,Ceramic Mug,7,2011-01-27 19:00:00,8.23,12348,United Kingdom,False,False,False,57.61,57.61,0.0,102466,2011,2011-01,Thursday,3,19,True
102466,P100,Gift Box,1,2011-01-27 19:00:00,4.85,12348,France,False,False,False,4.85,4.85,0.0,102466,2011,2011-01,Thursday,3,19,True
102467,P103,Wall Clock,8,2010-12-14 19:00:00,11.93,12170,Netherlands,False,False,False,95.44,95.44,0.0,102467,2010,2010-12,Tuesday,1,19,True
102467,P101,Ceramic Mug,2,2010-12-14 19:00:00,7.0,12170,Netherlands,False,False,False,14.0,14.0,0.0,102467,2010,2010-12,Tuesday,1,19,True
102467,P111,Serving Bowl,3,2010-12-14 19:00:00,14.14,12170,United Kingdom,False,False,False,42.42,42.42,0.0,102467,2010,2010-12,Tuesday,1,19,True
102467,P100,Gift Box,38,2010-12-14 19:00:00,5.03,12170,Australia,False,False,False,191.14000000000001,191.14000000000001,0.0,102467,2010,2010-12,Tuesday,1,19,True
102468,P106,Glass Jar,4,2011-04-17 13:00:00,5.94,12368,India,False,False,False,23.76,23.76,0.0,102468,2011,2011-04,Sunday,6,13,True
102468,P101,Ceramic Mug,3,2011-04-17 13:00:00,6.94,12368,Germany,False,False,False,20.82,20.82,0.0,102468,2011,2011-04,Sunday,6,13,True
102468,P103,Wall Clock,5,2011-04-17 13:00:00,14.37,12368,United Kingdom,False,False,False,71.85,71.85,0.0,102468,2011,2011-04,Sunday,6,13,True
102469,P106,Glass Jar,1,2011-04-04 19:00:00,5.21,12019,United Kingdom,False,False,False,5.21,5.21,0.0,102469,2011,2011-04,Monday,0,19,True
102469,P103,Wall Clock,2,2011-04-04 19:00:00,12.88,12019,France,False,False,False,25.76,25.76,0.0,102469,2011,2011-04,Monday,0,19,True
102469,P108,Tea Set,5,2011-04-04 19:00:00,18.48,12019,Germany,False,False,False,92.4,92.4,0.0,102469,2011,2011-04,Monday,0,19,True
102470,P105,Tote Bag,1,2010-12-07 18:00:00,6.06,12326,Netherlands,False,False,False,6.06,6.06,0.0,102470,2010,2010-12,Tuesday,1,18,True
102471,P102,Notebook,10,2011-03-19 09:00:00,3.59,12141,United Kingdom,False,False,False,35.9,35.9,0.0,102471,2011,2011-03,Saturday,5,9,True
102471,P111,Serving Bowl,1,2011-03-19 09:00:00,14.54,12141,Spain,False,False,False,14.54,14.54,0.0,102471,2011,2011-03,Saturday,5,9,True
102471,P106,Glass Jar,1,2011-03-19 09:00:00,5.2,12141,Germany,False,False,False,5.2,5.2,0.0,102471,2011,2011-03,Saturday,5,9,True
102471,P108,Tea Set,2,2011-03-19 09:00:00,18.55,12141,Spain,False,False,False,37.1,37.1,0.0,102471,2011,2011-03,Saturday,5,9,True
102472,P110,Gift Wrap,3,2011-11-01 17:00:00,2.45,12542,United Kingdom,False,False,False,7.3500000000000005,7.3500000000000005,0.0,102472,2011,2011-11,Tuesday,1,17,True
102473,P100,Gift Box,4,2011-03-29 14:00:00,4.24,12394,United Kingdom,False,False,False,16.96,16.96,0.0,102473,2011,2011-03,Tuesday,1,14,True
102474,P100,Gift Box,11,2011-01-24 15:00:00,4.34,12345,India,False,False,False,47.739999999999995,47.739999999999995,0.0,102474,2011,2011-01,Monday,0,15,True
102474,P109,Desk Organizer,1,2011-01-24 15:00:00,10.44,12345,Spain,False,False,False,10.44,10.44,0.0,102474,2011,2011-01,Monday,0,15,True
102475,P105,Tote Bag,4,2010-12-27 16:00:00,6.63,12681,Netherlands,False,False,False,26.52,26.52,0.0,102475,2010,2010-12,Monday,0,16,True
102475,P104,Candle Set,2,2010-12-27 16:00:00,9.18,12681,United Kingdom,False,False,False,18.36,18.36,0.0,102475,2010,2010-12,Monday,0,16,True
102475,P106,Glass Jar,14,2010-12-27 16:00:00,6.31,12681,United Kingdom,False,False,False,88.33999999999999,88.33999999999999,0.0,102475,2010,2010-12,Monday,0,16,True
102476,P108,Tea Set,1,2011-08-04 08:00:00,17.25,12226,Netherlands,False,False,False,17.25,17.25,0.0,102476,2011,2011-08,Thursday,3,8,True
102476,P109,Desk Organizer,3,2011-08-04 08:00:00,12.35,12226,Netherlands,False,False,False,37.05,37.05,0.0,102476,2011,2011-08,Thursday,3,8,True
102476,P106,Glass Jar,7,2011-08-04 08:00:00,6.07,12226,France,False,False,False,42.49,42.49,0.0,102476,2011,2011-08,Thursday,3,8,True
102477,P104,Candle Set,1,2011-08-07 12:00:00,9.6,12108,United Kingdom,False,False,False,9.6,9.6,0.0,102477,2011,2011-08,Sunday,6,12,True
102477,P109,Desk Organizer,4,2011-08-07 12:00:00,10.11,12108,United Kingdom,False,False,False,40.44,40.44,0.0,102477,2011,2011-08,Sunday,6,12,True
102477,P100,Gift Box,1,2011-08-07 12:00:00,4.89,12108,Netherlands,False,False,False,4.89,4.89,0.0,102477,2011,2011-08,Sunday,6,12,True
102477,P108,Tea Set,4,2011-08-07 12:00:00,18.06,12108,United Kingdom,False,False,False,72.24,72.24,0.0,102477,2011,2011-08,Sunday,6,12,True
102478,P110,Gift Wrap,1,2011-06-22 16:00:00,2.21,12475,Australia,False,False,False,2.21,2.21,0.0,102478,2011,2011-06,Wednesday,2,16,True
102478,P109,Desk Organizer,9,2011-06-22 16:00:00,12.48,12475,France,False,False,False,112.32000000000001,112.32000000000001,0.0,102478,2011,2011-06,Wednesday,2,16,True
102478,P108,Tea Set,5,2011-06-22 16:00:00,18.41,12475,Spain,False,False,False,92.05,92.05,0.0,102478,2011,2011-06,Wednesday,2,16,True
102479,P100,Gift Box,3,2011-10-17 17:00:00,4.15,12559,France,False,False,False,12.450000000000001,12.450000000000001,0.0,102479,2011,2011-10,Monday,0,17,True
102479,P102,Notebook,1,2011-10-17 17:00:00,4.37,12559,United Kingdom,False,False,False,4.37,4.37,0.0,102479,2011,2011-10,Monday,0,17,True
102480,P100,Gift Box,5,2011-05-10 11:00:00,5.07,12470,Spain,False,False,False,25.35,25.35,0.0,102480,2011,2011-05,Tuesday,1,11,True
102480,P110,Gift Wrap,3,2011-05-10 11:00:00,2.36,12470,Spain,False,False,False,7.08,7.08,0.0,102480,2011,2011-05,Tuesday,1,11,True
102481,P101,Ceramic Mug,7,2011-08-17 11:00:00,7.44,12224,India,False,False,False,52.080000000000005,52.080000000000005,0.0,102481,2011,2011-08,Wednesday,2,11,True
102481,P104,Candle Set,2,2011-08-17 11:00:00,10.62,12224,Netherlands,False,False,False,21.24,21.24,0.0,102481,2011,2011-08,Wednesday,2,11,True
102481,P106,Glass Jar,1,2011-08-17 11:00:00,5.27,12224,Spain,False,False,False,5.27,5.27,0.0,102481,2011,2011-08,Wednesday,2,11,True
102481,P107,Photo Frame,1,2011-08-17 11:00:00,7.71,12224,Netherlands,False,False,False,7.71,7.71,0.0,102481,2011,2011-08,Wednesday,2,11,True
102482,P103,Wall Clock,16,2011-03-21 19:00:00,14.34,12463,Spain,False,False,False,229.44,229.44,0.0,102482,2011,2011-03,Monday,0,19,True
102482,P111,Serving Bowl,5,2011-03-21 19:00:00,16.05,12463,Australia,False,False,False,80.25,80.25,0.0,102482,2011,2011-03,Monday,0,19,True
102483,P101,Ceramic Mug,14,2011-05-08 17:00:00,7.4,12076,Australia,False,False,False,103.60000000000001,103.60000000000001,0.0,102483,2011,2011-05,Sunday,6,17,True
102484,P111,Serving Bowl,1,2011-04-22 16:00:00,13.46,12649,France,False,False,False,13.46,13.46,0.0,102484,2011,2011-04,Friday,4,16,True
102485,P108,Tea Set,3,2011-09-19 19:00:00,18.47,12059,United Kingdom,False,False,False,55.41,55.41,0.0,102485,2011,2011-09,Monday,0,19,True
102485,P103,Wall Clock,1,2011-09-19 19:00:00,14.22,12059,Netherlands,False,False,False,14.22,14.22,0.0,102485,2011,2011-09,Monday,0,19,True
102486,P111,Serving Bowl,3,2011-01-27 13:00:00,13.2,12618,France,False,False,False,39.599999999999994,39.599999999999994,0.0,102486,2011,2011-01,Thursday,3,13,True
102487,P101,Ceramic Mug,3,2011-08-19 09:00:00,6.6,12496,France,False,False,False,19.799999999999997,19.799999999999997,0.0,102487,2011,2011-08,Friday,4,9,True
102488,P100,Gift Box,3,2011-10-18 17:00:00,5.16,12051,United Kingdom,False,False,False,15.48,15.48,0.0,102488,2011,2011-10,Tuesday,1,17,True
102488,P104,Candle Set,4,2011-10-18 17:00:00,9.6,12051,Australia,False,False,False,38.4,38.4,0.0,102488,2011,2011-10,Tuesday,1,17,True
102489,P100,Gift Box,5,2011-01-08 08:00:00,4.7,12206,France,False,False,False,23.5,23.5,0.0,102489,2011,2011-01,Saturday,5,8,True
102490,P108,Tea Set,1,2011-11-11 12:00:00,18.14,12127,France,False,False,False,18.14,18.14,0.0,102490,2011,2011-11,Friday,4,12,True
102491,P106,Glass Jar,6,2011-09-04 16:00:00,5.29,12075,France,False,False,False,31.740000000000002,31.740000000000002,0.0,102491,2011,2011-09,Sunday,6,16,True
102491,P101,Ceramic Mug,1,2011-09-04 16:00:00,7.05,12075,India,False,False,False,7.05,7.05,0.0,102491,2011,2011-09,Sunday,6,16,True
102491,P109,Desk Organizer,4,2011-09-04 16:00:00,12.45,12075,India,False,False,False,49.8,49.8,0.0,102491,2011,2011-09,Sunday,6,16,True
102491,P104,Candle Set,1,2011-09-04 16:00:00,9.93,12075,Germany,False,False,False,9.93,9.93,0.0,102491,2011,2011-09,Sunday,6,16,True
102492,P110,Gift Wrap,7,2011-01-28 10:00:00,2.17,12011,Germany,False,False,False,15.19,15.19,0.0,102492,2011,2011-01,Friday,4,10,True
102493,P111,Serving Bowl,3,2011-01-07 19:00:00,16.26,12360,Spain,False,False,False,48.78,48.78,0.0,102493,2011,2011-01,Friday,4,19,True
102494,P106,Glass Jar,7,2011-12-05 18:00:00,6.23,12010,United Kingdom,False,False,False,43.61,43.61,0.0,102494,2011,2011-12,Monday,0,18,True
102494,P109,Desk Organizer,2,2011-12-05 18:00:00,10.69,12010,France,False,False,False,21.38,21.38,0.0,102494,2011,2011-12,Monday,0,18,True
102494,P103,Wall Clock,3,2011-12-05 18:00:00,12.45,12010,Germany,False,False,False,37.349999999999994,37.349999999999994,0.0,102494,2011,2011-12,Monday,0,18,True
102495,P104,Candle Set,2,2011-04-06 19:00:00,9.21,12659,United Kingdom,False,False,False,18.42,18.42,0.0,102495,2011,2011-04,Wednesday,2,19,True
102495,P110,Gift Wrap,7,2011-04-06 19:00:00,2.55,12659,France,False,False,False,17.849999999999998,17.849999999999998,0.0,102495,2011,2011-04,Wednesday,2,19,True
102496,P103,Wall Clock,4,2011-04-13 18:00:00,14.26,12063,Netherlands,False,False,False,57.04,57.04,0.0,102496,2011,2011-04,Wednesday,2,18,True
102496,P110,Gift Wrap,1,2011-04-13 18:00:00,2.63,12063,Germany,False,False,False,2.63,2.63,0.0,102496,2011,2011-04,Wednesday,2,18,True
102496,P106,Glass Jar,4,2011-04-13 18:00:00,5.12,12063,United Kingdom,False,False,False,20.48,20.48,0.0,102496,2011,2011-04,Wednesday,2,18,True
102497,P100,Gift Box,2,2011-02-03 17:00:00,4.25,12188,Australia,False,False,False,8.5,8.5,0.0,102497,2011,2011-02,Thursday,3,17,True
102498,P105,Tote Bag,3,2011-06-08 16:00:00,5.96,12006,Australia,False,False,False,17.88,17.88,0.0,102498,2011,2011-06,Wednesday,2,16,True
102498,P100,Gift Box,3,2011-06-08 16:00:00,4.88,12006,Netherlands,False,False,False,14.64,14.64,0.0,102498,2011,2011-06,Wednesday,2,16,True
102499,P105,Tote Bag,14,2011-07-01 15:00:00,6.34,12271,France,False,False,False,88.75999999999999,88.75999999999999,0.0,102499,2011,2011-07,Friday,4,15,True
102499,P106,Glass Jar,3,2011-07-01 15:00:00,5.52,12271,Netherlands,False,False,False,16.56,16.56,0.0,102499,2011,2011-07,Friday,4,15,True
102499,P108,Tea Set,4,2011-07-01 15:00:00,17.56,12271,Spain,False,False,False,70.24,70.24,0.0,102499,2011,2011-07,Friday,4,15,True
102499,P104,Candle Set,10,2011-07-01 15:00:00,9.7,12271,United Kingdom,False,False,False,97.0,97.0,0.0,102499,2011,2011-07,Friday,4,15,True
C300001,P106,Glass Jar,-1,2011-10-03 09:00:00,5.28,12192,India,True,False,True,-5.28,0.0,5.28,300001,2011,2011-10,Monday,0,9,True
C300001,P100,Gift Box,-1,2011-10-03 09:00:00,4.17,12192,France,True,False,True,-4.17,0.0,4.17,300001,2011,2011-10,Monday,0,9,True
C300003,P102,Notebook,-1,2011-06-07 09:00:00,3.62,12446,India,True,False,True,-3.62,0.0,3.62,300003,2011,2011-06,Tuesday,1,9,True
C300003,P100,Gift Box,-4,2011-06-07 09:00:00,4.23,12446,Spain,True,False,True,-16.92,0.0,16.92,300003,2011,2011-06,Tuesday,1,9,True
C300003,P109,Desk Organizer,-3,2011-06-07 09:00:00,10.34,12446,India,True,False,True,-31.02,0.0,31.02,300003,2011,2011-06,Tuesday,1,9,True
C300006,P103,Wall Clock,-1,2011-09-20 10:00:00,11.8,12062,Spain,True,False,True,-11.8,0.0,11.8,300006,2011,2011-09,Tuesday,1,10,True
C300006,P104,Candle Set,-3,2011-09-20 10:00:00,11.08,12062,France,True,False,True,-33.24,0.0,33.24,300006,2011,2011-09,Tuesday,1,10,True
C300006,P111,Serving Bowl,-2,2011-09-20 10:00:00,14.31,12062,Spain,True,False,True,-28.62,0.0,28.62,300006,2011,2011-09,Tuesday,1,10,True
C300006,P107,Photo Frame,-14,2011-09-20 10:00:00,8.4,12062,India,True,False,True,-117.60000000000001,0.0,117.60000000000001,300006,2011,2011-09,Tuesday,1,10,True
C300010,P104,Candle Set,-2,2011-04-08 19:00:00,9.21,12659,United Kingdom,True,False,True,-18.42,0.0,18.42,300010,2011,2011-04,Friday,4,19,True
C300010,P110,Gift Wrap,-7,2011-04-08 19:00:00,2.55,12659,France,True,False,True,-17.849999999999998,0.0,17.849999999999998,300010,2011,2011-04,Friday,4,19,True
C300012,P106,Glass Jar,-21,2011-10-30 16:00:00,6.11,12004,Germany,True,False,True,-128.31,0.0,128.31,300012,2011,2011-10,Sunday,6,16,True
C300012,P103,Wall Clock,-2,2011-10-30 16:00:00,12.48,12004,Spain,True,False,True,-24.96,0.0,24.96,300012,2011,2011-10,Sunday,6,16,True
C300012,P110,Gift Wrap,-5,2011-10-30 16:00:00,2.48,12004,Spain,True,False,True,-12.4,0.0,12.4,300012,2011,2011-10,Sunday,6,16,True
C300012,P104,Candle Set,-1,2011-10-30 16:00:00,9.16,12004,Netherlands,True,False,True,-9.16,0.0,9.16,300012,2011,2011-10,Sunday,6,16,True
C300016,P102,Notebook,-9,2011-09-17 12:00:00,3.71,12127,Netherlands,True,False,True,-33.39,0.0,33.39,300016,2011,2011-09,Saturday,5,12,True
C300016,P111,Serving Bowl,-16,2011-09-17 12:00:00,15.05,12127,France,True,False,True,-240.8,0.0,240.8,300016,2011,2011-09,Saturday,5,12,True
C300016,P110,Gift Wrap,-7,2011-09-17 12:00:00,2.65,12127,Spain,True,False,True,-18.55,0.0,18.55,300016,2011,2011-09,Saturday,5,12,True
C300019,P105,Tote Bag,-1,2011-09-08 09:00:00,5.87,12037,India,True,False,True,-5.87,0.0,5.87,300019,2011,2011-09,Thursday,3,9,True
C300020,P110,Gift Wrap,-8,2011-09-10 13:00:00,2.28,12020,France,True,False,True,-18.24,0.0,18.24,300020,2011,2011-09,Saturday,5,13,True
C300021,P111,Serving Bowl,-2,2011-06-15 18:00:00,14.56,12531,Germany,True,False,True,-29.12,0.0,29.12,300021,2011,2011-06,Wednesday,2,18,True
C300021,P104,Candle Set,-2,2011-06-15 18:00:00,9.01,12531,Australia,True,False,True,-18.02,0.0,18.02,300021,2011,2011-06,Wednesday,2,18,True
C300021,P110,Gift Wrap,-1,2011-06-15 18:00:00,2.4,12531,United Kingdom,True,False,True,-2.4,0.0,2.4,300021,2011,2011-06,Wednesday,2,18,True
C300024,P100,Gift Box,-2,2011-06-07 18:00:00,4.07,12073,Germany,True,False,True,-8.14,0.0,8.14,300024,2011,2011-06,Tuesday,1,18,True
C300024,P106,Glass Jar,-3,2011-06-07 18:00:00,5.51,12073,India,True,False,True,-16.53,0.0,16.53,300024,2011,2011-06,Tuesday,1,18,True
C300024,P111,Serving Bowl,-1,2011-06-07 18:00:00,15.87,12073,Netherlands,True,False,True,-15.87,0.0,15.87,300024,2011,2011-06,Tuesday,1,18,True
C300027,P109,Desk Organizer,-108,2011-11-21 16:00:00,12.04,12066,Spain,True,False,True,-1300.32,0.0,1300.32,300027,2011,2011-11,Monday,0,16,True
C300028,P111,Serving Bowl,-5,2011-10-25 16:00:00,13.11,12159,France,True,False,True,-65.55,0.0,65.55,300028,2011,2011-10,Tuesday,1,16,True
C300029,P100,Gift Box,-3,2011-01-23 12:00:00,5.01,12454,India,True,False,True,-15.03,0.0,15.03,300029,2011,2011-01,Sunday,6,12,True
C300029,P107,Photo Frame,-2,2011-01-23 12:00:00,8.32,12454,Netherlands,True,False,True,-16.64,0.0,16.64,300029,2011,2011-01,Sunday,6,12,True
C300029,P101,Ceramic Mug,-1,2011-01-23 12:00:00,7.75,12454,United Kingdom,True,False,True,-7.75,0.0,7.75,300029,2011,2011-01,Sunday,6,12,True
C300032,P101,Ceramic Mug,-1,2011-11-12 12:00:00,6.78,12055,Spain,True,False,True,-6.78,0.0,6.78,300032,2011,2011-11,Saturday,5,12,True
C300032,P109,Desk Organizer,-3,2011-11-12 12:00:00,12.28,12055,United Kingdom,True,False,True,-36.839999999999996,0.0,36.839999999999996,300032,2011,2011-11,Saturday,5,12,True
C300032,P104,Candle Set,-6,2011-11-12 12:00:00,9.95,12055,India,True,False,True,-59.699999999999996,0.0,59.699999999999996,300032,2011,2011-11,Saturday,5,12,True
C300035,P100,Gift Box,-16,2011-11-18 18:00:00,4.14,12288,United Kingdom,True,False,True,-66.24,0.0,66.24,300035,2011,2011-11,Friday,4,18,True
C300035,P105,Tote Bag,-3,2011-11-18 18:00:00,6.78,12288,Spain,True,False,True,-20.34,0.0,20.34,300035,2011,2011-11,Friday,4,18,True
C300037,P104,Candle Set,-1,2011-05-01 19:00:00,9.39,12192,Germany,True,False,True,-9.39,0.0,9.39,300037,2011,2011-05,Sunday,6,19,True
C300037,P109,Desk Organizer,-4,2011-05-01 19:00:00,10.25,12192,Netherlands,True,False,True,-41.0,0.0,41.0,300037,2011,2011-05,Sunday,6,19,True
C300037,P110,Gift Wrap,-2,2011-05-01 19:00:00,2.6,12192,France,True,False,True,-5.2,0.0,5.2,300037,2011,2011-05,Sunday,6,19,True
C300037,P105,Tote Bag,-2,2011-05-01 19:00:00,7.01,12192,United Kingdom,True,False,True,-14.02,0.0,14.02,300037,2011,2011-05,Sunday,6,19,True
C300041,P104,Candle Set,-4,2011-07-28 15:00:00,10.09,12659,India,True,False,True,-40.36,0.0,40.36,300041,2011,2011-07,Thursday,3,15,True
C300041,P110,Gift Wrap,-3,2011-07-28 15:00:00,2.53,12659,United Kingdom,True,False,True,-7.59,0.0,7.59,300041,2011,2011-07,Thursday,3,15,True
C300043,P108,Tea Set,-17,2011-06-11 08:00:00,18.17,12012,United Kingdom,True,False,True,-308.89000000000004,0.0,308.89000000000004,300043,2011,2011-06,Saturday,5,8,True
C300043,P107,Photo Frame,-3,2011-06-11 08:00:00,7.61,12012,Spain,True,False,True,-22.830000000000002,0.0,22.830000000000002,300043,2011,2011-06,Saturday,5,8,True
C300043,P103,Wall Clock,-14,2011-06-11 08:00:00,13.39,12012,Spain,True,False,True,-187.46,0.0,187.46,300043,2011,2011-06,Saturday,5,8,True
C300043,P104,Candle Set,-3,2011-06-11 08:00:00,11.13,12012,India,True,False,True,-33.39,0.0,33.39,300043,2011,2011-06,Saturday,5,8,True
C300047,P100,Gift Box,-7,2011-08-29 09:00:00,4.28,12197,India,True,False,True,-29.96,0.0,29.96,300047,2011,2011-08,Monday,0,9,True
C300047,P103,Wall Clock,-1,2011-08-29 09:00:00,12.52,12197,Australia,True,False,True,-12.52,0.0,12.52,300047,2011,2011-08,Monday,0,9,True
C300047,P105,Tote Bag,-3,2011-08-29 09:00:00,6.65,12197,Netherlands,True,False,True,-19.950000000000003,0.0,19.950000000000003,300047,2011,2011-08,Monday,0,9,True
C300050,P109,Desk Organizer,-1,2011-11-28 13:00:00,11.48,12053,India,True,False,True,-11.48,0.0,11.48,300050,2011,2011-11,Monday,0,13,True
C300050,P105,Tote Bag,-1,2011-11-28 13:00:00,6.67,12053,Spain,True,False,True,-6.67,0.0,6.67,300050,2011,2011-11,Monday,0,13,True
C300052,P100,Gift Box,-2,2011-11-13 09:00:00,5.02,12066,Germany,True,False,True,-10.04,0.0,10.04,300052,2011,2011-11,Sunday,6,9,True
C300053,P100,Gift Box,-12,2011-01-07 15:00:00,5.09,12170,Spain,True,False,True,-61.08,0.0,61.08,300053,2011,2011-01,Friday,4,15,True
C300053,P102,Notebook,-2,2011-01-07 15:00:00,3.83,12170,Australia,True,False,True,-7.66,0.0,7.66,300053,2011,2011-01,Friday,4,15,True
C300053,P103,Wall Clock,-4,2011-01-07 15:00:00,12.22,12170,Spain,True,False,True,-48.88,0.0,48.88,300053,2011,2011-01,Friday,4,15,True
C300053,P108,Tea Set,-5,2011-01-07 15:00:00,19.0,12170,Spain,True,False,True,-95.0,0.0,95.0,300053,2011,2011-01,Friday,4,15,True
C300057,P111,Serving Bowl,-1,2011-03-11 14:00:00,13.76,12641,Australia,True,False,True,-13.76,0.0,13.76,300057,2011,2011-03,Friday,4,14,True
C300057,P103,Wall Clock,-1,2011-03-11 14:00:00,13.43,12641,Australia,True,False,True,-13.43,0.0,13.43,300057,2011,2011-03,Friday,4,14,True
C300057,P102,Notebook,-7,2011-03-11 14:00:00,4.04,12641,Australia,True,False,True,-28.28,0.0,28.28,300057,2011,2011-03,Friday,4,14,True
C300057,P104,Candle Set,-5,2011-03-11 14:00:00,9.55,12641,Australia,True,False,True,-47.75,0.0,47.75,300057,2011,2011-03,Friday,4,14,True
C300061,P104,Candle Set,-2,2011-01-04 18:00:00,9.84,12042,France,True,False,True,-19.68,0.0,19.68,300061,2011,2011-01,Tuesday,1,18,True
C300061,P100,Gift Box,-17,2011-01-04 18:00:00,5.12,12042,France,True,False,True,-87.04,0.0,87.04,300061,2011,2011-01,Tuesday,1,18,True
C300061,P111,Serving Bowl,-3,2011-01-04 18:00:00,15.05,12042,Netherlands,True,False,True,-45.150000000000006,0.0,45.150000000000006,300061,2011,2011-01,Tuesday,1,18,True
C300061,P106,Glass Jar,-1,2011-01-04 18:00:00,5.19,12042,United Kingdom,True,False,True,-5.19,0.0,5.19,300061,2011,2011-01,Tuesday,1,18,True
C300065,P111,Serving Bowl,-4,2011-06-17 15:00:00,16.16,12632,France,True,False,True,-64.64,0.0,64.64,300065,2011,2011-06,Friday,4,15,True
C300066,P101,Ceramic Mug,-2,2011-12-13 12:00:00,6.9,12584,United Kingdom,True,False,True,-13.8,0.0,13.8,300066,2011,2011-12,Tuesday,1,12,True
C300067,P102,Notebook,-3,2011-02-17 08:00:00,4.17,12329,Australia,True,False,True,-12.51,0.0,12.51,300067,2011,2011-02,Thursday,3,8,True
C300067,P105,Tote Bag,-6,2011-02-17 08:00:00,6.76,12329,Spain,True,False,True,-40.56,0.0,40.56,300067,2011,2011-02,Thursday,3,8,True
C300067,P100,Gift Box,-1,2011-02-17 08:00:00,4.29,12329,Spain,True,False,True,-4.29,0.0,4.29,300067,2011,2011-02,Thursday,3,8,True
C300070,P107,Photo Frame,-42,2011-04-12 14:00:00,9.19,12082,India,True,False,True,-385.97999999999996,0.0,385.97999999999996,300070,2011,2011-04,Tuesday,1,14,True
C300070,P102,Notebook,-3,2011-04-12 14:00:00,4.16,12082,United Kingdom,True,False,True,-12.48,0.0,12.48,300070,2011,2011-04,Tuesday,1,14,True
C300070,P106,Glass Jar,-2,2011-04-12 14:00:00,5.19,12082,Germany,True,False,True,-10.38,0.0,10.38,300070,2011,2011-04,Tuesday,1,14,True
C300073,P107,Photo Frame,-2,2011-11-12 10:00:00,9.18,12043,Spain,True,False,True,-18.36,0.0,18.36,300073,2011,2011-11,Saturday,5,10,True
C300073,P111,Serving Bowl,-1,2011-11-12 10:00:00,15.27,12043,India,True,False,True,-15.27,0.0,15.27,300073,2011,2011-11,Saturday,5,10,True
C300073,P100,Gift Box,-1,2011-11-12 10:00:00,4.18,12043,United Kingdom,True,False,True,-4.18,0.0,4.18,300073,2011,2011-11,Saturday,5,10,True
C300076,P103,Wall Clock,-6,2011-07-09 10:00:00,13.52,12002,United Kingdom,True,False,True,-81.12,0.0,81.12,300076,2011,2011-07,Saturday,5,10,True
C300076,P109,Desk Organizer,-1,2011-07-09 10:00:00,10.73,12002,Netherlands,True,False,True,-10.73,0.0,10.73,300076,2011,2011-07,Saturday,5,10,True
C300076,P106,Glass Jar,-12,2011-07-09 10:00:00,5.26,12002,Spain,True,False,True,-63.12,0.0,63.12,300076,2011,2011-07,Saturday,5,10,True
C300079,P104,Candle Set,-1,2010-12-23 11:00:00,11.1,12688,France,True,False,True,-11.1,0.0,11.1,300079,2010,2010-12,Thursday,3,11,True
C300079,P109,Desk Organizer,-2,2010-12-23 11:00:00,9.91,12688,Australia,True,False,True,-19.82,0.0,19.82,300079,2010,2010-12,Thursday,3,11,True
C300079,P110,Gift Wrap,-4,2010-12-23 11:00:00,2.76,12688,Australia,True,False,True,-11.04,0.0,11.04,300079,2010,2010-12,Thursday,3,11,True
C300082,P103,Wall Clock,-4,2011-10-11 17:00:00,13.38,12588,Germany,True,False,True,-53.52,0.0,53.52,300082,2011,2011-10,Tuesday,1,17,True
C300082,P109,Desk Organizer,-4,2011-10-11 17:00:00,12.52,12588,Australia,True,False,True,-50.08,0.0,50.08,300082,2011,2011-10,Tuesday,1,17,True
C300082,P104,Candle Set,-5,2011-10-11 17:00:00,9.85,12588,Netherlands,True,False,True,-49.25,0.0,49.25,300082,2011,2011-10,Tuesday,1,17,True
C300085,P111,Serving Bowl,-1,2011-05-10 16:00:00,13.46,12649,France,True,False,True,-13.46,0.0,13.46,300085,2011,2011-05,Tuesday,1,16,True
C300086,P102,Notebook,-1,2011-10-26 16:00:00,4.25,12025,Spain,True,False,True,-4.25,0.0,4.25,300086,2011,2011-10,Wednesday,2,16,True
C300087,P104,Candle Set,-6,2011-05-20 11:00:00,9.28,12660,Germany,True,False,True,-55.67999999999999,0.0,55.67999999999999,300087,2011,2011-05,Friday,4,11,True
C300087,P105,Tote Bag,-7,2011-05-20 11:00:00,7.32,12660,India,True,False,True,-51.24,0.0,51.24,300087,2011,2011-05,Friday,4,11,True
C300087,P110,Gift Wrap,-12,2011-05-20 11:00:00,2.54,12660,Australia,True,False,True,-30.48,0.0,30.48,300087,2011,2011-05,Friday,4,11,True
C300090,P102,Notebook,-2,2011-03-07 15:00:00,3.81,12007,France,True,False,True,-7.62,0.0,7.62,300090,2011,2011-03,Monday,0,15,True
C300090,P108,Tea Set,-2,2011-03-07 15:00:00,20.51,12007,India,True,False,True,-41.02,0.0,41.02,300090,2011,2011-03,Monday,0,15,True
C300092,P110,Gift Wrap,-2,2011-04-12 14:00:00,2.67,12026,France,True,False,True,-5.34,0.0,5.34,300092,2011,2011-04,Tuesday,1,14,True
C300093,P101,Ceramic Mug,-1,2011-10-26 15:00:00,6.88,12239,United Kingdom,True,False,True,-6.88,0.0,6.88,300093,2011,2011-10,Wednesday,2,15,True
C300093,P103,Wall Clock,-5,2011-10-26 15:00:00,14.3,12239,Netherlands,True,False,True,-71.5,0.0,71.5,300093,2011,2011-10,Wednesday,2,15,True
C300093,P104,Candle Set,-3,2011-10-26 15:00:00,8.92,12239,France,True,False,True,-26.759999999999998,0.0,26.759999999999998,300093,2011,2011-10,Wednesday,2,15,True
C300093,P111,Serving Bowl,-1,2011-10-26 15:00:00,15.42,12239,Australia,True,False,True,-15.42,0.0,15.42,300093,2011,2011-10,Wednesday,2,15,True
C300097,P103,Wall Clock,-2,2011-06-18 11:00:00,13.88,12014,Germany,True,False,True,-27.76,0.0,27.76,300097,2011,2011-06,Saturday,5,11,True
C300098,P103,Wall Clock,-1,2011-05-30 17:00:00,11.7,12067,United Kingdom,True,False,True,-11.7,0.0,11.7,300098,2011,2011-05,Monday,0,17,True
C300098,P100,Gift Box,-2,2011-05-30 17:00:00,4.89,12067,Netherlands,True,False,True,-9.78,0.0,9.78,300098,2011,2011-05,Monday,0,17,True
C300100,P105,Tote Bag,-1,2011-08-09 16:00:00,7.14,12214,Germany,True,False,True,-7.14,0.0,7.14,300100,2011,2011-08,Tuesday,1,16,True
C300100,P100,Gift Box,-3,2011-08-09 16:00:00,5.13,12214,France,True,False,True,-15.39,0.0,15.39,300100,2011,2011-08,Tuesday,1,16,True
C300100,P102,Notebook,-7,2011-08-09 16:00:00,3.54,12214,India,True,False,True,-24.78,0.0,24.78,300100,2011,2011-08,Tuesday,1,16,True
C300103,P105,Tote Bag,-6,2011-10-05 18:00:00,6.41,12518,Germany,True,False,True,-38.46,0.0,38.46,300103,2011,2011-10,Wednesday,2,18,True
C300103,P100,Gift Box,-2,2011-10-05 18:00:00,4.2,12518,India,True,False,True,-8.4,0.0,8.4,300103,2011,2011-10,Wednesday,2,18,True
C300103,P111,Serving Bowl,-2,2011-10-05 18:00:00,15.6,12518,Australia,True,False,True,-31.2,0.0,31.2,300103,2011,2011-10,Wednesday,2,18,True
C300103,P103,Wall Clock,-4,2011-10-05 18:00:00,14.25,12518,United Kingdom,True,False,True,-57.0,0.0,57.0,300103,2011,2011-10,Wednesday,2,18,True
C300107,P104,Candle Set,-3,2011-02-13 13:00:00,9.51,12035,United Kingdom,True,False,True,-28.53,0.0,28.53,300107,2011,2011-02,Sunday,6,13,True
C300107,P111,Serving Bowl,-7,2011-02-13 13:00:00,15.64,12035,Netherlands,True,False,True,-109.48,0.0,109.48,300107,2011,2011-02,Sunday,6,13,True
C300107,P100,Gift Box,-39,2011-02-13 13:00:00,4.11,12035,India,True,False,True,-160.29000000000002,0.0,160.29000000000002,300107,2011,2011-02,Sunday,6,13,True
C300107,P105,Tote Bag,-4,2011-02-13 13:00:00,7.12,12035,Netherlands,True,False,True,-28.48,0.0,28.48,300107,2011,2011-02,Sunday,6,13,True
C300111,P104,Candle Set,-2,2011-05-10 16:00:00,9.98,12657,Spain,True,False,True,-19.96,0.0,19.96,300111,2011,2011-05,Tuesday,1,16,True
C300111,P108,Tea Set,-1,2011-05-10 16:00:00,18.32,12657,United Kingdom,True,False,True,-18.32,0.0,18.32,300111,2011,2011-05,Tuesday,1,16,True
C300111,P111,Serving Bowl,-1,2011-05-10 16:00:00,14.94,12657,France,True,False,True,-14.94,0.0,14.94,300111,2011,2011-05,Tuesday,1,16,True
C300114,P102,Notebook,-1,2011-10-07 14:00:00,3.5,12274,United Kingdom,True,False,True,-3.5,0.0,3.5,300114,2011,2011-10,Friday,4,14,True
C300115,P111,Serving Bowl,-1,2011-10-18 12:00:00,15.14,12284,Australia,True,False,True,-15.14,0.0,15.14,300115,2011,2011-10,Tuesday,1,12,True
C300115,P103,Wall Clock,-4,2011-10-18 12:00:00,11.37,12284,Netherlands,True,False,True,-45.48,0.0,45.48,300115,2011,2011-10,Tuesday,1,12,True
C300115,P102,Notebook,-16,2011-10-18 12:00:00,4.35,12284,Australia,True,False,True,-69.6,0.0,69.6,300115,2011,2011-10,Tuesday,1,12,True
C300115,P107,Photo Frame,-3,2011-10-18 12:00:00,8.3,12284,Australia,True,False,True,-24.900000000000002,0.0,24.900000000000002,300115,2011,2011-10,Tuesday,1,12,True
C300119,P102,Notebook,-4,2011-05-18 19:00:00,4.3,12020,Germany,True,False,True,-17.2,0.0,17.2,300119,2011,2011-05,Wednesday,2,19,True
C300119,P110,Gift Wrap,-8,2011-05-18 19:00:00,2.55,12020,United Kingdom,True,False,True,-20.4,0.0,20.4,300119,2011,2011-05,Wednesday,2,19,True
C300121,P108,Tea Set,-3,2011-03-30 13:00:00,18.24,12499,Australia,True,False,True,-54.72,0.0,54.72,300121,2011,2011-03,Wednesday,2,13,True
C300121,P105,Tote Bag,-15,2011-03-30 13:00:00,6.23,12499,Netherlands,True,False,True,-93.45,0.0,93.45,300121,2011,2011-03,Wednesday,2,13,True
C300121,P103,Wall Clock,-1,2011-03-30 13:00:00,12.65,12499,Netherlands,True,False,True,-12.65,0.0,12.65,300121,2011,2011-03,Wednesday,2,13,True
C300121,P106,Glass Jar,-18,2011-03-30 13:00:00,5.56,12499,Germany,True,False,True,-100.08,0.0,100.08,300121,2011,2011-03,Wednesday,2,13,True
C300125,P105,Tote Bag,-2,2011-07-04 14:00:00,7.14,12517,Germany,True,False,True,-14.28,0.0,14.28,300125,2011,2011-07,Monday,0,14,True
C300125,P108,Tea Set,-10,2011-07-04 14:00:00,16.47,12517,Germany,True,False,True,-164.7,0.0,164.7,300125,2011,2011-07,Monday,0,14,True
C300125,P102,Notebook,-3,2011-07-04 14:00:00,3.51,12517,Germany,True,False,True,-10.53,0.0,10.53,300125,2011,2011-07,Monday,0,14,True
C300125,P107,Photo Frame,-4,2011-07-04 14:00:00,8.8,12517,Netherlands,True,False,True,-35.2,0.0,35.2,300125,2011,2011-07,Monday,0,14,True
C300129,P106,Glass Jar,-2,2011-06-29 16:00:00,5.09,12079,India,True,False,True,-10.18,0.0,10.18,300129,2011,2011-06,Wednesday,2,16,True
C300130,P105,Tote Bag,-3,2011-09-04 14:00:00,6.63,12304,Australia,True,False,True,-19.89,0.0,19.89,300130,2011,2011-09,Sunday,6,14,True
C300130,P102,Notebook,-4,2011-09-04 14:00:00,3.72,12304,France,True,False,True,-14.88,0.0,14.88,300130,2011,2011-09,Sunday,6,14,True
C300132,P111,Serving Bowl,-4,2011-05-18 11:00:00,15.63,12610,India,True,False,True,-62.52,0.0,62.52,300132,2011,2011-05,Wednesday,2,11,True
C300132,P106,Glass Jar,-3,2011-05-18 11:00:00,5.39,12610,Spain,True,False,True,-16.169999999999998,0.0,16.169999999999998,300132,2011,2011-05,Wednesday,2,11,True
C300132,P104,Candle Set,-6,2011-05-18 11:00:00,10.15,12610,Germany,True,False,True,-60.900000000000006,0.0,60.900000000000006,300132,2011,2011-05,Wednesday,2,11,True
C300135,P110,Gift Wrap,-8,2011-05-21 19:00:00,2.37,12008,Netherlands,True,False,True,-18.96,0.0,18.96,300135,2011,2011-05,Saturday,5,19,True
C300135,P104,Candle Set,-4,2011-05-21 19:00:00,10.62,12008,Spain,True,False,True,-42.48,0.0,42.48,300135,2011,2011-05,Saturday,5,19,True
C300135,P100,Gift Box,-1,2011-05-21 19:00:00,4.12,12008,Spain,True,False,True,-4.12,0.0,4.12,300135,2011,2011-05,Saturday,5,19,True
C300138,P110,Gift Wrap,-5,2011-03-10 16:00:00,2.35,12050,Spain,True,False,True,-11.75,0.0,11.75,300138,2011,2011-03,Thursday,3,16,True
C300138,P107,Photo Frame,-1,2011-03-10 16:00:00,9.35,12050,France,True,False,True,-9.35,0.0,9.35,300138,2011,2011-03,Thursday,3,16,True
C300138,P105,Tote Bag,-4,2011-03-10 16:00:00,6.19,12050,Spain,True,False,True,-24.76,0.0,24.76,300138,2011,2011-03,Thursday,3,16,True
C300138,P109,Desk Organizer,-7,2011-03-10 16:00:00,11.54,12050,Spain,True,False,True,-80.78,0.0,80.78,300138,2011,2011-03,Thursday,3,16,True
C300142,P101,Ceramic Mug,-5,2011-07-20 10:00:00,7.34,12669,United Kingdom,True,False,True,-36.7,0.0,36.7,300142,2011,2011-07,Wednesday,2,10,True
C300142,P109,Desk Organizer,-1,2011-07-20 10:00:00,10.25,12669,India,True,False,True,-10.25,0.0,10.25,300142,2011,2011-07,Wednesday,2,10,True
C300142,P103,Wall Clock,-3,2011-07-20 10:00:00,11.37,12669,Germany,True,False,True,-34.11,0.0,34.11,300142,2011,2011-07,Wednesday,2,10,True
C300145,P102,Notebook,-1,2011-11-09 17:00:00,4.13,12412,Spain,True,False,True,-4.13,0.0,4.13,300145,2011,2011-11,Wednesday,2,17,True
C300145,P108,Tea Set,-2,2011-11-09 17:00:00,18.33,12412,Spain,True,False,True,-36.66,0.0,36.66,300145,2011,2011-11,Wednesday,2,17,True
C300145,P106,Glass Jar,-4,2011-11-09 17:00:00,5.84,12412,Spain,True,False,True,-23.36,0.0,23.36,300145,2011,2011-11,Wednesday,2,17,True
C300145,P100,Gift Box,-8,2011-11-09 17:00:00,4.42,12412,Germany,True,False,True,-35.36,0.0,35.36,300145,2011,2011-11,Wednesday,2,17,True
C300149,P105,Tote Bag,-4,2011-02-24 14:00:00,6.89,12032,France,True,False,True,-27.56,0.0,27.56,300149,2011,2011-02,Thursday,3,14,True
C300149,P100,Gift Box,-4,2011-02-24 14:00:00,4.8,12032,Spain,True,False,True,-19.2,0.0,19.2,300149,2011,2011-02,Thursday,3,14,True
C300149,P102,Notebook,-2,2011-02-24 14:00:00,3.45,12032,United Kingdom,True,False,True,-6.9,0.0,6.9,300149,2011,2011-02,Thursday,3,14,True
C300152,P106,Glass Jar,-1,2011-08-06 08:00:00,5.48,12045,United Kingdom,True,False,True,-5.48,0.0,5.48,300152,2011,2011-08,Saturday,5,8,True
C300153,P101,Ceramic Mug,-2,2010-12-19 08:00:00,7.3,12038,France,True,False,True,-14.6,0.0,14.6,300153,2010,2010-12,Sunday,6,8,True
C300154,P100,Gift Box,-3,2011-05-15 11:00:00,4.79,12003,Netherlands,True,False,True,-14.370000000000001,0.0,14.370000000000001,300154,2011,2011-05,Sunday,6,11,True
C300154,P110,Gift Wrap,-1,2011-05-15 11:00:00,2.68,12003,Netherlands,True,False,True,-2.68,0.0,2.68,300154,2011,2011-05,Sunday,6,11,True
C300154,P101,Ceramic Mug,-1,2011-05-15 11:00:00,8.11,12003,Germany,True,False,True,-8.11,0.0,8.11,300154,2011,2011-05,Sunday,6,11,True
C300157,P110,Gift Wrap,-1,2011-02-03 16:00:00,2.47,12565,India,True,False,True,-2.47,0.0,2.47,300157,2011,2011-02,Thursday,3,16,True
C300157,P106,Glass Jar,-8,2011-02-03 16:00:00,5.27,12565,India,True,False,True,-42.16,0.0,42.16,300157,2011,2011-02,Thursday,3,16,True
C300157,P107,Photo Frame,-4,2011-02-03 16:00:00,7.44,12565,Spain,True,False,True,-29.76,0.0,29.76,300157,2011,2011-02,Thursday,3,16,True
C300157,P108,Tea Set,-4,2011-02-03 16:00:00,17.83,12565,Australia,True,False,True,-71.32,0.0,71.32,300157,2011,2011-02,Thursday,3,16,True
C300161,P104,Candle Set,-5,2011-03-30 12:00:00,10.19,12046,United Kingdom,True,False,True,-50.949999999999996,0.0,50.949999999999996,300161,2011,2011-03,Wednesday,2,12,True
C300161,P110,Gift Wrap,-4,2011-03-30 12:00:00,2.65,12046,Australia,True,False,True,-10.6,0.0,10.6,300161,2011,2011-03,Wednesday,2,12,True
C300161,P100,Gift Box,-3,2011-03-30 12:00:00,4.05,12046,United Kingdom,True,False,True,-12.149999999999999,0.0,12.149999999999999,300161,2011,2011-03,Wednesday,2,12,True
C300161,P106,Glass Jar,-2,2011-03-30 12:00:00,5.72,12046,Germany,True,False,True,-11.44,0.0,11.44,300161,2011,2011-03,Wednesday,2,12,True
C300165,P102,Notebook,-1,2011-11-10 13:00:00,4.14,12001,Netherlands,True,False,True,-4.14,0.0,4.14,300165,2011,2011-11,Thursday,3,13,True
C300166,P101,Ceramic Mug,-2,2011-06-06 17:00:00,7.22,12504,Spain,True,False,True,-14.44,0.0,14.44,300166,2011,2011-06,Monday,0,17,True
C300166,P104,Candle Set,-43,2011-06-06 17:00:00,9.85,12504,Netherlands,True,False,True,-423.55,0.0,423.55,300166,2011,2011-06,Monday,0,17,True
C300168,P109,Desk Organizer,-1,2011-07-11 14:00:00,10.74,12044,Netherlands,True,False,True,-10.74,0.0,10.74,300168,2011,2011-07,Monday,0,14,True
C300169,P106,Glass Jar,-5,2011-08-17 08:00:00,5.63,12102,Spain,True,False,True,-28.15,0.0,28.15,300169,2011,2011-08,Wednesday,2,8,True
C300170,P100,Gift Box,-1,2011-07-20 14:00:00,4.05,12035,Germany,True,False,True,-4.05,0.0,4.05,300170,2011,2011-07,Wednesday,2,14,True
C300170,P105,Tote Bag,-2,2011-07-20 14:00:00,6.92,12035,Spain,True,False,True,-13.84,0.0,13.84,300170,2011,2011-07,Wednesday,2,14,True
C300172,P107,Photo Frame,-1,2010-12-16 13:00:00,7.91,12019,United Kingdom,True,False,True,-7.91,0.0,7.91,300172,2010,2010-12,Thursday,3,13,True
C300172,P111,Serving Bowl,-4,2010-12-16 13:00:00,13.79,12019,Netherlands,True,False,True,-55.16,0.0,55.16,300172,2010,2010-12,Thursday,3,13,True
C300172,P100,Gift Box,-9,2010-12-16 13:00:00,5.17,12019,Netherlands,True,False,True,-46.53,0.0,46.53,300172,2010,2010-12,Thursday,3,13,True
C300172,P108,Tea Set,-3,2010-12-16 13:00:00,16.29,12019,Germany,True,False,True,-48.87,0.0,48.87,300172,2010,2010-12,Thursday,3,13,True
C300176,P107,Photo Frame,-1,2011-10-04 12:00:00,9.12,12031,Spain,True,False,True,-9.12,0.0,9.12,300176,2011,2011-10,Tuesday,1,12,True
C300176,P101,Ceramic Mug,-8,2011-10-04 12:00:00,8.05,12031,France,True,False,True,-64.4,0.0,64.4,300176,2011,2011-10,Tuesday,1,12,True
C300178,P100,Gift Box,-1,2011-03-10 15:00:00,4.54,12365,Netherlands,True,False,True,-4.54,0.0,4.54,300178,2011,2011-03,Thursday,3,15,True
C300178,P109,Desk Organizer,-5,2011-03-10 15:00:00,11.14,12365,Spain,True,False,True,-55.7,0.0,55.7,300178,2011,2011-03,Thursday,3,15,True
C300178,P104,Candle Set,-1,2011-03-10 15:00:00,9.24,12365,France,True,False,True,-9.24,0.0,9.24,300178,2011,2011-03,Thursday,3,15,True
C300181,P106,Glass Jar,-11,2011-10-23 17:00:00,6.08,12516,India,True,False,True,-66.88,0.0,66.88,300181,2011,2011-10,Sunday,6,17,True
C300182,P111,Serving Bowl,-4,2011-09-24 11:00:00,13.18,12203,Netherlands,True,False,True,-52.72,0.0,52.72,300182,2011,2011-09,Saturday,5,11,True
C300183,P108,Tea Set,-3,2011-06-05 13:00:00,16.43,12015,Germany,True,False,True,-49.29,0.0,49.29,300183,2011,2011-06,Sunday,6,13,True
C300183,P104,Candle Set,-2,2011-06-05 13:00:00,10.48,12015,Spain,True,False,True,-20.96,0.0,20.96,300183,2011,2011-06,Sunday,6,13,True
C300185,P105,Tote Bag,-5,2011-12-16 19:00:00,6.21,12052,United Kingdom,True,False,True,-31.05,0.0,31.05,300185,2011,2011-12,Friday,4,19,True
C300185,P111,Serving Bowl,-3,2011-12-16 19:00:00,15.92,12052,Netherlands,True,False,True,-47.76,0.0,47.76,300185,2011,2011-12,Friday,4,19,True
C300187,P106,Glass Jar,-1,2010-12-28 11:00:00,6.32,12372,Spain,True,False,True,-6.32,0.0,6.32,300187,2010,2010-12,Tuesday,1,11,True
C300187,P102,Notebook,-2,2010-12-28 11:00:00,3.61,12372,France,True,False,True,-7.22,0.0,7.22,300187,2010,2010-12,Tuesday,1,11,True
C300187,P107,Photo Frame,-5,2010-12-28 11:00:00,8.75,12372,Australia,True,False,True,-43.75,0.0,43.75,300187,2010,2010-12,Tuesday,1,11,True
C300187,P109,Desk Organizer,-2,2010-12-28 11:00:00,10.03,12372,France,True,False,True,-20.06,0.0,20.06,300187,2010,2010-12,Tuesday,1,11,True
C300191,P102,Notebook,-1,2011-11-27 09:00:00,3.78,12613,France,True,False,True,-3.78,0.0,3.78,300191,2011,2011-11,Sunday,6,9,True
C300191,P107,Photo Frame,-3,2011-11-27 09:00:00,7.69,12613,Netherlands,True,False,True,-23.07,0.0,23.07,300191,2011,2011-11,Sunday,6,9,True
C300191,P108,Tea Set,-4,2011-11-27 09:00:00,16.86,12613,United Kingdom,True,False,True,-67.44,0.0,67.44,300191,2011,2011-11,Sunday,6,9,True
C300194,P107,Photo Frame,-7,2011-07-09 09:00:00,9.06,12049,India,True,False,True,-63.42,0.0,63.42,300194,2011,2011-07,Saturday,5,9,True
C300195,P111,Serving Bowl,-2,2011-08-10 19:00:00,14.2,12422,Australia,True,False,True,-28.4,0.0,28.4,300195,2011,2011-08,Wednesday,2,19,True
C300196,P101,Ceramic Mug,-7,2011-02-19 19:00:00,7.0,12304,India,True,False,True,-49.0,0.0,49.0,300196,2011,2011-02,Saturday,5,19,True
C300196,P100,Gift Box,-9,2011-02-19 19:00:00,4.8,12304,India,True,False,True,-43.199999999999996,0.0,43.199999999999996,300196,2011,2011-02,Saturday,5,19,True
C300196,P107,Photo Frame,-7,2011-02-19 19:00:00,9.04,12304,Australia,True,False,True,-63.279999999999994,0.0,63.279999999999994,300196,2011,2011-02,Saturday,5,19,True
C300196,P111,Serving Bowl,-5,2011-02-19 19:00:00,14.13,12304,India,True,False,True,-70.65,0.0,70.65,300196,2011,2011-02,Saturday,5,19,True
C300200,P110,Gift Wrap,-1,2011-05-19 09:00:00,2.56,12030,Netherlands,True,False,True,-2.56,0.0,2.56,300200,2011,2011-05,Thursday,3,9,True
C300200,P105,Tote Bag,-4,2011-05-19 09:00:00,6.41,12030,Netherlands,True,False,True,-25.64,0.0,25.64,300200,2011,2011-05,Thursday,3,9,True
C300200,P104,Candle Set,-3,2011-05-19 09:00:00,11.0,12030,Netherlands,True,False,True,-33.0,0.0,33.0,300200,2011,2011-05,Thursday,3,9,True
C300200,P101,Ceramic Mug,-1,2011-05-19 09:00:00,7.83,12030,India,True,False,True,-7.83,0.0,7.83,300200,2011,2011-05,Thursday,3,9,True
C300204,P110,Gift Wrap,-1,2010-12-31 13:00:00,2.41,12063,United Kingdom,True,False,True,-2.41,0.0,2.41,300204,2010,2010-12,Friday,4,13,True
C300204,P102,Notebook,-4,2010-12-31 13:00:00,4.08,12063,Germany,True,False,True,-16.32,0.0,16.32,300204,2010,2010-12,Friday,4,13,True
C300206,P105,Tote Bag,-6,2011-02-17 14:00:00,7.06,12353,United Kingdom,True,False,True,-42.36,0.0,42.36,300206,2011,2011-02,Thursday,3,14,True
C300206,P100,Gift Box,-8,2011-02-17 14:00:00,4.57,12353,India,True,False,True,-36.56,0.0,36.56,300206,2011,2011-02,Thursday,3,14,True
C300206,P110,Gift Wrap,-1,2011-02-17 14:00:00,2.75,12353,Netherlands,True,False,True,-2.75,0.0,2.75,300206,2011,2011-02,Thursday,3,14,True
C300206,P104,Candle Set,-3,2011-02-17 14:00:00,10.45,12353,India,True,False,True,-31.349999999999998,0.0,31.349999999999998,300206,2011,2011-02,Thursday,3,14,True
C300210,P104,Candle Set,-6,2011-12-14 13:00:00,11.12,12008,Australia,True,False,True,-66.72,0.0,66.72,300210,2011,2011-12,Wednesday,2,13,True
C300210,P111,Serving Bowl,-3,2011-12-14 13:00:00,13.65,12008,Netherlands,True,False,True,-40.95,0.0,40.95,300210,2011,2011-12,Wednesday,2,13,True
C300210,P105,Tote Bag,-4,2011-12-14 13:00:00,6.42,12008,Germany,True,False,True,-25.68,0.0,25.68,300210,2011,2011-12,Wednesday,2,13,True
C300213,P101,Ceramic Mug,-3,2011-05-26 17:00:00,6.79,12079,France,True,False,True,-20.37,0.0,20.37,300213,2011,2011-05,Thursday,3,17,True
C300214,P108,Tea Set,-6,2011-02-01 08:00:00,16.71,12579,Germany,True,False,True,-100.26,0.0,100.26,300214,2011,2011-02,Tuesday,1,8,True
C300215,P102,Notebook,-9,2011-12-09 13:00:00,3.72,12517,Netherlands,True,False,True,-33.480000000000004,0.0,33.480000000000004,300215,2011,2011-12,Friday,4,13,True
C300216,P108,Tea Set,-2,2011-12-25 08:00:00,17.12,12035,United Kingdom,True,False,True,-34.24,0.0,34.24,300216,2011,2011-12,Sunday,6,8,True
C300216,P100,Gift Box,-1,2011-12-25 08:00:00,4.6,12035,United Kingdom,True,False,True,-4.6,0.0,4.6,300216,2011,2011-12,Sunday,6,8,True
C300218,P107,Photo Frame,-1,2011-09-30 17:00:00,7.85,12172,Netherlands,True,False,True,-7.85,0.0,7.85,300218,2011,2011-09,Friday,4,17,True
C300219,P107,Photo Frame,-3,2011-07-20 09:00:00,8.28,12465,India,True,False,True,-24.839999999999996,0.0,24.839999999999996,300219,2011,2011-07,Wednesday,2,9,True
C300219,P105,Tote Bag,-3,2011-07-20 09:00:00,7.4,12465,Spain,True,False,True,-22.200000000000003,0.0,22.200000000000003,300219,2011,2011-07,Wednesday,2,9,True
C300219,P106,Glass Jar,-5,2011-07-20 09:00:00,6.25,12465,Australia,True,False,True,-31.25,0.0,31.25,300219,2011,2011-07,Wednesday,2,9,True
C300222,P107,Photo Frame,-7,2011-06-24 12:00:00,7.7,12540,Australia,True,False,True,-53.9,0.0,53.9,300222,2011,2011-06,Friday,4,12,True
C300222,P109,Desk Organizer,-2,2011-06-24 12:00:00,10.26,12540,Spain,True,False,True,-20.52,0.0,20.52,300222,2011,2011-06,Friday,4,12,True
C300222,P104,Candle Set,-3,2011-06-24 12:00:00,11.05,12540,Netherlands,True,False,True,-33.150000000000006,0.0,33.150000000000006,300222,2011,2011-06,Friday,4,12,True
C300225,P106,Glass Jar,-2,2011-07-23 15:00:00,5.53,12548,France,True,False,True,-11.06,0.0,11.06,300225,2011,2011-07,Saturday,5,15,True
C300225,P104,Candle Set,-3,2011-07-23 15:00:00,9.87,12548,Germany,True,False,True,-29.61,0.0,29.61,300225,2011,2011-07,Saturday,5,15,True
C300225,P109,Desk Organizer,-2,2011-07-23 15:00:00,11.49,12548,India,True,False,True,-22.98,0.0,22.98,300225,2011,2011-07,Saturday,5,15,True
C300228,P105,Tote Bag,-16,2011-03-13 08:00:00,6.8,12012,Spain,True,False,True,-108.8,0.0,108.8,300228,2011,2011-03,Sunday,6,8,True
C300229,P109,Desk Organizer,-2,2010-12-09 18:00:00,10.55,12012,Netherlands,True,False,True,-21.1,0.0,21.1,300229,2010,2010-12,Thursday,3,18,True
C300229,P104,Candle Set,-2,2010-12-09 18:00:00,10.09,12012,France,True,False,True,-20.18,0.0,20.18,300229,2010,2010-12,Thursday,3,18,True
C300229,P101,Ceramic Mug,-1,2010-12-09 18:00:00,7.71,12012,United Kingdom,True,False,True,-7.71,0.0,7.71,300229,2010,2010-12,Thursday,3,18,True
C300229,P100,Gift Box,-4,2010-12-09 18:00:00,4.62,12012,France,True,False,True,-18.48,0.0,18.48,300229,2010,2010-12,Thursday,3,18,True
C300233,P105,Tote Bag,-1,2010-12-12 13:00:00,6.38,12679,Germany,True,False,True,-6.38,0.0,6.38,300233,2010,2010-12,Sunday,6,13,True
C300234,P107,Photo Frame,-1,2011-12-17 10:00:00,7.95,12453,Spain,True,False,True,-7.95,0.0,7.95,300234,2011,2011-12,Saturday,5,10,True
C300234,P106,Glass Jar,-11,2011-12-17 10:00:00,6.16,12453,Australia,True,False,True,-67.76,0.0,67.76,300234,2011,2011-12,Saturday,5,10,True
C300234,P101,Ceramic Mug,-5,2011-12-17 10:00:00,7.16,12453,United Kingdom,True,False,True,-35.8,0.0,35.8,300234,2011,2011-12,Saturday,5,10,True
C300237,P110,Gift Wrap,-1,2011-03-23 10:00:00,2.38,12046,France,True,False,True,-2.38,0.0,2.38,300237,2011,2011-03,Wednesday,2,10,True
C300237,P111,Serving Bowl,-5,2011-03-23 10:00:00,15.78,12046,Australia,True,False,True,-78.89999999999999,0.0,78.89999999999999,300237,2011,2011-03,Wednesday,2,10,True
C300239,P111,Serving Bowl,-1,2011-08-25 08:00:00,15.18,12005,Netherlands,True,False,True,-15.18,0.0,15.18,300239,2011,2011-08,Thursday,3,8,True
C300239,P106,Glass Jar,-5,2011-08-25 08:00:00,5.3,12005,France,True,False,True,-26.5,0.0,26.5,300239,2011,2011-08,Thursday,3,8,True
C300241,P109,Desk Organizer,-1,2011-03-23 13:00:00,11.9,12067,Spain,True,False,True,-11.9,0.0,11.9,300241,2011,2011-03,Wednesday,2,13,True
C300241,P111,Serving Bowl,-2,2011-03-23 13:00:00,14.5,12067,Spain,True,False,True,-29.0,0.0,29.0,300241,2011,2011-03,Wednesday,2,13,True
C300243,P100,Gift Box,-1,2011-03-05 11:00:00,4.46,12014,United Kingdom,True,False,True,-4.46,0.0,4.46,300243,2011,2011-03,Saturday,5,11,True
C300244,P102,Notebook,-5,2011-12-03 19:00:00,3.79,12232,France,True,False,True,-18.95,0.0,18.95,300244,2011,2011-12,Saturday,5,19,True
C300244,P108,Tea Set,-2,2011-12-03 19:00:00,17.04,12232,Netherlands,True,False,True,-34.08,0.0,34.08,300244,2011,2011-12,Saturday,5,19,True
C300244,P106,Glass Jar,-2,2011-12-03 19:00:00,5.23,12232,Germany,True,False,True,-10.46,0.0,10.46,300244,2011,2011-12,Saturday,5,19,True
C300244,P109,Desk Organizer,-2,2011-12-03 19:00:00,11.76,12232,Germany,True,False,True,-23.52,0.0,23.52,300244,2011,2011-12,Saturday,5,19,True
C300248,P106,Glass Jar,-2,2011-03-03 08:00:00,5.96,12012,Netherlands,True,False,True,-11.92,0.0,11.92,300248,2011,2011-03,Thursday,3,8,True
C300248,P105,Tote Bag,-2,2011-03-03 08:00:00,7.18,12012,Germany,True,False,True,-14.36,0.0,14.36,300248,2011,2011-03,Thursday,3,8,True
C300248,P100,Gift Box,-4,2011-03-03 08:00:00,4.09,12012,Spain,True,False,True,-16.36,0.0,16.36,300248,2011,2011-03,Thursday,3,8,True
C300248,P101,Ceramic Mug,-5,2011-03-03 08:00:00,6.52,12012,Spain,True,False,True,-32.599999999999994,0.0,32.599999999999994,300248,2011,2011-03,Thursday,3,8,True
C300252,P101,Ceramic Mug,-2,2011-03-17 12:00:00,7.17,12571,Spain,True,False,True,-14.34,0.0,14.34,300252,2011,2011-03,Thursday,3,12,True
C300253,P105,Tote Bag,-2,2011-08-26 17:00:00,7.28,12463,Australia,True,False,True,-14.56,0.0,14.56,300253,2011,2011-08,Friday,4,17,True
C300254,P100,Gift Box,-3,2011-06-06 17:00:00,5.13,12234,Germany,True,False,True,-15.39,0.0,15.39,300254,2011,2011-06,Monday,0,17,True
C300254,P110,Gift Wrap,-3,2011-06-06 17:00:00,2.4,12234,Germany,True,False,True,-7.199999999999999,0.0,7.199999999999999,300254,2011,2011-06,Monday,0,17,True
C300254,P109,Desk Organizer,-4,2011-06-06 17:00:00,10.33,12234,Spain,True,False,True,-41.32,0.0,41.32,300254,2011,2011-06,Monday,0,17,True
C300254,P106,Glass Jar,-1,2011-06-06 17:00:00,5.82,12234,Germany,True,False,True,-5.82,0.0,5.82,300254,2011,2011-06,Monday,0,17,True
C300258,P101,Ceramic Mug,-3,2011-11-30 14:00:00,7.81,12641,Australia,True,False,True,-23.43,0.0,23.43,300258,2011,2011-11,Wednesday,2,14,True
C300258,P109,Desk Organizer,-16,2011-11-30 14:00:00,10.73,12641,Germany,True,False,True,-171.68,0.0,171.68,300258,2011,2011-11,Wednesday,2,14,True
C300258,P103,Wall Clock,-3,2011-11-30 14:00:00,13.71,12641,United Kingdom,True,False,True,-41.13,0.0,41.13,300258,2011,2011-11,Wednesday,2,14,True
C300258,P106,Glass Jar,-5,2011-11-30 14:00:00,6.27,12641,India,True,False,True,-31.349999999999998,0.0,31.349999999999998,300258,2011,2011-11,Wednesday,2,14,True
C300262,P103,Wall Clock,-2,2011-02-01 15:00:00,11.57,12063,United Kingdom,True,False,True,-23.14,0.0,23.14,300262,2011,2011-02,Tuesday,1,15,True
C300262,P107,Photo Frame,-3,2011-02-01 15:00:00,8.77,12063,Australia,True,False,True,-26.31,0.0,26.31,300262,2011,2011-02,Tuesday,1,15,True
C300262,P104,Candle Set,-1,2011-02-01 15:00:00,10.89,12063,Germany,True,False,True,-10.89,0.0,10.89,300262,2011,2011-02,Tuesday,1,15,True
C300262,P101,Ceramic Mug,-1,2011-02-01 15:00:00,6.76,12063,Australia,True,False,True,-6.76,0.0,6.76,300262,2011,2011-02,Tuesday,1,15,True
C300266,P103,Wall Clock,-3,2011-07-07 13:00:00,12.18,12071,India,True,False,True,-36.54,0.0,36.54,300266,2011,2011-07,Thursday,3,13,True
C300266,P100,Gift Box,-9,2011-07-07 13:00:00,5.08,12071,India,True,False,True,-45.72,0.0,45.72,300266,2011,2011-07,Thursday,3,13,True
C300266,P102,Notebook,-1,2011-07-07 13:00:00,4.27,12071,Germany,True,False,True,-4.27,0.0,4.27,300266,2011,2011-07,Thursday,3,13,True
C300269,P105,Tote Bag,-1,2011-10-03 17:00:00,6.09,12223,France,True,False,True,-6.09,0.0,6.09,300269,2011,2011-10,Monday,0,17,True
C300269,P109,Desk Organizer,-5,2011-10-03 17:00:00,12.05,12223,Germany,True,False,True,-60.25,0.0,60.25,300269,2011,2011-10,Monday,0,17,True
C300269,P102,Notebook,-1,2011-10-03 17:00:00,4.13,12223,Spain,True,False,True,-4.13,0.0,4.13,300269,2011,2011-10,Monday,0,17,True
C300272,P102,Notebook,-3,2011-11-22 18:00:00,4.27,12057,Australia,True,False,True,-12.809999999999999,0.0,12.809999999999999,300272,2011,2011-11,Tuesday,1,18,True
C300273,P111,Serving Bowl,-2,2010-12-31 11:00:00,14.62,12505,Australia,True,False,True,-29.24,0.0,29.24,300273,2010,2010-12,Friday,4,11,True
C300273,P100,Gift Box,-2,2010-12-31 11:00:00,4.13,12505,Netherlands,True,False,True,-8.26,0.0,8.26,300273,2010,2010-12,Friday,4,11,True
C300273,P101,Ceramic Mug,-7,2010-12-31 11:00:00,6.83,12505,United Kingdom,True,False,True,-47.81,0.0,47.81,300273,2010,2010-12,Friday,4,11,True
C300276,P107,Photo Frame,-2,2011-06-21 15:00:00,8.97,12051,Netherlands,True,False,True,-17.94,0.0,17.94,300276,2011,2011-06,Tuesday,1,15,True
C300276,P108,Tea Set,-10,2011-06-21 15:00:00,17.26,12051,Netherlands,True,False,True,-172.60000000000002,0.0,172.60000000000002,300276,2011,2011-06,Tuesday,1,15,True
C300278,P111,Serving Bowl,-11,2011-02-10 15:00:00,16.06,12075,India,True,False,True,-176.66,0.0,176.66,300278,2011,2011-02,Thursday,3,15,True
C300278,P106,Glass Jar,-3,2011-02-10 15:00:00,5.97,12075,United Kingdom,True,False,True,-17.91,0.0,17.91,300278,2011,2011-02,Thursday,3,15,True
C300278,P101,Ceramic Mug,-4,2011-02-10 15:00:00,7.65,12075,United Kingdom,True,False,True,-30.6,0.0,30.6,300278,2011,2011-02,Thursday,3,15,True
C300278,P108,Tea Set,-12,2011-02-10 15:00:00,20.02,12075,France,True,False,True,-240.24,0.0,240.24,300278,2011,2011-02,Thursday,3,15,True
C300282,P107,Photo Frame,-1,2011-09-23 12:00:00,8.33,12008,Netherlands,True,False,True,-8.33,0.0,8.33,300282,2011,2011-09,Friday,4,12,True
C300282,P106,Glass Jar,-2,2011-09-23 12:00:00,5.75,12008,India,True,False,True,-11.5,0.0,11.5,300282,2011,2011-09,Friday,4,12,True
C300284,P105,Tote Bag,-25,2011-05-01 12:00:00,6.49,12097,France,True,False,True,-162.25,0.0,162.25,300284,2011,2011-05,Sunday,6,12,True
C300284,P104,Candle Set,-6,2011-05-01 12:00:00,10.4,12097,Australia,True,False,True,-62.400000000000006,0.0,62.400000000000006,300284,2011,2011-05,Sunday,6,12,True
C300286,P110,Gift Wrap,-3,2011-06-18 11:00:00,2.67,12530,United Kingdom,True,False,True,-8.01,0.0,8.01,300286,2011,2011-06,Saturday,5,11,True
C300286,P111,Serving Bowl,-6,2011-06-18 11:00:00,16.41,12530,France,True,False,True,-98.46000000000001,0.0,98.46000000000001,300286,2011,2011-06,Saturday,5,11,True
C300288,P111,Serving Bowl,-3,2010-12-11 08:00:00,16.09,12360,France,True,False,True,-48.269999999999996,0.0,48.269999999999996,300288,2010,2010-12,Saturday,5,8,True
C300288,P109,Desk Organizer,-1,2010-12-11 08:00:00,12.1,12360,India,True,False,True,-12.1,0.0,12.1,300288,2010,2010-12,Saturday,5,8,True
C300288,P103,Wall Clock,-6,2010-12-11 08:00:00,11.55,12360,France,True,False,True,-69.30000000000001,0.0,69.30000000000001,300288,2010,2010-12,Saturday,5,8,True
C300288,P105,Tote Bag,-2,2010-12-11 08:00:00,6.36,12360,Spain,True,False,True,-12.72,0.0,12.72,300288,2010,2010-12,Saturday,5,8,True
C300292,P102,Notebook,-3,2011-09-15 12:00:00,4.37,12543,Australia,True,False,True,-13.11,0.0,13.11,300292,2011,2011-09,Thursday,3,12,True
C300292,P106,Glass Jar,-1,2011-09-15 12:00:00,5.69,12543,Netherlands,True,False,True,-5.69,0.0,5.69,300292,2011,2011-09,Thursday,3,12,True
C300292,P101,Ceramic Mug,-15,2011-09-15 12:00:00,6.81,12543,France,True,False,True,-102.14999999999999,0.0,102.14999999999999,300292,2011,2011-09,Thursday,3,12,True
C300292,P105,Tote Bag,-3,2011-09-15 12:00:00,6.55,12543,Netherlands,True,False,True,-19.65,0.0,19.65,300292,2011,2011-09,Thursday,3,12,True
C300296,P110,Gift Wrap,-4,2011-10-23 11:00:00,2.41,12012,Netherlands,True,False,True,-9.64,0.0,9.64,300296,2011,2011-10,Sunday,6,11,True
C300296,P101,Ceramic Mug,-17,2011-10-23 11:00:00,7.31,12012,Germany,True,False,True,-124.27,0.0,124.27,300296,2011,2011-10,Sunday,6,11,True
C300298,P105,Tote Bag,-2,2011-07-12 16:00:00,6.13,12523,France,True,False,True,-12.26,0.0,12.26,300298,2011,2011-07,Tuesday,1,16,True
C300299,P104,Candle Set,-7,2011-09-01 17:00:00,10.11,12443,Australia,True,False,True,-70.77,0.0,70.77,300299,2011,2011-09,Thursday,3,17,True
C300300,P103,Wall Clock,-3,2011-05-31 15:00:00,11.7,12084,Spain,True,False,True,-35.099999999999994,0.0,35.099999999999994,300300,2011,2011-05,Tuesday,1,15,True
C300301,P103,Wall Clock,-2,2011-12-12 14:00:00,12.76,12629,France,True,False,True,-25.52,0.0,25.52,300301,2011,2011-12,Monday,0,14,True
C300301,P107,Photo Frame,-6,2011-12-12 14:00:00,8.39,12629,Spain,True,False,True,-50.34,0.0,50.34,300301,2011,2011-12,Monday,0,14,True
C300303,P107,Photo Frame,-2,2011-09-04 10:00:00,8.85,12222,France,True,False,True,-17.7,0.0,17.7,300303,2011,2011-09,Sunday,6,10,True
C300303,P102,Notebook,-2,2011-09-04 10:00:00,3.87,12222,Spain,True,False,True,-7.74,0.0,7.74,300303,2011,2011-09,Sunday,6,10,True
C300305,P106,Glass Jar,-1,2011-05-10 08:00:00,5.37,12195,France,True,False,True,-5.37,0.0,5.37,300305,2011,2011-05,Tuesday,1,8,True
C300305,P102,Notebook,-3,2011-05-10 08:00:00,3.51,12195,Netherlands,True,False,True,-10.53,0.0,10.53,300305,2011,2011-05,Tuesday,1,8,True
C300305,P111,Serving Bowl,-2,2011-05-10 08:00:00,13.41,12195,Australia,True,False,True,-26.82,0.0,26.82,300305,2011,2011-05,Tuesday,1,8,True
C300305,P107,Photo Frame,-9,2011-05-10 08:00:00,8.7,12195,Germany,True,False,True,-78.3,0.0,78.3,300305,2011,2011-05,Tuesday,1,8,True
C300309,P107,Photo Frame,-3,2011-04-06 13:00:00,8.76,12167,United Kingdom,True,False,True,-26.28,0.0,26.28,300309,2011,2011-04,Wednesday,2,13,True
C300310,P111,Serving Bowl,-4,2011-10-04 11:00:00,15.24,12020,United Kingdom,True,False,True,-60.96,0.0,60.96,300310,2011,2011-10,Tuesday,1,11,True
C300310,P100,Gift Box,-3,2011-10-04 11:00:00,4.62,12020,Spain,True,False,True,-13.86,0.0,13.86,300310,2011,2011-10,Tuesday,1,11,True
C300312,P107,Photo Frame,-1,2011-06-13 09:00:00,9.17,12012,Germany,True,False,True,-9.17,0.0,9.17,300312,2011,2011-06,Monday,0,9,True
C300312,P105,Tote Bag,-1,2011-06-13 09:00:00,6.87,12012,Spain,True,False,True,-6.87,0.0,6.87,300312,2011,2011-06,Monday,0,9,True
C300312,P104,Candle Set,-7,2011-06-13 09:00:00,11.27,12012,India,True,False,True,-78.89,0.0,78.89,300312,2011,2011-06,Monday,0,9,True
C300312,P111,Serving Bowl,-3,2011-06-13 09:00:00,14.61,12012,Netherlands,True,False,True,-43.83,0.0,43.83,300312,2011,2011-06,Monday,0,9,True
C300316,P107,Photo Frame,-5,2011-07-25 18:00:00,8.69,12157,Australia,True,False,True,-43.449999999999996,0.0,43.449999999999996,300316,2011,2011-07,Monday,0,18,True
C300316,P109,Desk Organizer,-1,2011-07-25 18:00:00,10.61,12157,France,True,False,True,-10.61,0.0,10.61,300316,2011,2011-07,Monday,0,18,True
C300316,P103,Wall Clock,-4,2011-07-25 18:00:00,12.23,12157,Spain,True,False,True,-48.92,0.0,48.92,300316,2011,2011-07,Monday,0,18,True
C300319,P100,Gift Box,-5,2011-08-01 16:00:00,4.56,12684,Spain,True,False,True,-22.799999999999997,0.0,22.799999999999997,300319,2011,2011-08,Monday,0,16,True
C300320,P110,Gift Wrap,-5,2011-11-18 10:00:00,2.49,12073,Netherlands,True,False,True,-12.450000000000001,0.0,12.450000000000001,300320,2011,2011-11,Friday,4,10,True
C300320,P106,Glass Jar,-14,2011-11-18 10:00:00,6.3,12073,Netherlands,True,False,True,-88.2,0.0,88.2,300320,2011,2011-11,Friday,4,10,True
C300320,P104,Candle Set,-4,2011-11-18 10:00:00,10.36,12073,Spain,True,False,True,-41.44,0.0,41.44,300320,2011,2011-11,Friday,4,10,True
C300320,P102,Notebook,-5,2011-11-18 10:00:00,3.91,12073,Spain,True,False,True,-19.55,0.0,19.55,300320,2011,2011-11,Friday,4,10,True
C300324,P100,Gift Box,-1,2011-01-22 14:00:00,4.44,12007,India,True,False,True,-4.44,0.0,4.44,300324,2011,2011-01,Saturday,5,14,True
C300324,P110,Gift Wrap,-1,2011-01-22 14:00:00,2.53,12007,Spain,True,False,True,-2.53,0.0,2.53,300324,2011,2011-01,Saturday,5,14,True
C300324,P101,Ceramic Mug,-1,2011-01-22 14:00:00,7.15,12007,France,True,False,True,-7.15,0.0,7.15,300324,2011,2011-01,Saturday,5,14,True
C300327,P111,Serving Bowl,-1,2011-10-01 09:00:00,14.35,12198,Spain,True,False,True,-14.35,0.0,14.35,300327,2011,2011-10,Saturday,5,9,True
C300327,P105,Tote Bag,-2,2011-10-01 09:00:00,7.02,12198,Germany,True,False,True,-14.04,0.0,14.04,300327,2011,2011-10,Saturday,5,9,True
C300327,P101,Ceramic Mug,-7,2011-10-01 09:00:00,7.65,12198,Germany,True,False,True,-53.550000000000004,0.0,53.550000000000004,300327,2011,2011-10,Saturday,5,9,True
C300327,P100,Gift Box,-3,2011-10-01 09:00:00,4.84,12198,France,True,False,True,-14.52,0.0,14.52,300327,2011,2011-10,Saturday,5,9,True
C300331,P100,Gift Box,-4,2010-12-10 16:00:00,4.16,12395,India,True,False,True,-16.64,0.0,16.64,300331,2010,2010-12,Friday,4,16,True
C300331,P110,Gift Wrap,-4,2010-12-10 16:00:00,2.71,12395,United Kingdom,True,False,True,-10.84,0.0,10.84,300331,2010,2010-12,Friday,4,16,True
C300331,P106,Glass Jar,-2,2010-12-10 16:00:00,5.07,12395,France,True,False,True,-10.14,0.0,10.14,300331,2010,2010-12,Friday,4,16,True
C300334,P104,Candle Set,-8,2011-11-22 09:00:00,10.25,12018,Germany,True,False,True,-82.0,0.0,82.0,300334,2011,2011-11,Tuesday,1,9,True
C300334,P105,Tote Bag,-1,2011-11-22 09:00:00,6.74,12018,United Kingdom,True,False,True,-6.74,0.0,6.74,300334,2011,2011-11,Tuesday,1,9,True
C300334,P110,Gift Wrap,-12,2011-11-22 09:00:00,2.48,12018,Australia,True,False,True,-29.759999999999998,0.0,29.759999999999998,300334,2011,2011-11,Tuesday,1,9,True
C300334,P109,Desk Organizer,-3,2011-11-22 09:00:00,10.51,12018,United Kingdom,True,False,True,-31.53,0.0,31.53,300334,2011,2011-11,Tuesday,1,9,True
C300338,P108,Tea Set,-3,2011-01-21 15:00:00,19.91,12331,Spain,True,False,True,-59.730000000000004,0.0,59.730000000000004,300338,2011,2011-01,Friday,4,15,True
C300338,P111,Serving Bowl,-3,2011-01-21 15:00:00,13.09,12331,Netherlands,True,False,True,-39.269999999999996,0.0,39.269999999999996,300338,2011,2011-01,Friday,4,15,True
C300338,P102,Notebook,-2,2011-01-21 15:00:00,3.56,12331,India,True,False,True,-7.12,0.0,7.12,300338,2011,2011-01,Friday,4,15,True
C300338,P104,Candle Set,-15,2011-01-21 15:00:00,9.19,12331,Germany,True,False,True,-137.85,0.0,137.85,300338,2011,2011-01,Friday,4,15,True
C300342,P111,Serving Bowl,-6,2011-10-19 19:00:00,15.46,12041,Spain,True,False,True,-92.76,0.0,92.76,300342,2011,2011-10,Wednesday,2,19,True
C300342,P101,Ceramic Mug,-4,2011-10-19 19:00:00,6.55,12041,Australia,True,False,True,-26.2,0.0,26.2,300342,2011,2011-10,Wednesday,2,19,True
C300344,P102,Notebook,-1,2011-04-16 15:00:00,3.89,12401,India,True,False,True,-3.89,0.0,3.89,300344,2011,2011-04,Saturday,5,15,True
C300344,P108,Tea Set,-78,2011-04-16 15:00:00,19.88,12401,France,True,False,True,-1550.6399999999999,0.0,1550.6399999999999,300344,2011,2011-04,Saturday,5,15,True
C300344,P111,Serving Bowl,-1,2011-04-16 15:00:00,15.35,12401,Spain,True,False,True,-15.35,0.0,15.35,300344,2011,2011-04,Saturday,5,15,True
C300344,P101,Ceramic Mug,-2,2011-04-16 15:00:00,7.34,12401,France,True,False,True,-14.68,0.0,14.68,300344,2011,2011-04,Saturday,5,15,True
C300348,P108,Tea Set,-3,2011-09-21 19:00:00,18.47,12059,United Kingdom,True,False,True,-55.41,0.0,55.41,300348,2011,2011-09,Wednesday,2,19,True
C300348,P103,Wall Clock,-1,2011-09-21 19:00:00,14.22,12059,Netherlands,True,False,True,-14.22,0.0,14.22,300348,2011,2011-09,Wednesday,2,19,True
C300350,P100,Gift Box,-6,2011-07-07 10:00:00,5.03,12457,United Kingdom,True,False,True,-30.18,0.0,30.18,300350,2011,2011-07,Thursday,3,10,True
C300350,P107,Photo Frame,-4,2011-07-07 10:00:00,9.0,12457,Netherlands,True,False,True,-36.0,0.0,36.0,300350,2011,2011-07,Thursday,3,10,True
C300350,P106,Glass Jar,-6,2011-07-07 10:00:00,6.32,12457,Spain,True,False,True,-37.92,0.0,37.92,300350,2011,2011-07,Thursday,3,10,True
C300353,P109,Desk Organizer,-4,2011-12-09 13:00:00,10.6,12036,United Kingdom,True,False,True,-42.4,0.0,42.4,300353,2011,2011-12,Friday,4,13,True
C300353,P108,Tea Set,-7,2011-12-09 13:00:00,16.97,12036,Spain,True,False,True,-118.78999999999999,0.0,118.78999999999999,300353,2011,2011-12,Friday,4,13,True
C300353,P111,Serving Bowl,-4,2011-12-09 13:00:00,13.64,12036,France,True,False,True,-54.56,0.0,54.56,300353,2011,2011-12,Friday,4,13,True
C300353,P107,Photo Frame,-2,2011-12-09 13:00:00,7.54,12036,United Kingdom,True,False,True,-15.08,0.0,15.08,300353,2011,2011-12,Friday,4,13,True
C300357,P110,Gift Wrap,-9,2011-09-11 15:00:00,2.68,12376,Spain,True,False,True,-24.12,0.0,24.12,300357,2011,2011-09,Sunday,6,15,True
C300357,P100,Gift Box,-1,2011-09-11 15:00:00,4.36,12376,United Kingdom,True,False,True,-4.36,0.0,4.36,300357,2011,2011-09,Sunday,6,15,True
C300359,P100,Gift Box,-1,2011-04-08 09:00:00,4.34,12323,India,True,False,True,-4.34,0.0,4.34,300359,2011,2011-04,Friday,4,9,True
C300359,P101,Ceramic Mug,-4,2011-04-08 09:00:00,6.49,12323,France,True,False,True,-25.96,0.0,25.96,300359,2011,2011-04,Friday,4,9,True
C300359,P106,Glass Jar,-1,2011-04-08 09:00:00,6.23,12323,France,True,False,True,-6.23,0.0,6.23,300359,2011,2011-04,Friday,4,9,True
C300362,P105,Tote Bag,-2,2011-11-02 11:00:00,6.54,12697,India,True,False,True,-13.08,0.0,13.08,300362,2011,2011-11,Wednesday,2,11,True
C300362,P104,Candle Set,-1,2011-11-02 11:00:00,9.49,12697,Germany,True,False,True,-9.49,0.0,9.49,300362,2011,2011-11,Wednesday,2,11,True
C300362,P109,Desk Organizer,-12,2011-11-02 11:00:00,11.06,12697,Germany,True,False,True,-132.72,0.0,132.72,300362,2011,2011-11,Wednesday,2,11,True
C300362,P108,Tea Set,-4,2011-11-02 11:00:00,20.03,12697,Netherlands,True,False,True,-80.12,0.0,80.12,300362,2011,2011-11,Wednesday,2,11,True
C300366,P101,Ceramic Mug,-6,2011-11-01 12:00:00,8.12,12046,India,True,False,True,-48.72,0.0,48.72,300366,2011,2011-11,Tuesday,1,12,True
C300367,P105,Tote Bag,-5,2011-02-05 09:00:00,6.75,12070,Germany,True,False,True,-33.75,0.0,33.75,300367,2011,2011-02,Saturday,5,9,True
C300367,P103,Wall Clock,-5,2011-02-05 09:00:00,13.76,12070,United Kingdom,True,False,True,-68.8,0.0,68.8,300367,2011,2011-02,Saturday,5,9,True
C300367,P102,Notebook,-1,2011-02-05 09:00:00,3.96,12070,United Kingdom,True,False,True,-3.96,0.0,3.96,300367,2011,2011-02,Saturday,5,9,True
C300367,P111,Serving Bowl,-1,2011-02-05 09:00:00,13.31,12070,India,True,False,True,-13.31,0.0,13.31,300367,2011,2011-02,Saturday,5,9,True
C300371,P102,Notebook,-1,2011-12-20 18:00:00,4.05,12015,France,True,False,True,-4.05,0.0,4.05,300371,2011,2011-12,Tuesday,1,18,True
C300371,P106,Glass Jar,-1,2011-12-20 18:00:00,5.93,12015,India,True,False,True,-5.93,0.0,5.93,300371,2011,2011-12,Tuesday,1,18,True
C300371,P109,Desk Organizer,-102,2011-12-20 18:00:00,11.13,12015,Australia,True,False,True,-1135.26,0.0,1135.26,300371,2011,2011-12,Tuesday,1,18,True
C300371,P105,Tote Bag,-2,2011-12-20 18:00:00,5.98,12015,India,True,False,True,-11.96,0.0,11.96,300371,2011,2011-12,Tuesday,1,18,True
C300375,P100,Gift Box,-10,2011-09-03 13:00:00,4.57,12255,India,True,False,True,-45.7,0.0,45.7,300375,2011,2011-09,Saturday,5,13,True
C300375,P104,Candle Set,-2,2011-09-03 13:00:00,9.69,12255,Germany,True,False,True,-19.38,0.0,19.38,300375,2011,2011-09,Saturday,5,13,True
C300375,P110,Gift Wrap,-2,2011-09-03 13:00:00,2.59,12255,Netherlands,True,False,True,-5.18,0.0,5.18,300375,2011,2011-09,Saturday,5,13,True
C300375,P105,Tote Bag,-5,2011-09-03 13:00:00,6.58,12255,Spain,True,False,True,-32.9,0.0,32.9,300375,2011,2011-09,Saturday,5,13,True
C300379,P110,Gift Wrap,-1,2011-02-15 19:00:00,2.18,12033,Spain,True,False,True,-2.18,0.0,2.18,300379,2011,2011-02,Tuesday,1,19,True
C300379,P101,Ceramic Mug,-2,2011-02-15 19:00:00,7.68,12033,Netherlands,True,False,True,-15.36,0.0,15.36,300379,2011,2011-02,Tuesday,1,19,True
C300379,P103,Wall Clock,-6,2011-02-15 19:00:00,11.26,12033,Australia,True,False,True,-67.56,0.0,67.56,300379,2011,2011-02,Tuesday,1,19,True
C300382,P101,Ceramic Mug,-1,2011-09-22 18:00:00,7.71,12588,India,True,False,True,-7.71,0.0,7.71,300382,2011,2011-09,Thursday,3,18,True
C300382,P104,Candle Set,-1,2011-09-22 18:00:00,10.55,12588,France,True,False,True,-10.55,0.0,10.55,300382,2011,2011-09,Thursday,3,18,True
C300384,P109,Desk Organizer,-6,2011-04-23 13:00:00,10.07,12578,Germany,True,False,True,-60.42,0.0,60.42,300384,2011,2011-04,Saturday,5,13,True
C300384,P106,Glass Jar,-2,2011-04-23 13:00:00,5.56,12578,France,True,False,True,-11.12,0.0,11.12,300384,2011,2011-04,Saturday,5,13,True
C300384,P104,Candle Set,-3,2011-04-23 13:00:00,10.89,12578,Australia,True,False,True,-32.67,0.0,32.67,300384,2011,2011-04,Saturday,5,13,True
C300384,P103,Wall Clock,-3,2011-04-23 13:00:00,11.84,12578,United Kingdom,True,False,True,-35.519999999999996,0.0,35.519999999999996,300384,2011,2011-04,Saturday,5,13,True
C300388,P111,Serving Bowl,-11,2011-03-08 19:00:00,14.19,12317,France,True,False,True,-156.09,0.0,156.09,300388,2011,2011-03,Tuesday,1,19,True
C300389,P104,Candle Set,-11,2011-10-17 09:00:00,10.5,12042,Spain,True,False,True,-115.5,0.0,115.5,300389,2011,2011-10,Monday,0,9,True
C300389,P100,Gift Box,-10,2011-10-17 09:00:00,4.08,12042,Australia,True,False,True,-40.8,0.0,40.8,300389,2011,2011-10,Monday,0,9,True
C300389,P103,Wall Clock,-3,2011-10-17 09:00:00,11.62,12042,Australia,True,False,True,-34.86,0.0,34.86,300389,2011,2011-10,Monday,0,9,True
C300389,P109,Desk Organizer,-4,2011-10-17 09:00:00,11.13,12042,France,True,False,True,-44.52,0.0,44.52,300389,2011,2011-10,Monday,0,9,True
C300393,P105,Tote Bag,-6,2011-06-12 11:00:00,6.66,12213,Australia,True,False,True,-39.96,0.0,39.96,300393,2011,2011-06,Sunday,6,11,True
C300393,P104,Candle Set,-1,2011-06-12 11:00:00,10.15,12213,Australia,True,False,True,-10.15,0.0,10.15,300393,2011,2011-06,Sunday,6,11,True
C300393,P100,Gift Box,-6,2011-06-12 11:00:00,4.88,12213,Spain,True,False,True,-29.28,0.0,29.28,300393,2011,2011-06,Sunday,6,11,True
C300396,P103,Wall Clock,-3,2011-09-23 18:00:00,12.92,12077,Australia,True,False,True,-38.76,0.0,38.76,300396,2011,2011-09,Friday,4,18,True
C300397,P108,Tea Set,-8,2011-06-18 16:00:00,16.23,12008,Netherlands,True,False,True,-129.84,0.0,129.84,300397,2011,2011-06,Saturday,5,16,True
C300397,P106,Glass Jar,-2,2011-06-18 16:00:00,5.34,12008,Netherlands,True,False,True,-10.68,0.0,10.68,300397,2011,2011-06,Saturday,5,16,True
C300397,P100,Gift Box,-1,2011-06-18 16:00:00,5.02,12008,India,True,False,True,-5.02,0.0,5.02,300397,2011,2011-06,Saturday,5,16,True
C300400,P110,Gift Wrap,-1,2011-04-28 18:00:00,2.65,12027,India,True,False,True,-2.65,0.0,2.65,300400,2011,2011-04,Thursday,3,18,True
C300401,P101,Ceramic Mug,-13,2011-03-27 11:00:00,7.89,12352,Netherlands,True,False,True,-102.57,0.0,102.57,300401,2011,2011-03,Sunday,6,11,True
C300402,P103,Wall Clock,-2,2011-09-22 14:00:00,13.66,12064,Spain,True,False,True,-27.32,0.0,27.32,300402,2011,2011-09,Thursday,3,14,True
C300402,P101,Ceramic Mug,-13,2011-09-22 14:00:00,6.75,12064,Australia,True,False,True,-87.75,0.0,87.75,300402,2011,2011-09,Thursday,3,14,True
C300402,P109,Desk Organizer,-1,2011-09-22 14:00:00,11.55,12064,France,True,False,True,-11.55,0.0,11.55,300402,2011,2011-09,Thursday,3,14,True
C300405,P107,Photo Frame,-12,2011-10-19 13:00:00,8.55,12467,Spain,True,False,True,-102.60000000000001,0.0,102.60000000000001,300405,2011,2011-10,Wednesday,2,13,True
C300405,P104,Candle Set,-5,2011-10-19 13:00:00,10.43,12467,Germany,True,False,True,-52.15,0.0,52.15,300405,2011,2011-10,Wednesday,2,13,True
C300405,P105,Tote Bag,-6,2011-10-19 13:00:00,5.87,12467,Germany,True,False,True,-35.22,0.0,35.22,300405,2011,2011-10,Wednesday,2,13,True
C300408,P108,Tea Set,-3,2011-04-08 08:00:00,16.63,12455,Germany,True,False,True,-49.89,0.0,49.89,300408,2011,2011-04,Friday,4,8,True
C300408,P101,Ceramic Mug,-2,2011-04-08 08:00:00,6.85,12455,Netherlands,True,False,True,-13.7,0.0,13.7,300408,2011,2011-04,Friday,4,8,True
C300410,P111,Serving Bowl,-11,2011-02-05 14:00:00,14.86,12024,Netherlands,True,False,True,-163.45999999999998,0.0,163.45999999999998,300410,2011,2011-02,Saturday,5,14,True
C300411,P111,Serving Bowl,-1,2011-07-19 16:00:00,16.09,12683,Germany,True,False,True,-16.09,0.0,16.09,300411,2011,2011-07,Tuesday,1,16,True
C300411,P109,Desk Organizer,-4,2011-07-19 16:00:00,12.3,12683,India,True,False,True,-49.2,0.0,49.2,300411,2011,2011-07,Tuesday,1,16,True
C300411,P104,Candle Set,-4,2011-07-19 16:00:00,10.62,12683,India,True,False,True,-42.48,0.0,42.48,300411,2011,2011-07,Tuesday,1,16,True
C300414,P107,Photo Frame,-4,2011-12-23 10:00:00,7.51,12491,Spain,True,False,True,-30.04,0.0,30.04,300414,2011,2011-12,Friday,4,10,True
C300415,P107,Photo Frame,-6,2011-06-27 12:00:00,8.18,12509,Spain,True,False,True,-49.08,0.0,49.08,300415,2011,2011-06,Monday,0,12,True
C300416,P111,Serving Bowl,-3,2011-01-03 15:00:00,14.72,12477,India,True,False,True,-44.160000000000004,0.0,44.160000000000004,300416,2011,2011-01,Monday,0,15,True
C300416,P101,Ceramic Mug,-2,2011-01-03 15:00:00,7.79,12477,India,True,False,True,-15.58,0.0,15.58,300416,2011,2011-01,Monday,0,15,True
C300418,P111,Serving Bowl,-9,2011-06-18 11:00:00,14.04,12040,Spain,True,False,True,-126.35999999999999,0.0,126.35999999999999,300418,2011,2011-06,Saturday,5,11,True
C300418,P101,Ceramic Mug,-1,2011-06-18 11:00:00,8.07,12040,Australia,True,False,True,-8.07,0.0,8.07,300418,2011,2011-06,Saturday,5,11,True
C300418,P104,Candle Set,-1,2011-06-18 11:00:00,9.86,12040,Germany,True,False,True,-9.86,0.0,9.86,300418,2011,2011-06,Saturday,5,11,True
C300421,P111,Serving Bowl,-9,2011-03-25 15:00:00,15.47,12206,Germany,True,False,True,-139.23000000000002,0.0,139.23000000000002,300421,2011,2011-03,Friday,4,15,True
C300421,P100,Gift Box,-2,2011-03-25 15:00:00,4.56,12206,Germany,True,False,True,-9.12,0.0,9.12,300421,2011,2011-03,Friday,4,15,True
C300421,P106,Glass Jar,-4,2011-03-25 15:00:00,6.28,12206,Spain,True,False,True,-25.12,0.0,25.12,300421,2011,2011-03,Friday,4,15,True
C300421,P108,Tea Set,-10,2011-03-25 15:00:00,19.96,12206,Netherlands,True,False,True,-199.60000000000002,0.0,199.60000000000002,300421,2011,2011-03,Friday,4,15,True
C300425,P100,Gift Box,-1,2011-12-21 14:00:00,4.74,12421,Australia,True,False,True,-4.74,0.0,4.74,300425,2011,2011-12,Wednesday,2,14,True
C300425,P108,Tea Set,-8,2011-12-21 14:00:00,19.5,12421,Australia,True,False,True,-156.0,0.0,156.0,300425,2011,2011-12,Wednesday,2,14,True
C300427,P104,Candle Set,-1,2011-03-04 18:00:00,11.09,12557,Australia,True,False,True,-11.09,0.0,11.09,300427,2011,2011-03,Friday,4,18,True
C300427,P105,Tote Bag,-5,2011-03-04 18:00:00,6.74,12557,India,True,False,True,-33.7,0.0,33.7,300427,2011,2011-03,Friday,4,18,True
C300427,P106,Glass Jar,-7,2011-03-04 18:00:00,5.84,12557,Spain,True,False,True,-40.879999999999995,0.0,40.879999999999995,300427,2011,2011-03,Friday,4,18,True
C300427,P100,Gift Box,-5,2011-03-04 18:00:00,4.56,12557,Spain,True,False,True,-22.799999999999997,0.0,22.799999999999997,300427,2011,2011-03,Friday,4,18,True
C300431,P106,Glass Jar,-2,2011-03-26 13:00:00,5.26,12029,France,True,False,True,-10.52,0.0,10.52,300431,2011,2011-03,Saturday,5,13,True
C300431,P102,Notebook,-2,2011-03-26 13:00:00,3.83,12029,France,True,False,True,-7.66,0.0,7.66,300431,2011,2011-03,Saturday,5,13,True
C300431,P108,Tea Set,-4,2011-03-26 13:00:00,19.4,12029,Spain,True,False,True,-77.6,0.0,77.6,300431,2011,2011-03,Saturday,5,13,True
C300431,P105,Tote Bag,-7,2011-03-26 13:00:00,6.25,12029,Australia,True,False,True,-43.75,0.0,43.75,300431,2011,2011-03,Saturday,5,13,True
C300435,P106,Glass Jar,-1,2011-07-19 11:00:00,6.32,12473,Germany,True,False,True,-6.32,0.0,6.32,300435,2011,2011-07,Tuesday,1,11,True
C300435,P109,Desk Organizer,-1,2011-07-19 11:00:00,12.56,12473,Australia,True,False,True,-12.56,0.0,12.56,300435,2011,2011-07,Tuesday,1,11,True
C300437,P103,Wall Clock,-10,2011-04-12 15:00:00,11.26,12395,Netherlands,True,False,True,-112.6,0.0,112.6,300437,2011,2011-04,Tuesday,1,15,True
C300437,P111,Serving Bowl,-4,2011-04-12 15:00:00,15.74,12395,United Kingdom,True,False,True,-62.96,0.0,62.96,300437,2011,2011-04,Tuesday,1,15,True
C300437,P105,Tote Bag,-9,2011-04-12 15:00:00,6.91,12395,India,True,False,True,-62.19,0.0,62.19,300437,2011,2011-04,Tuesday,1,15,True
C300440,P107,Photo Frame,-3,2011-08-01 09:00:00,7.67,12008,India,True,False,True,-23.009999999999998,0.0,23.009999999999998,300440,2011,2011-08,Monday,0,9,True
C300440,P106,Glass Jar,-4,2011-08-01 09:00:00,6.01,12008,United Kingdom,True,False,True,-24.04,0.0,24.04,300440,2011,2011-08,Monday,0,9,True
C300440,P109,Desk Organizer,-3,2011-08-01 09:00:00,10.41,12008,United Kingdom,True,False,True,-31.23,0.0,31.23,300440,2011,2011-08,Monday,0,9,True
C300443,P107,Photo Frame,-1,2011-08-26 16:00:00,7.38,12521,Netherlands,True,False,True,-7.38,0.0,7.38,300443,2011,2011-08,Friday,4,16,True
C300443,P105,Tote Bag,-2,2011-08-26 16:00:00,7.24,12521,United Kingdom,True,False,True,-14.48,0.0,14.48,300443,2011,2011-08,Friday,4,16,True
C300443,P103,Wall Clock,-5,2011-08-26 16:00:00,11.97,12521,Australia,True,False,True,-59.85,0.0,59.85,300443,2011,2011-08,Friday,4,16,True
C300443,P102,Notebook,-1,2011-08-26 16:00:00,3.5,12521,Spain,True,False,True,-3.5,0.0,3.5,300443,2011,2011-08,Friday,4,16,True
C300447,P100,Gift Box,-2,2011-11-28 18:00:00,4.54,12089,Australia,True,False,True,-9.08,0.0,9.08,300447,2011,2011-11,Monday,0,18,True
C300448,P102,Notebook,-7,2011-04-27 08:00:00,4.27,12424,United Kingdom,True,False,True,-29.889999999999997,0.0,29.889999999999997,300448,2011,2011-04,Wednesday,2,8,True
C300448,P105,Tote Bag,-3,2011-04-27 08:00:00,6.95,12424,United Kingdom,True,False,True,-20.85,0.0,20.85,300448,2011,2011-04,Wednesday,2,8,True
C300448,P107,Photo Frame,-9,2011-04-27 08:00:00,8.94,12424,Spain,True,False,True,-80.46,0.0,80.46,300448,2011,2011-04,Wednesday,2,8,True
C300448,P104,Candle Set,-1,2011-04-27 08:00:00,9.57,12424,Germany,True,False,True,-9.57,0.0,9.57,300448,2011,2011-04,Wednesday,2,8,True
C300452,P109,Desk Organizer,-4,2011-12-07 13:00:00,12.55,12148,France,True,False,True,-50.2,0.0,50.2,300452,2011,2011-12,Wednesday,2,13,True
C300453,P108,Tea Set,-3,2011-02-11 08:00:00,19.9,12044,United Kingdom,True,False,True,-59.699999999999996,0.0,59.699999999999996,300453,2011,2011-02,Friday,4,8,True
C300453,P106,Glass Jar,-9,2011-02-11 08:00:00,5.67,12044,India,True,False,True,-51.03,0.0,51.03,300453,2011,2011-02,Friday,4,8,True
C300453,P103,Wall Clock,-14,2011-02-11 08:00:00,13.33,12044,Netherlands,True,False,True,-186.62,0.0,186.62,300453,2011,2011-02,Friday,4,8,True
C300456,P108,Tea Set,-10,2011-12-17 13:00:00,18.62,12144,Spain,True,False,True,-186.20000000000002,0.0,186.20000000000002,300456,2011,2011-12,Saturday,5,13,True
C300456,P109,Desk Organizer,-11,2011-12-17 13:00:00,12.03,12144,Spain,True,False,True,-132.32999999999998,0.0,132.32999999999998,300456,2011,2011-12,Saturday,5,13,True
C300456,P103,Wall Clock,-41,2011-12-17 13:00:00,11.7,12144,India,True,False,True,-479.7,0.0,479.7,300456,2011,2011-12,Saturday,5,13,True
C300456,P104,Candle Set,-18,2011-12-17 13:00:00,11.29,12144,Spain,True,False,True,-203.21999999999997,0.0,203.21999999999997,300456,2011,2011-12,Saturday,5,13,True
C300460,P108,Tea Set,-1,2011-01-24 13:00:00,19.87,12053,United Kingdom,True,False,True,-19.87,0.0,19.87,300460,2011,2011-01,Monday,0,13,True
C300460,P105,Tote Bag,-1,2011-01-24 13:00:00,5.89,12053,Spain,True,False,True,-5.89,0.0,5.89,300460,2011,2011-01,Monday,0,13,True
C300460,P101,Ceramic Mug,-1,2011-01-24 13:00:00,7.2,12053,France,True,False,True,-7.2,0.0,7.2,300460,2011,2011-01,Monday,0,13,True
C300463,P104,Candle Set,-12,2011-12-04 14:00:00,9.34,12038,Spain,True,False,True,-112.08,0.0,112.08,300463,2011,2011-12,Sunday,6,14,True
C300463,P108,Tea Set,-5,2011-12-04 14:00:00,16.51,12038,Netherlands,True,False,True,-82.55000000000001,0.0,82.55000000000001,300463,2011,2011-12,Sunday,6,14,True
C300465,P109,Desk Organizer,-1,2011-06-17 16:00:00,9.97,12377,United Kingdom,True,False,True,-9.97,0.0,9.97,300465,2011,2011-06,Friday,4,16,True
C300465,P107,Photo Frame,-2,2011-06-17 16:00:00,7.68,12377,Netherlands,True,False,True,-15.36,0.0,15.36,300465,2011,2011-06,Friday,4,16,True
C300467,P102,Notebook,-3,2011-03-17 10:00:00,3.5,12697,Australia,True,False,True,-10.5,0.0,10.5,300467,2011,2011-03,Thursday,3,10,True
C300468,P104,Candle Set,-2,2011-05-29 18:00:00,9.57,12044,India,True,False,True,-19.14,0.0,19.14,300468,2011,2011-05,Sunday,6,18,True
C300468,P110,Gift Wrap,-4,2011-05-29 18:00:00,2.51,12044,Spain,True,False,True,-10.04,0.0,10.04,300468,2011,2011-05,Sunday,6,18,True
C300468,P107,Photo Frame,-2,2011-05-29 18:00:00,9.08,12044,India,True,False,True,-18.16,0.0,18.16,300468,2011,2011-05,Sunday,6,18,True
C300471,P109,Desk Organizer,-2,2011-06-29 11:00:00,10.11,12342,Australia,True,False,True,-20.22,0.0,20.22,300471,2011,2011-06,Wednesday,2,11,True
C300471,P111,Serving Bowl,-165,2011-06-29 11:00:00,14.26,12342,France,True,False,True,-2352.9,0.0,2352.9,300471,2011,2011-06,Wednesday,2,11,True
C300471,P108,Tea Set,-2,2011-06-29 11:00:00,18.01,12342,Spain,True,False,True,-36.02,0.0,36.02,300471,2011,2011-06,Wednesday,2,11,True
C300474,P106,Glass Jar,-3,2011-08-27 17:00:00,5.87,12277,Germany,True,False,True,-17.61,0.0,17.61,300474,2011,2011-08,Saturday,5,17,True
C300474,P103,Wall Clock,-3,2011-08-27 17:00:00,11.4,12277,Australia,True,False,True,-34.2,0.0,34.2,300474,2011,2011-08,Saturday,5,17,True
C300474,P107,Photo Frame,-2,2011-08-27 17:00:00,8.39,12277,United Kingdom,True,False,True,-16.78,0.0,16.78,300474,2011,2011-08,Saturday,5,17,True
C300477,P102,Notebook,-3,2011-11-01 14:00:00,4.07,12019,Netherlands,True,False,True,-12.21,0.0,12.21,300477,2011,2011-11,Tuesday,1,14,True
100263,P102,Notebook,-1,2011-05-31 10:00:00,3.73,12397,Netherlands,False,True,False,-3.73,0.0,3.73,100263,2011,2011-05,Tuesday,1,10,True
100715,P102,Notebook,-1,2011-01-20 18:00:00,4.03,12500,Spain,False,True,False,-4.03,0.0,4.03,100715,2011,2011-01,Thursday,3,18,True
102225,P108,Tea Set,-3,2011-08-03 11:00:00,18.29,12553,United Kingdom,False,True,False,-54.87,0.0,54.87,102225,2011,2011-08,Wednesday,2,11,True
102216,P109,Desk Organizer,-1,2011-06-08 16:00:00,9.97,12377,United Kingdom,False,True,False,-9.97,0.0,9.97,102216,2011,2011-06,Wednesday,2,16,True
100910,P106,Glass Jar,-1,2011-09-08 12:00:00,5.11,12328,India,False,True,False,-5.11,0.0,5.11,100910,2011,2011-09,Thursday,3,12,True
101310,P105,Tote Bag,-1,2011-04-09 17:00:00,6.84,12556,United Kingdom,False,True,False,-6.84,0.0,6.84,101310,2011,2011-04,Saturday,5,17,True
100884,P101,Ceramic Mug,-1,2011-06-09 10:00:00,8.0,12001,France,False,True,False,-8.0,0.0,8.0,100884,2011,2011-06,Thursday,3,10,True
100775,P101,Ceramic Mug,-7,2010-12-13 08:00:00,8.06,12073,Australia,False,True,False,-56.42,0.0,56.42,100775,2010,2010-12,Monday,0,8,True
100883,P111,Serving Bowl,-1,2011-02-23 15:00:00,14.14,12050,Australia,False,True,False,-14.14,0.0,14.14,100883,2011,2011-02,Wednesday,2,15,True
101380,P107,Photo Frame,-1,2011-08-20 11:00:00,8.62,12449,United Kingdom,False,True,False,-8.62,0.0,8.62,101380,2011,2011-08,Saturday,5,11,True
102208,P108,Tea Set,-1,2011-11-05 14:00:00,19.0,12103,Germany,False,True,False,-19.0,0.0,19.0,102208,2011,2011-11,Saturday,5,14,True
102011,P110,Gift Wrap,-1,2011-02-11 16:00:00,2.6,12047,Australia,False,True,False,-2.6,0.0,2.6,102011,2011,2011-02,Friday,4,16,True
101073,P105,Tote Bag,-48,2011-03-04 13:00:00,5.94,12046,United Kingdom,False,True,False,-285.12,0.0,285.12,101073,2011,2011-03,Friday,4,13,True
101203,P111,Serving Bowl,-1,2011-04-07 14:00:00,13.74,12061,India,False,True,False,-13.74,0.0,13.74,101203,2011,2011-04,Thursday,3,14,True
102401,P106,Glass Jar,-2,2011-11-06 16:00:00,5.61,12622,Netherlands,False,True,False,-11.22,0.0,11.22,102401,2011,2011-11,Sunday,6,16,True
101928,P107,Photo Frame,-1,2011-03-26 13:00:00,7.44,12052,United Kingdom,False,True,False,-7.44,0.0,7.44,101928,2011,2011-03,Saturday,5,13,True
100293,P103,Wall Clock,-1,2011-08-24 13:00:00,12.34,12528,Australia,False,True,False,-12.34,0.0,12.34,100293,2011,2011-08,Wednesday,2,13,True
101383,P109,Desk Organizer,-1,2011-09-10 19:00:00,11.28,12111,United Kingdom,False,True,False,-11.28,0.0,11.28,101383,2011,2011-09,Saturday,5,19,True
102405,P107,Photo Frame,-3,2010-12-07 17:00:00,7.88,12410,Spain,False,True,False,-23.64,0.0,23.64,102405,2010,2010-12,Tuesday,1,17,True
100442,P111,Serving Bowl,-1,2011-10-22 10:00:00,13.37,12583,Germany,False,True,False,-13.37,0.0,13.37,100442,2011,2011-10,Saturday,5,10,True
101262,P105,Tote Bag,-1,2011-03-25 15:00:00,7.22,12614,India,False,True,False,-7.22,0.0,7.22,101262,2011,2011-03,Friday,4,15,True
100949,P106,Glass Jar,-3,2011-01-16 10:00:00,5.98,12351,United Kingdom,False,True,False,-17.94,0.0,17.94,100949,2011,2011-01,Sunday,6,10,True
100964,P105,Tote Bag,-3,2011-03-25 13:00:00,6.25,12029,Australia,False,True,False,-18.75,0.0,18.75,100964,2011,2011-03,Friday,4,13,True
102491,P104,Candle Set,-1,2011-09-14 16:00:00,9.93,12075,Germany,False,True,False,-9.93,0.0,9.93,102491,2011,2011-09,Wednesday,2,16,True
100734,P103,Wall Clock,-1,2011-02-08 16:00:00,13.29,12004,Australia,False,True,False,-13.29,0.0,13.29,100734,2011,2011-02,Tuesday,1,16,True
101480,P100,Gift Box,-1,2011-05-01 18:00:00,4.19,12064,Australia,False,True,False,-4.19,0.0,4.19,101480,2011,2011-05,Sunday,6,18,True
102255,P105,Tote Bag,-2,2011-05-27 12:00:00,6.34,12032,United Kingdom,False,True,False,-12.68,0.0,12.68,102255,2011,2011-05,Friday,4,12,True
101013,P103,Wall Clock,-2,2011-08-30 19:00:00,13.27,12012,France,False,True,False,-26.54,0.0,26.54,101013,2011,2011-08,Tuesday,1,19,True
102403,P101,Ceramic Mug,-1,2011-01-04 15:00:00,7.79,12477,India,False,True,False,-7.79,0.0,7.79,102403,2011,2011-01,Tuesday,1,15,True
100461,P109,Desk Organizer,-54,2011-11-08 16:00:00,12.04,12066,Spain,False,True,False,-650.16,0.0,650.16,100461,2011,2011-11,Tuesday,1,16,True
102047,P109,Desk Organizer,-1,2011-01-14 12:00:00,11.16,12644,Netherlands,False,True,False,-11.16,0.0,11.16,102047,2011,2011-01,Friday,4,12,True
100549,P105,Tote Bag,-4,2011-12-05 15:00:00,6.32,12010,India,False,True,False,-25.28,0.0,25.28,100549,2011,2011-12,Monday,0,15,True
100831,P111,Serving Bowl,-1,2011-03-03 14:00:00,16.38,12000,Germany,False,True,False,-16.38,0.0,16.38,100831,2011,2011-03,Thursday,3,14,True
101209,P103,Wall Clock,-1,2011-04-06 08:00:00,14.23,12630,France,False,True,False,-14.23,0.0,14.23,101209,2011,2011-04,Wednesday,2,8,True
102357,P108,Tea Set,-2,2011-05-24 17:00:00,18.35,12241,India,False,True,False,-36.7,0.0,36.7,102357,2011,2011-05,Tuesday,1,17,True
100704,P107,Photo Frame,-1,2011-04-16 13:00:00,8.24,12568,Netherlands,False,True,False,-8.24,0.0,8.24,100704,2011,2011-04,Saturday,5,13,True
101692,P100,Gift Box,-2,2011-08-20 17:00:00,5.11,12245,Spain,False,True,False,-10.22,0.0,10.22,101692,2011,2011-08,Saturday,5,17,True
101652,P103,Wall Clock,-2,2011-04-07 11:00:00,12.17,12058,Netherlands,False,True,False,-24.34,0.0,24.34,101652,2011,2011-04,Thursday,3,11,True
101831,P108,Tea Set,-1,2011-06-08 19:00:00,19.1,12531,Netherlands,False,True,False,-19.1,0.0,19.1,101831,2011,2011-06,Wednesday,2,19,True
101933,P111,Serving Bowl,-1,2011-06-05 11:00:00,16.67,12689,India,False,True,False,-16.67,0.0,16.67,101933,2011,2011-06,Sunday,6,11,True
100084,P108,Tea Set,-1,2011-09-03 19:00:00,18.95,12075,Germany,False,True,False,-18.95,0.0,18.95,100084,2011,2011-09,Saturday,5,19,True
100008,P105,Tote Bag,-1,2011-09-10 11:00:00,6.39,12047,Netherlands,False,True,False,-6.39,0.0,6.39,100008,2011,2011-09,Saturday,5,11,True
102391,P100,Gift Box,-2,2011-02-23 19:00:00,4.76,12228,Germany,False,True,False,-9.52,0.0,9.52,102391,2011,2011-02,Wednesday,2,19,True
100096,P100,Gift Box,-1,2011-05-10 10:00:00,4.19,12333,United Kingdom,False,True,False,-4.19,0.0,4.19,100096,2011,2011-05,Tuesday,1,10,True
100501,P100,Gift Box,-1,2011-01-07 13:00:00,4.33,12064,United Kingdom,False,True,False,-4.33,0.0,4.33,100501,2011,2011-01,Friday,4,13,True
101558,P100,Gift Box,-44,2011-06-07 18:00:00,4.86,12341,India,False,True,False,-213.84,0.0,213.84,101558,2011,2011-06,Tuesday,1,18,True
101725,P110,Gift Wrap,-10,2011-08-26 17:00:00,2.68,12058,Germany,False,True,False,-26.8,0.0,26.8,101725,2011,2011-08,Friday,4,17,True
100053,P106,Glass Jar,-3,2011-06-16 10:00:00,6.32,12457,Spain,False,True,False,-18.96,0.0,18.96,100053,2011,2011-06,Thursday,3,10,True
100587,P104,Candle Set,-1,2011-04-27 12:00:00,10.71,12387,Australia,False,True,False,-10.71,0.0,10.71,100587,2011,2011-04,Wednesday,2,12,True
101930,P108,Tea Set,-4,2010-12-30 15:00:00,18.65,12061,Spain,False,True,False,-74.6,0.0,74.6,101930,2010,2010-12,Thursday,3,15,True
101906,P106,Glass Jar,-10,2011-04-13 10:00:00,5.06,12104,Netherlands,False,True,False,-50.599999999999994,0.0,50.599999999999994,101906,2011,2011-04,Wednesday,2,10,True
100835,P109,Desk Organizer,-2,2011-03-12 13:00:00,10.01,12027,France,False,True,False,-20.02,0.0,20.02,100835,2011,2011-03,Saturday,5,13,True
102008,P101,Ceramic Mug,-3,2011-04-25 15:00:00,7.44,12566,United Kingdom,False,True,False,-22.32,0.0,22.32,102008,2011,2011-04,Monday,0,15,True
101354,P109,Desk Organizer,-4,2011-03-28 12:00:00,12.27,12032,India,False,True,False,-49.08,0.0,49.08,101354,2011,2011-03,Monday,0,12,True
101416,P105,Tote Bag,-5,2011-01-28 13:00:00,6.06,12498,Australia,False,True,False,-30.299999999999997,0.0,30.299999999999997,101416,2011,2011-01,Friday,4,13,True
101406,P102,Notebook,-1,2011-02-14 10:00:00,3.63,12036,India,False,True,False,-3.63,0.0,3.63,101406,2011,2011-02,Monday,0,10,True
101126,P108,Tea Set,-1,2011-05-05 19:00:00,18.3,12007,Spain,False,True,False,-18.3,0.0,18.3,101126,2011,2011-05,Thursday,3,19,True
101213,P110,Gift Wrap,-1,2011-09-05 17:00:00,2.57,12329,Australia,False,True,False,-2.57,0.0,2.57,101213,2011,2011-09,Monday,0,17,True
100787,P104,Candle Set,-4,2011-03-06 10:00:00,9.02,12414,India,False,True,False,-36.08,0.0,36.08,100787,2011,2011-03,Sunday,6,10,True
102347,P106,Glass Jar,-1,2011-04-12 13:00:00,5.5,12398,Spain,False,True,False,-5.5,0.0,5.5,102347,2011,2011-04,Tuesday,1,13,True
102296,P110,Gift Wrap,-2,2011-10-13 11:00:00,2.17,12466,Germany,False,True,False,-4.34,0.0,4.34,102296,2011,2011-10,Thursday,3,11,True
100615,P110,Gift Wrap,-8,2011-08-09 14:00:00,2.43,12525,Netherlands,False,True,False,-19.44,0.0,19.44,100615,2011,2011-08,Tuesday,1,14,True
101274,P105,Tote Bag,-1,2011-02-22 16:00:00,7.44,12620,Australia,False,True,False,-7.44,0.0,7.44,101274,2011,2011-02,Tuesday,1,16,True
101463,P103,Wall Clock,-1,2011-10-03 10:00:00,13.52,12167,United Kingdom,False,True,False,-13.52,0.0,13.52,101463,2011,2011-10,Monday,0,10,True
101771,P105,Tote Bag,-2,2011-07-07 18:00:00,7.44,12565,India,False,True,False,-14.88,0.0,14.88,101771,2011,2011-07,Thursday,3,18,True
100279,P101,Ceramic Mug,-2,2011-11-25 16:00:00,6.49,12172,France,False,True,False,-12.98,0.0,12.98,100279,2011,2011-11,Friday,4,16,True
100108,P108,Tea Set,-3,2011-03-01 09:00:00,20.45,12666,Netherlands,False,True,False,-61.349999999999994,0.0,61.349999999999994,100108,2011,2011-03,Tuesday,1,9,True
101142,P108,Tea Set,-1,2011-08-28 08:00:00,16.45,12498,Netherlands,False,True,False,-16.45,0.0,16.45,101142,2011,2011-08,Sunday,6,8,True
100472,P106,Glass Jar,-1,2011-05-30 08:00:00,6.31,12084,Germany,False,True,False,-6.31,0.0,6.31,100472,2011,2011-05,Monday,0,8,True
100194,P111,Serving Bowl,-1,2011-10-15 08:00:00,14.57,12065,Australia,False,True,False,-14.57,0.0,14.57,100194,2011,2011-10,Saturday,5,8,True
100133,P108,Tea Set,-1,2011-11-26 18:00:00,17.48,12499,India,False,True,False,-17.48,0.0,17.48,100133,2011,2011-11,Saturday,5,18,True
101197,P100,Gift Box,-1,2011-07-08 10:00:00,4.84,12055,Netherlands,False,True,False,-4.84,0.0,4.84,101197,2011,2011-07,Friday,4,10,True
101937,P109,Desk Organizer,-5,2011-08-14 14:00:00,10.73,12395,United Kingdom,False,True,False,-53.650000000000006,0.0,53.650000000000006,101937,2011,2011-08,Sunday,6,14,True
100124,P111,Serving Bowl,-1,2011-04-19 15:00:00,14.51,12283,United Kingdom,False,True,False,-14.51,0.0,14.51,100124,2011,2011-04,Tuesday,1,15,True
102451,P104,Candle Set,-2,2011-07-03 09:00:00,10.3,12053,United Kingdom,False,True,False,-20.6,0.0,20.6,102451,2011,2011-07,Sunday,6,9,True
100198,P111,Serving Bowl,-1,2011-11-18 11:00:00,15.56,12075,Australia,False,True,False,-15.56,0.0,15.56,100198,2011,2011-11,Friday,4,11,True
100087,P110,Gift Wrap,-1,2011-01-30 12:00:00,2.23,12157,Netherlands,False,True,False,-2.23,0.0,2.23,100087,2011,2011-01,Sunday,6,12,True
100569,P110,Gift Wrap,-1,2011-01-09 18:00:00,2.73,12039,Germany,False,True,False,-2.73,0.0,2.73,100569,2011,2011-01,Sunday,6,18,True
101160,P102,Notebook,-1,2011-05-28 08:00:00,3.67,12060,Spain,False,True,False,-3.67,0.0,3.67,101160,2011,2011-05,Saturday,5,8,True
101234,P109,Desk Organizer,-1,2011-12-11 18:00:00,11.85,12437,Spain,False,True,False,-11.85,0.0,11.85,101234,2011,2011-12,Sunday,6,18,True
102448,P104,Candle Set,-3,2011-03-17 13:00:00,10.4,12379,Germany,False,True,False,-31.200000000000003,0.0,31.200000000000003,102448,2011,2011-03,Thursday,3,13,True
100251,P102,Notebook,-1,2011-06-29 19:00:00,3.69,12370,India,False,True,False,-3.69,0.0,3.69,100251,2011,2011-06,Wednesday,2,19,True
100507,P103,Wall Clock,-4,2011-01-22 16:00:00,12.08,12686,Germany,False,True,False,-48.32,0.0,48.32,100507,2011,2011-01,Saturday,5,16,True
101252,P109,Desk Organizer,-2,2011-01-17 09:00:00,11.93,12170,France,False,True,False,-23.86,0.0,23.86,101252,2011,2011-01,Monday,0,9,True
101326,P103,Wall Clock,-2,2011-04-22 15:00:00,14.19,12059,India,False,True,False,-28.38,0.0,28.38,101326,2011,2011-04,Friday,4,15,True
101715,P104,Candle Set,-1,2011-01-11 15:00:00,10.35,12235,Spain,False,True,False,-10.35,0.0,10.35,101715,2011,2011-01,Tuesday,1,15,True
102284,P110,Gift Wrap,-3,2011-02-23 19:00:00,2.55,12688,Spain,False,True,False,-7.6499999999999995,0.0,7.6499999999999995,102284,2011,2011-02,Wednesday,2,19,True
100653,P103,Wall Clock,-2,2011-06-12 10:00:00,13.29,12675,Netherlands,False,True,False,-26.58,0.0,26.58,100653,2011,2011-06,Sunday,6,10,True
100333,P107,Photo Frame,-2,2011-03-04 11:00:00,8.19,12510,Netherlands,False,True,False,-16.38,0.0,16.38,100333,2011,2011-03,Friday,4,11,True
101854,P100,Gift Box,-1,2010-12-28 17:00:00,4.28,12049,India,False,True,False,-4.28,0.0,4.28,101854,2010,2010-12,Tuesday,1,17,True
102034,P105,Tote Bag,-2,2011-01-01 10:00:00,6.97,12213,Spain,False,True,False,-13.94,0.0,13.94,102034,2011,2011-01,Saturday,5,10,True
101209,P111,Serving Bowl,-1,2011-04-06 08:00:00,14.28,12630,France,False,True,False,-14.28,0.0,14.28,101209,2011,2011-04,Wednesday,2,8,True
101144,P100,Gift Box,-4,2011-12-10 13:00:00,4.22,12073,Spain,False,True,False,-16.88,0.0,16.88,101144,2011,2011-12,Saturday,5,13,True
100701,P110,Gift Wrap,-1,2011-04-30 18:00:00,2.65,12027,India,False,True,False,-2.65,0.0,2.65,100701,2011,2011-04,Saturday,5,18,True
100626,P102,Notebook,-2,2011-05-15 08:00:00,3.54,12567,United Kingdom,False,True,False,-7.08,0.0,7.08,100626,2011,2011-05,Sunday,6,8,True
102080,P103,Wall Clock,-1,2011-11-20 15:00:00,12.93,12645,India,False,True,False,-12.93,0.0,12.93,102080,2011,2011-11,Sunday,6,15,True
101842,P100,Gift Box,-1,2011-02-24 11:00:00,4.79,12696,Australia,False,True,False,-4.79,0.0,4.79,101842,2011,2011-02,Thursday,3,11,True
101138,P104,Candle Set,-1,2011-03-04 18:00:00,11.09,12557,Australia,False,True,False,-11.09,0.0,11.09,101138,2011,2011-03,Friday,4,18,True
100756,P105,Tote Bag,-1,2011-07-19 14:00:00,6.92,12035,Spain,False,True,False,-6.92,0.0,6.92,100756,2011,2011-07,Tuesday,1,14,True
100420,P106,Glass Jar,-1,2011-03-14 12:00:00,5.68,12537,United Kingdom,False,True,False,-5.68,0.0,5.68,100420,2011,2011-03,Monday,0,12,True
101252,P102,Notebook,-1,2011-01-29 09:00:00,3.77,12170,Australia,False,True,False,-3.77,0.0,3.77,101252,2011,2011-01,Saturday,5,9,True
100614,P102,Notebook,-4,2011-11-16 16:00:00,3.57,12375,United Kingdom,False,True,False,-14.28,0.0,14.28,100614,2011,2011-11,Wednesday,2,16,True
101336,P102,Notebook,-1,2011-09-25 13:00:00,4.18,12102,India,False,True,False,-4.18,0.0,4.18,101336,2011,2011-09,Sunday,6,13,True
100143,P108,Tea Set,-1,2011-03-14 19:00:00,17.33,12611,Australia,False,True,False,-17.33,0.0,17.33,100143,2011,2011-03,Monday,0,19,True
101217,P105,Tote Bag,-1,2011-11-19 14:00:00,6.55,12452,Australia,False,True,False,-6.55,0.0,6.55,101217,2011,2011-11,Saturday,5,14,True
100064,P107,Photo Frame,-1,2011-02-07 10:00:00,9.01,12319,Germany,False,True,False,-9.01,0.0,9.01,100064,2011,2011-02,Monday,0,10,True
100032,P108,Tea Set,-1,2011-10-26 16:00:00,18.47,12013,Spain,False,True,False,-18.47,0.0,18.47,100032,2011,2011-10,Wednesday,2,16,True
101564,P104,Candle Set,-5,2011-09-16 13:00:00,9.27,12573,United Kingdom,False,True,False,-46.349999999999994,0.0,46.349999999999994,101564,2011,2011-09,Friday,4,13,True
100560,P103,Wall Clock,-3,2011-09-29 15:00:00,11.32,12324,Australia,False,True,False,-33.96,0.0,33.96,100560,2011,2011-09,Thursday,3,15,True
101711,P110,Gift Wrap,-1,2010-12-26 19:00:00,2.56,12502,Australia,False,True,False,-2.56,0.0,2.56,101711,2010,2010-12,Sunday,6,19,True
102023,P106,Glass Jar,-1,2011-09-14 18:00:00,5.74,12368,France,False,True,False,-5.74,0.0,5.74,102023,2011,2011-09,Wednesday,2,18,True
100135,P109,Desk Organizer,-9,2011-01-03 17:00:00,9.97,12087,Spain,False,True,False,-89.73,0.0,89.73,100135,2011,2011-01,Monday,0,17,True
100223,P106,Glass Jar,-6,2011-10-22 09:00:00,4.98,12149,France,False,True,False,-29.880000000000003,0.0,29.880000000000003,100223,2011,2011-10,Saturday,5,9,True
100358,P109,Desk Organizer,-1,2011-08-05 19:00:00,10.05,12050,Spain,False,True,False,-10.05,0.0,10.05,100358,2011,2011-08,Friday,4,19,True
101136,P108,Tea Set,-4,2011-08-16 13:00:00,18.33,12526,Netherlands,False,True,False,-73.32,0.0,73.32,101136,2011,2011-08,Tuesday,1,13,True
101299,P105,Tote Bag,-2,2011-06-04 15:00:00,7.36,12029,India,False,True,False,-14.72,0.0,14.72,101299,2011,2011-06,Saturday,5,15,True
100156,P105,Tote Bag,-2,2011-08-09 12:00:00,7.17,12025,United Kingdom,False,True,False,-14.34,0.0,14.34,100156,2011,2011-08,Tuesday,1,12,True
100130,P103,Wall Clock,-1,2011-06-22 17:00:00,11.36,12613,United Kingdom,False,True,False,-11.36,0.0,11.36,100130,2011,2011-06,Wednesday,2,17,True
101393,P108,Tea Set,-3,2011-04-13 17:00:00,19.02,12037,India,False,True,False,-57.06,0.0,57.06,101393,2011,2011-04,Wednesday,2,17,True
100501,P102,Notebook,-8,2011-01-03 13:00:00,3.9,12064,United Kingdom,False,True,False,-31.2,0.0,31.2,100501,2011,2011-01,Monday,0,13,True
101398,P107,Photo Frame,-1,2011-10-02 09:00:00,8.46,12432,Germany,False,True,False,-8.46,0.0,8.46,101398,2011,2011-10,Sunday,6,9,True
102337,P104,Candle Set,-1,2011-10-23 12:00:00,10.81,12313,India,False,True,False,-10.81,0.0,10.81,102337,2011,2011-10,Sunday,6,12,True
100648,P105,Tote Bag,-1,2011-09-19 18:00:00,6.33,12683,Netherlands,False,True,False,-6.33,0.0,6.33,100648,2011,2011-09,Monday,0,18,True
101770,P102,Notebook,-2,2011-11-12 11:00:00,4.08,12016,Spain,False,True,False,-8.16,0.0,8.16,101770,2011,2011-11,Saturday,5,11,True
101119,P109,Desk Organizer,-1,2011-01-17 10:00:00,10.82,12580,India,False,True,False,-10.82,0.0,10.82,101119,2011,2011-01,Monday,0,10,True
101302,P102,Notebook,-1,2011-11-29 15:00:00,4.1,12573,Australia,False,True,False,-4.1,0.0,4.1,101302,2011,2011-11,Tuesday,1,15,True
101967,P106,Glass Jar,-1,2011-05-02 16:00:00,5.1,12108,Netherlands,False,True,False,-5.1,0.0,5.1,101967,2011,2011-05,Monday,0,16,True
100444,P109,Desk Organizer,-1,2011-11-02 14:00:00,11.3,12380,Netherlands,False,True,False,-11.3,0.0,11.3,100444,2011,2011-11,Wednesday,2,14,True
101252,P103,Wall Clock,-7,2011-01-30 09:00:00,14.23,12170,Netherlands,False,True,False,-99.61,0.0,99.61,101252,2011,2011-01,Sunday,6,9,True
100492,P104,Candle Set,-3,2011-03-04 12:00:00,11.08,12004,United Kingdom,False,True,False,-33.24,0.0,33.24,100492,2011,2011-03,Friday,4,12,True
101618,P110,Gift Wrap,-1,2011-11-02 16:00:00,2.33,12029,Germany,False,True,False,-2.33,0.0,2.33,101618,2011,2011-11,Wednesday,2,16,True
100426,P109,Desk Organizer,-2,2011-01-08 11:00:00,11.97,12393,France,False,True,False,-23.94,0.0,23.94,100426,2011,2011-01,Saturday,5,11,True
101393,P109,Desk Organizer,-1,2011-04-09 17:00:00,10.75,12037,United Kingdom,False,True,False,-10.75,0.0,10.75,101393,2011,2011-04,Saturday,5,17,True
102465,P100,Gift Box,-1,2011-02-03 14:00:00,4.22,12543,Spain,False,True,False,-4.22,0.0,4.22,102465,2011,2011-02,Thursday,3,14,True
100289,P109,Desk Organizer,-1,2011-05-30 14:00:00,10.36,12359,Australia,False,True,False,-10.36,0.0,10.36,100289,2011,2011-05,Monday,0,14,True
100489,P111,Serving Bowl,-1,2011-11-04 09:00:00,15.32,12064,Australia,False,True,False,-15.32,0.0,15.32,100489,2011,2011-11,Friday,4,9,True
100179,P105,Tote Bag,-1,2011-05-11 15:00:00,7.34,12322,Spain,False,True,False,-7.34,0.0,7.34,100179,2011,2011-05,Wednesday,2,15,True
101755,P102,Notebook,-2,2011-06-08 19:00:00,4.35,12589,Australia,False,True,False,-8.7,0.0,8.7,101755,2011,2011-06,Wednesday,2,19,True
100098,P107,Photo Frame,-5,2011-10-01 18:00:00,8.26,12024,Spain,False,True,False,-41.3,0.0,41.3,100098,2011,2011-10,Saturday,5,18,True
102439,P105,Tote Bag,-1,2011-09-17 13:00:00,6.52,12558,Spain,False,True,False,-6.52,0.0,6.52,102439,2011,2011-09,Saturday,5,13,True
102170,P111,Serving Bowl,-1,2011-04-30 17:00:00,13.63,12598,India,False,True,False,-13.63,0.0,13.63,102170,2011,2011-04,Saturday,5,17,True
101008,P106,Glass Jar,-1,2011-01-22 19:00:00,6.29,12502,United Kingdom,False,True,False,-6.29,0.0,6.29,101008,2011,2011-01,Saturday,5,19,True
102026,P105,Tote Bag,-1,2011-01-31 13:00:00,7.12,12455,Australia,False,True,False,-7.12,0.0,7.12,102026,2011,2011-01,Monday,0,13,True
100556,P111,Serving Bowl,-1,2011-04-20 12:00:00,13.3,12111,Australia,False,True,False,-13.3,0.0,13.3,100556,2011,2011-04,Wednesday,2,12,True
102050,P109,Desk Organizer,-1,2011-01-16 12:00:00,10.2,12578,India,False,True,False,-10.2,0.0,10.2,102050,2011,2011-01,Sunday,6,12,True
101973,P104,Candle Set,-1,2011-08-26 18:00:00,10.35,12024,France,False,True,False,-10.35,0.0,10.35,101973,2011,2011-08,Friday,4,18,True
101257,P104,Candle Set,-1,2011-01-12 13:00:00,11.0,12374,Australia,False,True,False,-11.0,0.0,11.0,101257,2011,2011-01,Wednesday,2,13,True
101550,P100,Gift Box,-1,2011-11-11 10:00:00,4.95,12028,Spain,False,True,False,-4.95,0.0,4.95,101550,2011,2011-11,Friday,4,10,True
101253,P110,Gift Wrap,-2,2011-06-29 09:00:00,2.25,12624,Spain,False,True,False,-4.5,0.0,4.5,101253,2011,2011-06,Wednesday,2,9,True
100035,P111,Serving Bowl,-1,2011-05-07 09:00:00,14.6,12205,India,False,True,False,-14.6,0.0,14.6,100035,2011,2011-05,Saturday,5,9,True
100911,P102,Notebook,-1,2011-09-10 12:00:00,4.28,12418,United Kingdom,False,True,False,-4.28,0.0,4.28,100911,2011,2011-09,Saturday,5,12,True
101241,P105,Tote Bag,-1,2011-08-03 10:00:00,6.78,12309,India,False,True,False,-6.78,0.0,6.78,101241,2011,2011-08,Wednesday,2,10,True
101169,P100,Gift Box,-7,2011-09-15 15:00:00,4.84,12025,France,False,True,False,-33.879999999999995,0.0,33.879999999999995,101169,2011,2011-09,Thursday,3,15,True
102136,P102,Notebook,-5,2011-11-17 12:00:00,4.18,12059,India,False,True,False,-20.9,0.0,20.9,102136,2011,2011-11,Thursday,3,12,True
101664,P107,Photo Frame,-2,2011-04-01 09:00:00,8.81,12032,India,False,True,False,-17.62,0.0,17.62,101664,2011,2011-04,Friday,4,9,True
100907,P102,Notebook,-3,2011-09-23 16:00:00,4.04,12189,France,False,True,False,-12.120000000000001,0.0,12.120000000000001,100907,2011,2011-09,Friday,4,16,True
100095,P100,Gift Box,-1,2011-10-16 13:00:00,4.25,12201,India,False,True,False,-4.25,0.0,4.25,100095,2011,2011-10,Sunday,6,13,True
